date,name,Total,Domestic,International,Total_OS
2010-01-01,Albania,,,,117.35
2010-02-01,Albania,,,,86.535
2010-03-01,Albania,,,,103.795
2010-04-01,Albania,,,,102.038
2010-05-01,Albania,,,,109.037
2010-06-01,Albania,,,,126.159
2010-07-01,Albania,,,,181.095
2010-08-01,Albania,,,,226.824
2010-09-01,Albania,,,,148.392
2010-10-01,Albania,,,,110.346
2010-11-01,Albania,,,,93.342
2010-12-01,Albania,,,,131.909
2011-01-01,Albania,,,,135.743
2011-02-01,Albania,,,,101.417
2011-03-01,Albania,,,,128.551
2011-04-01,Albania,,,,141.269
2011-05-01,Albania,,,,136.785
2011-06-01,Albania,,,,150.219
2011-07-01,Albania,,,,199.495
2011-08-01,Albania,,,,234.296
2011-09-01,Albania,,,,174.046
2011-10-01,Albania,,,,142.567
2011-11-01,Albania,,,,124.214
2011-12-01,Albania,,,,148.471
2012-01-01,Albania,,,,144.599
2012-02-01,Albania,,,,97.871
2012-03-01,Albania,,,,118.722
2012-04-01,Albania,,,,127.083
2012-05-01,Albania,,,,122.242
2012-06-01,Albania,,,,137.492
2012-07-01,Albania,,,,174.767
2012-08-01,Albania,,,,200.973
2012-09-01,Albania,,,,153.348
2012-10-01,Albania,,,,130.603
2012-11-01,Albania,,,,121.274
2012-12-01,Albania,,,,136.357
2013-01-01,Albania,,,,126.844
2013-02-01,Albania,,,,101.829
2013-03-01,Albania,,,,128.941
2013-04-01,Albania,,,,125.627
2013-05-01,Albania,,,,133.094
2013-06-01,Albania,,,,150.111
2013-07-01,Albania,,,,190.259
2013-08-01,Albania,,,,216.834
2013-09-01,Albania,,,,172.452
2013-10-01,Albania,,,,147.855
2013-11-01,Albania,,,,120.15
2013-12-01,Albania,,,,143.346
2014-01-01,Albania,,,,143.816
2014-02-01,Albania,,,,109.584
2014-03-01,Albania,,,,132.521
2014-04-01,Albania,,,,137.687
2014-05-01,Albania,,,,141.343
2014-06-01,Albania,,,,153.692
2014-07-01,Albania,,,,186.278
2014-08-01,Albania,,,,212.567
2014-09-01,Albania,,,,173.358
2014-10-01,Albania,,,,150.81
2014-11-01,Albania,,,,127.68
2014-12-01,Albania,,,,140.969
2015-01-01,Albania,,,,135.863
2015-02-01,Albania,,,,111.018
2015-03-01,Albania,,,,138.878
2015-04-01,Albania,,,,150.029
2015-05-01,Albania,,,,157.779
2015-06-01,Albania,,,,173.449
2015-07-01,Albania,,,,213.546
2015-08-01,Albania,,,,237.808
2015-09-01,Albania,,,,193.7
2015-10-01,Albania,,,,167.372
2015-11-01,Albania,,,,140.165
2015-12-01,Albania,,,,157.437
2016-01-01,Albania,,,,149.063
2016-02-01,Albania,,,,127.095
2016-03-01,Albania,,,,147.463
2016-04-01,Albania,,,,148.33
2016-05-01,Albania,,,,162.017
2016-06-01,Albania,,,,181.574
2016-07-01,Albania,,,,223.442
2016-08-01,Albania,,,,258.959
2016-09-01,Albania,,,,214.726
2016-10-01,Albania,,,,200.303
2016-11-01,Albania,,,,175.763
2016-12-01,Albania,,,,206.365
2017-01-01,Albania,,,,191.759
2017-02-01,Albania,,,,140.368
2017-03-01,Albania,,,,175.914
2017-04-01,Albania,,,,189.763
2017-05-01,Albania,,,,192.938
2017-06-01,Albania,,,,229.584
2017-07-01,Albania,,,,293.064
2017-08-01,Albania,,,,328.317
2017-09-01,Albania,,,,267.104
2017-10-01,Albania,,,,216.022
2017-11-01,Albania,,,,186.164
2017-12-01,Albania,,,,219.341
2014-01-01,United Arab Emirates,,,,8769.155
2014-02-01,United Arab Emirates,,,,7778.523
2014-03-01,United Arab Emirates,,,,8629.734
2014-04-01,United Arab Emirates,,,,8541.271
2014-05-01,United Arab Emirates,,,,7647.589
2014-06-01,United Arab Emirates,,,,7648.147
2014-07-01,United Arab Emirates,,,,7653.026
2014-08-01,United Arab Emirates,,,,9409.965
2014-09-01,United Arab Emirates,,,,8411.89
2014-10-01,United Arab Emirates,,,,8440.697
2014-11-01,United Arab Emirates,,,,7797.602
2014-12-01,United Arab Emirates,,,,9129.764
2015-01-01,United Arab Emirates,,,,9619.214
2015-02-01,United Arab Emirates,,,,8420.037
2015-03-01,United Arab Emirates,,,,9481.487
2015-04-01,United Arab Emirates,,,,9190.248
2015-05-01,United Arab Emirates,,,,8955.788
2015-06-01,United Arab Emirates,,,,8538.044
2015-07-01,United Arab Emirates,,,,9620.921
2015-08-01,United Arab Emirates,,,,10465.962
2015-09-01,United Arab Emirates,,,,9324.008
2015-10-01,United Arab Emirates,,,,9031.53
2015-11-01,United Arab Emirates,,,,8613.162
2015-12-01,United Arab Emirates,,,,10081.008
2016-01-01,United Arab Emirates,,,,10411.417
2016-02-01,United Arab Emirates,,,,9078.376
2016-03-01,United Arab Emirates,,,,10190.089
2016-04-01,United Arab Emirates,,,,9854.315
2016-05-01,United Arab Emirates,,,,9628.362
2016-06-01,United Arab Emirates,,,,8540.116
2016-07-01,United Arab Emirates,,,,10843.967
2016-08-01,United Arab Emirates,,,,11075.807
2016-09-01,United Arab Emirates,,,,10195.658
2016-10-01,United Arab Emirates,,,,9197.659
2016-11-01,United Arab Emirates,,,,9324.073
2016-12-01,United Arab Emirates,,,,10843.978
2017-01-01,United Arab Emirates,,,,11216.156
2017-02-01,United Arab Emirates,,,,9686.152
2017-03-01,United Arab Emirates,,,,10488.111
2017-04-01,United Arab Emirates,,,,10660.273
2017-05-01,United Arab Emirates,,,,9741.994
2017-06-01,United Arab Emirates,,,,8683.602
2017-07-01,United Arab Emirates,,,,11242.519
2017-08-01,United Arab Emirates,,,,11502.817
2017-09-01,United Arab Emirates,,,,10055.124
2017-10-01,United Arab Emirates,,,,9438.491
2017-11-01,United Arab Emirates,,,,7857.422
2017-12-01,United Arab Emirates,,,,8835.494
2017-01-01,Argentina,,,,3386.517
2017-02-01,Argentina,,,,3065.808
2017-03-01,Argentina,,,,3129.119
2017-04-01,Argentina,,,,2797.697
2017-05-01,Argentina,,,,2768.468
2017-06-01,Argentina,,,,2573.685
2011-01-01,Armenia,,,,108.9950397
2011-03-01,Armenia,,,,97.306
2011-04-01,Armenia,,,,112.474
2011-05-01,Armenia,,,,122.956
2011-06-01,Armenia,,,,143.098
2011-07-01,Armenia,,,,182.039
2011-08-01,Armenia,,,,198.969
2011-09-01,Armenia,,,,155.375
2011-10-01,Armenia,,,,141.707
2011-11-01,Armenia,,,,123.086
2011-12-01,Armenia,,,,126.143
2012-01-01,Armenia,,,,109.867
2012-02-01,Armenia,,,,91.013
2012-03-01,Armenia,,,,102.01
2012-04-01,Armenia,,,,126.595
2012-05-01,Armenia,,,,133.009
2012-06-01,Armenia,,,,153.839
2012-07-01,Armenia,,,,186.649
2012-08-01,Armenia,,,,205.444
2012-09-01,Armenia,,,,162.852
2012-10-01,Armenia,,,,150.588
2012-11-01,Armenia,,,,129.786
2012-12-01,Armenia,,,,136.383
2013-01-01,Armenia,,,,112.382
2013-02-01,Armenia,,,,91.17
2013-03-01,Armenia,,,,102.915
2013-04-01,Armenia,,,,116.846
2013-05-01,Armenia,,,,125.114
2013-06-01,Armenia,,,,145.066
2013-07-01,Armenia,,,,179.581
2013-08-01,Armenia,,,,197.731
2013-09-01,Armenia,,,,169.613
2013-10-01,Armenia,,,,162.383
2013-11-01,Armenia,,,,135.59
2013-12-01,Armenia,,,,153.319
2014-01-01,Armenia,,,,128.986
2014-02-01,Armenia,,,,100.356
2014-03-01,Armenia,,,,121.958
2014-04-01,Armenia,,,,136.73
2014-05-01,Armenia,,,,171.431
2014-06-01,Armenia,,,,208.408
2014-07-01,Armenia,,,,242.098
2014-08-01,Armenia,,,,265.54
2014-09-01,Armenia,,,,197.602
2014-10-01,Armenia,,,,179.602
2014-11-01,Armenia,,,,144.096
2014-12-01,Armenia,,,,148.251
2015-01-01,Armenia,,,,131.916
2015-02-01,Armenia,,,,99.275
2015-03-01,Armenia,,,,117.288
2015-04-01,Armenia,,,,144.4
2015-05-01,Armenia,,,,158.292
2015-06-01,Armenia,,,,176.791
2015-07-01,Armenia,,,,212.999
2015-08-01,Armenia,,,,227.607
2015-09-01,Armenia,,,,171.659
2015-10-01,Armenia,,,,155.611
2015-11-01,Armenia,,,,130.707
2015-12-01,Armenia,,,,153.122
2016-01-01,Armenia,,,,137.303
2016-02-01,Armenia,,,,113.729
2016-03-01,Armenia,,,,133.666
2016-04-01,Armenia,,,,131.829
2016-05-01,Armenia,,,,147.319
2016-06-01,Armenia,,,,175.276
2016-07-01,Armenia,,,,227.41
2016-08-01,Armenia,,,,255.252
2016-09-01,Armenia,,,,220.716
2016-10-01,Armenia,,,,205.426
2016-11-01,Armenia,,,,168.596
2016-12-01,Armenia,,,,189.018
2017-01-01,Armenia,,,,168.741
2017-02-01,Armenia,,,,132.039
2017-03-01,Armenia,,,,165.512
2017-04-01,Armenia,,,,183.108
2017-05-01,Armenia,,,,198.182
2017-06-01,Armenia,,,,211.252
2017-07-01,Armenia,,,,270.751
2017-08-01,Armenia,,,,281.345
2017-09-01,Armenia,,,,245.364
2017-10-01,Armenia,,,,220.726
2017-11-01,Armenia,,,,178.748
2017-12-01,Armenia,,,,192.482
2010-01-01,Australia,6568.0,4085.0,2483.0,
2010-02-01,Australia,5941.0,3911.0,2030.0,
2010-03-01,Australia,6554.0,4408.0,2146.0,
2010-04-01,Australia,6415.0,4352.0,2063.0,
2010-05-01,Australia,6040.0,4153.0,1886.0,
2010-06-01,Australia,6254.0,4158.0,2096.0,
2010-07-01,Australia,7034.0,4633.0,2401.0,
2010-08-01,Australia,6733.0,4519.0,2214.0,
2010-09-01,Australia,6930.0,4613.0,2316.0,
2010-10-01,Australia,7205.0,4832.0,2373.0,
2010-11-01,Australia,6804.0,4598.0,2206.0,
2010-12-01,Australia,7269.0,4692.0,2577.0,
2011-01-01,Australia,7096.0,4387.0,2709.0,
2011-02-01,Australia,6043.0,3923.0,2120.0,
2011-03-01,Australia,6647.0,4535.0,2112.0,
2011-04-01,Australia,6810.0,4525.0,2285.0,
2011-05-01,Australia,6458.0,4378.0,2079.0,
2011-06-01,Australia,6250.0,4094.0,2156.0,
2011-07-01,Australia,7216.0,4684.0,2532.0,
2011-08-01,Australia,6859.0,4550.0,2309.0,
2011-09-01,Australia,6949.0,4547.0,2402.0,
2011-10-01,Australia,7168.0,4691.0,2476.0,
2011-11-01,Australia,6880.0,4577.0,2303.0,
2011-12-01,Australia,7226.0,4555.0,2671.0,
2012-01-01,Australia,7276.0,4472.0,2804.0,
2012-02-01,Australia,6342.0,4121.0,2221.0,
2012-03-01,Australia,6978.0,4653.0,2325.0,
2012-04-01,Australia,6908.0,4529.0,2379.0,
2012-05-01,Australia,6559.0,4460.0,2099.0,
2012-06-01,Australia,6716.0,4355.0,2361.0,
2012-07-01,Australia,7434.0,4838.0,2595.0,
2012-08-01,Australia,7172.0,4754.0,2419.0,
2012-09-01,Australia,7320.0,4787.0,2533.0,
2012-10-01,Australia,7613.0,5040.0,2573.0,
2012-11-01,Australia,7349.0,4898.0,2451.0,
2012-12-01,Australia,7595.0,4745.0,2850.0,
2013-01-01,Australia,7515.0,4628.0,2887.0,
2013-02-01,Australia,6442.0,4128.0,2313.0,
2013-03-01,Australia,7221.0,4724.0,2497.0,
2013-04-01,Australia,7179.0,4729.0,2450.0,
2013-05-01,Australia,6777.0,4503.0,2274.0,
2013-06-01,Australia,6903.0,4435.0,2468.0,
2013-07-01,Australia,7848.0,5052.0,2795.0,
2013-08-01,Australia,7490.0,4845.0,2644.0,
2013-09-01,Australia,7470.0,4789.0,2681.0,
2013-10-01,Australia,7889.0,5180.0,2710.0,
2013-11-01,Australia,7360.0,4806.0,2553.0,
2013-12-01,Australia,7997.0,4927.0,3071.0,
2014-01-01,Australia,7992.0,4790.0,3202.0,12600.04
2014-02-01,Australia,6697.0,4207.0,2490.0,10731.179
2014-03-01,Australia,7277.0,4745.0,2532.0,11823.253
2014-04-01,Australia,7467.0,4757.0,2710.0,12026.674
2014-05-01,Australia,6977.0,4529.0,2449.0,11312.633
2014-06-01,Australia,7033.0,4447.0,2585.0,11296.644
2014-07-01,Australia,7956.0,4998.0,2957.0,12768.295
2014-08-01,Australia,7540.0,4796.0,2744.0,12158.529
2014-09-01,Australia,7586.0,4805.0,2781.0,12210.658
2014-10-01,Australia,8093.0,5239.0,2855.0,13140.036
2014-11-01,Australia,7436.0,4767.0,2669.0,12001.636
2014-12-01,Australia,8046.0,4886.0,3160.0,12757.249
2015-01-01,Australia,7914.0,4631.0,3283.0,12385.241
2015-02-01,Australia,6835.0,4183.0,2652.0,10859.13
2015-03-01,Australia,7594.0,4792.0,2802.0,12200.75
2015-04-01,Australia,7469.0,4722.0,2747.0,12013.986
2015-05-01,Australia,7029.0,4502.0,2527.0,11354.829
2015-06-01,Australia,7121.0,4433.0,2689.0,11379.639
2015-07-01,Australia,8203.0,5113.0,3089.0,13129.639
2015-08-01,Australia,7638.0,4767.0,2871.0,12226.35
2015-09-01,Australia,7800.0,4867.0,2933.0,12483.423
2015-10-01,Australia,8181.0,5159.0,3022.0,13143.209
2015-11-01,Australia,7741.0,4918.0,2824.0,12457.305
2015-12-01,Australia,8456.0,5028.0,3428.0,13294.981
2016-01-01,Australia,8353.0,4793.0,3560.0,12974.713
2016-02-01,Australia,7376.0,4441.0,2936.0,11631.188
2016-03-01,Australia,7958.0,4949.0,3009.0,12704.455
2016-04-01,Australia,7773.0,4814.0,2959.0,12384.42
2016-05-01,Australia,7329.0,4638.0,2691.0,11764.387
2016-06-01,Australia,7485.0,4579.0,2906.0,11868.052
2016-07-01,Australia,8564.0,5156.0,3408.0,13516.474
2016-08-01,Australia,7920.0,4857.0,3063.0,12562.129
2016-09-01,Australia,8205.0,5029.0,3176.0,13025.711
2016-10-01,Australia,8436.0,5210.0,3226.0,13435.015
2016-11-01,Australia,8047.0,5022.0,3026.0,12851.41
2016-12-01,Australia,8766.0,5108.0,3658.0,13668.07
2017-01-01,Australia,8746.0,4944.0,3802.0,13495.49
2017-02-01,Australia,7298.0,4327.0,2971.0,11445.309
2017-03-01,Australia,8031.0,4971.0,3059.0,12787.257
2017-04-01,Australia,8215.0,4908.0,3308.0,12922.235
2017-05-01,Australia,7583.0,4712.0,2871.0,12080.063
2017-06-01,Australia,7755.0,4661.0,3094.0,12204.838
2017-07-01,Australia,8809.0,5269.0,3541.0,13861.121
2017-08-01,Australia,8197.0,4947.0,3250.0,12884.27
2017-09-01,Australia,8367.0,5036.0,3330.0,13190.219
2017-10-01,Australia,8754.0,5384.0,3370.0,13909.423
2017-11-01,Australia,8373.0,5181.0,3192.0,13325.637
2017-12-01,Australia,9037.0,5210.0,3827.0,14038.212
2018-01-01,Australia,8929.0,5044.0,3885.0,
2018-02-01,Australia,7692.0,4505.0,3188.0,
2018-03-01,Australia,8561.0,5190.0,3370.0,
2018-04-01,Australia,8402.0,5040.0,3362.0,
2018-05-01,Australia,7849.0,4823.0,3027.0,
2018-06-01,Australia,7953.0,4676.0,3277.0,
2018-07-01,Australia,9108.0,5397.0,3711.0,
2018-08-01,Australia,8613.0,5143.0,3469.0,
2018-09-01,Australia,8503.0,5040.0,3463.0,
2018-10-01,Australia,9000.0,5452.0,3548.0,
2018-11-01,Australia,8511.0,5186.0,3325.0,
2018-12-01,Australia,9052.0,5102.0,3951.0,
2010-01-01,Austria,1616.764,58.839,1557.925,1682.538
2010-02-01,Austria,1594.077,56.496,1537.581,1656.809
2010-03-01,Austria,1908.254,66.905,1841.349,1981.826
2010-04-01,Austria,1624.357,55.7,1568.657,1687.948
2010-05-01,Austria,2080.848,65.071,2015.777,2157.512
2010-06-01,Austria,2151.684,66.718,2084.966,2236.175
2010-07-01,Austria,2401.499,63.735,2337.764,2484.734
2010-08-01,Austria,2356.612,61.833,2294.779,2438.407
2010-09-01,Austria,2280.317,72.0,2208.317,2374.503
2010-10-01,Austria,2085.698,71.383,2014.315,2176.753
2010-11-01,Austria,1740.819,65.968,1674.851,1817.508
2010-12-01,Austria,1691.526,57.468,1634.058,1763.814
2011-01-01,Austria,1711.33,60.509,1650.821,1777.677
2011-02-01,Austria,1667.77,59.811,1607.959,1730.343
2011-03-01,Austria,1977.449,68.759,1908.69,2047.369
2011-04-01,Austria,2015.846,54.77,1961.076,2067.068
2011-05-01,Austria,2192.972,57.841,2135.131,2253.256
2011-06-01,Austria,2279.147,51.863,2227.284,2333.315
2011-07-01,Austria,2553.335,52.868,2500.467,2610.437
2011-08-01,Austria,2461.844,48.947,2412.897,2514.276
2011-09-01,Austria,2442.374,57.654,2384.72,2508.527
2011-10-01,Austria,2169.417,53.775,2115.642,2229.285
2011-11-01,Austria,1825.947,52.189,1773.758,1880.677
2011-12-01,Austria,1840.181,44.67,1795.511,1883.334
2012-01-01,Austria,1801.994,50.187,1751.807,1850.551
2012-02-01,Austria,1810.625,54.098,1756.527,1865.04
2012-03-01,Austria,2133.74,61.032,2072.708,2195.064
2012-04-01,Austria,2144.869,50.114,2094.755,2193.159
2012-05-01,Austria,2253.364,54.706,2198.658,2309.65
2012-06-01,Austria,2394.37,55.998,2338.372,2454.177
2012-07-01,Austria,2545.147,51.556,2493.591,2598.368
2012-08-01,Austria,2493.086,46.282,2446.804,2538.52
2012-09-01,Austria,2502.746,56.901,2445.845,2561.5
2012-10-01,Austria,2215.188,56.215,2158.973,2269.836
2012-11-01,Austria,1827.408,51.762,1775.646,1876.891
2012-12-01,Austria,1843.44,45.825,1797.615,1883.352
2013-01-01,Austria,1762.653,46.59,1716.063,1803.576
2013-02-01,Austria,1733.91,47.94,1685.97,1777.25
2013-03-01,Austria,2150.535,55.356,2095.179,2201.494
2013-04-01,Austria,2029.996,52.036,1977.96,2079.384
2013-05-01,Austria,2239.011,50.007,2189.004,2287.695
2013-06-01,Austria,2408.193,57.791,2350.402,2465.463
2013-07-01,Austria,2513.804,52.007,2461.797,2561.796
2013-08-01,Austria,2537.606,47.393,2490.213,2582.021
2013-09-01,Austria,2451.674,58.67,2393.004,2507.801
2013-10-01,Austria,2230.866,58.248,2172.618,2286.045
2013-11-01,Austria,1817.948,50.801,1767.147,1867.408
2013-12-01,Austria,1873.528,44.446,1829.082,1914.073
2014-01-01,Austria,1807.004,45.671,1761.333,1847.985
2014-02-01,Austria,1779.141,47.773,1731.368,1823.065
2014-03-01,Austria,2108.523,53.182,2055.341,2157.269
2014-04-01,Austria,2189.347,48.62,2140.727,2233.684
2014-05-01,Austria,2330.573,49.781,2280.792,2382.162
2014-06-01,Austria,2483.1,50.612,2432.488,2539.313
2014-07-01,Austria,2571.197,45.891,2525.306,2619.479
2014-08-01,Austria,2645.521,42.866,2602.655,2695.96
2014-09-01,Austria,2519.181,53.872,2465.309,2580.047
2014-10-01,Austria,2267.695,53.444,2214.251,2326.106
2014-11-01,Austria,1806.834,47.772,1759.062,1859.274
2014-12-01,Austria,1870.56,39.511,1831.049,1913.341
2015-01-01,Austria,1751.044,38.497,1712.547,1794.667
2015-02-01,Austria,1718.104,40.494,1677.61,1763.492
2015-03-01,Austria,2100.017,49.578,2050.439,2153.341
2015-04-01,Austria,2182.653,40.618,2142.035,2225.22
2015-05-01,Austria,2363.428,43.331,2320.097,2408.606
2015-06-01,Austria,2520.214,45.867,2474.347,2571.94
2015-07-01,Austria,2739.213,41.815,2697.398,2781.009
2015-08-01,Austria,2775.665,39.414,2736.251,2815.911
2015-09-01,Austria,2622.134,53.111,2569.023,2678.217
2015-10-01,Austria,2279.362,51.179,2228.183,2337.504
2015-11-01,Austria,1843.174,48.42,1794.754,1897.185
2015-12-01,Austria,1858.999,37.286,1821.713,1899.052
2016-01-01,Austria,1770.425,36.725,1733.7,1809.894
2016-02-01,Austria,1780.026,40.069,1739.957,1825.035
2016-03-01,Austria,2151.897,45.15,2106.747,2197.406
2016-04-01,Austria,2099.28,43.443,2055.837,2144.874
2016-05-01,Austria,2373.298,44.119,2329.179,2416.921
2016-06-01,Austria,2450.672,47.094,2403.578,2497.202
2016-07-01,Austria,2776.608,41.053,2735.555,2816.445
2016-08-01,Austria,2723.254,38.659,2684.595,2759.352
2016-09-01,Austria,2665.489,45.82,2619.669,2711.163
2016-10-01,Austria,2398.405,46.315,2352.09,2446.976
2016-11-01,Austria,1946.072,45.268,1900.804,1997.27
2016-12-01,Austria,2046.085,36.863,2009.222,2085.863
2017-01-01,Austria,1887.141,34.142,1852.999,1932.594
2017-02-01,Austria,1867.912,37.073,1830.839,1915.609
2017-03-01,Austria,2198.6,46.662,2151.938,2255.187
2017-04-01,Austria,2425.716,42.999,2382.717,2472.883
2017-05-01,Austria,2497.696,47.426,2450.27,2552.309
2017-06-01,Austria,2614.609,48.319,2566.29,2668.422
2017-07-01,Austria,2871.073,45.094,2825.979,2922.274
2017-08-01,Austria,2807.833,41.742,2766.091,2851.188
2017-09-01,Austria,2734.285,53.678,2680.607,2796.653
2017-10-01,Austria,2424.628,49.816,2374.812,2485.035
2017-11-01,Austria,1947.157,44.931,1902.226,2003.301
2017-12-01,Austria,2050.629,39.666,2010.963,2098.617
2018-01-01,Austria,1905.331,38.19,1867.141,
2018-02-01,Austria,1937.152,40.903,1896.249,
2018-03-01,Austria,2404.43,50.625,2353.805,
2018-04-01,Austria,2442.085,49.507,2392.578,
2018-05-01,Austria,2585.884,49.824,2536.06,
2018-06-01,Austria,2822.571,54.618,2767.953,
2018-07-01,Austria,3085.491,52.621,3032.87,
2018-08-01,Austria,3143.286,48.168,3095.118,
2018-09-01,Austria,3028.317,56.652,2971.665,
2018-10-01,Austria,2842.107,56.063,2786.044,
2018-11-01,Austria,2396.286,47.705,2348.581,
2018-12-01,Austria,2545.477,40.301,2505.176,
2010-01-01,Belgium,1337.584,1.831,1335.753,1339.451
2010-02-01,Belgium,1397.881,2.976,1394.905,1394.747
2010-03-01,Belgium,1678.13,3.998,1674.132,1670.464
2010-04-01,Belgium,1544.861,2.777,1542.084,1534.597
2010-05-01,Belgium,2078.077,8.055,2070.022,2049.045
2010-06-01,Belgium,2093.415,7.296,2086.119,2071.52
2010-07-01,Belgium,2487.914,9.949,2477.965,2432.923
2010-08-01,Belgium,2407.821,10.508,2397.313,2345.972
2010-09-01,Belgium,2217.019,9.718,2207.301,2189.729
2010-10-01,Belgium,2141.503,3.35,2138.153,2134.476
2010-11-01,Belgium,1757.811,0.605,1757.206,1758.326
2010-12-01,Belgium,1555.748,2.405,1553.343,1555.624
2011-01-01,Belgium,1501.419,1.305,1500.114,1515.963
2011-02-01,Belgium,1472.013,1.527,1470.486,1481.969
2011-03-01,Belgium,1870.073,2.348,1867.725,1878.272
2011-04-01,Belgium,2141.705,3.661,2138.044,2141.375
2011-05-01,Belgium,2282.02,5.722,2276.298,2278.324
2011-06-01,Belgium,2303.327,5.28,2298.047,2298.843
2011-07-01,Belgium,2709.542,8.656,2700.886,2694.154
2011-08-01,Belgium,2571.801,8.994,2562.807,2556.661
2011-09-01,Belgium,2507.76,7.485,2500.275,2500.513
2011-10-01,Belgium,2259.696,3.011,2256.685,2256.635
2011-11-01,Belgium,1810.841,1.7,1809.141,1814.579
2011-12-01,Belgium,1672.498,1.446,1671.052,1679.7
2012-01-01,Belgium,1534.946,1.579,1533.367,1542.99
2012-02-01,Belgium,1586.685,2.216,1584.469,1591.182
2012-03-01,Belgium,1906.186,3.232,1902.954,1911.907
2012-04-01,Belgium,2236.235,2.342,2233.893,2230.251
2012-05-01,Belgium,2353.375,4.044,2349.331,2345.088
2012-06-01,Belgium,2408.452,4.758,2403.694,2364.784
2012-07-01,Belgium,2828.842,8.414,2820.428,2812.222
2012-08-01,Belgium,2712.545,9.429,2703.116,2638.266
2012-09-01,Belgium,2555.419,6.409,2549.01,2505.782
2012-10-01,Belgium,2276.696,1.378,2275.318,2273.956
2012-11-01,Belgium,1829.209,1.262,1827.947,1827.769
2012-12-01,Belgium,1690.925,1.105,1689.82,1698.262
2013-01-01,Belgium,1554.914,0.764,1554.15,1556.871
2013-02-01,Belgium,1555.965,0.965,1555.0,1557.459
2013-03-01,Belgium,1932.19,2.635,1929.555,1933.049
2013-04-01,Belgium,2261.127,1.909,2259.218,2259.801
2013-05-01,Belgium,2408.826,3.947,2404.879,2411.817
2013-06-01,Belgium,2460.324,4.747,2455.577,2464.391
2013-07-01,Belgium,2835.828,8.764,2827.064,2846.355
2013-08-01,Belgium,2785.575,8.887,2776.688,2795.871
2013-09-01,Belgium,2593.195,4.872,2588.323,2595.158
2013-10-01,Belgium,2342.3,1.302,2340.998,2347.456
2013-11-01,Belgium,1864.727,1.737,1862.99,1870.033
2013-12-01,Belgium,1794.956,2.526,1792.43,1806.349
2014-01-01,Belgium,1638.7,1.999,1636.701,1649.821
2014-02-01,Belgium,1608.226,2.129,1606.097,1617.59
2014-03-01,Belgium,2004.797,3.054,2001.743,2017.594
2014-04-01,Belgium,2505.099,1.683,2503.416,2513.892
2014-05-01,Belgium,2619.815,4.313,2615.502,2625.462
2014-06-01,Belgium,2683.507,3.323,2680.184,2694.562
2014-07-01,Belgium,3065.902,7.307,3058.595,3077.834
2014-08-01,Belgium,3103.037,8.623,3094.414,3117.948
2014-09-01,Belgium,2872.608,3.378,2869.23,2882.786
2014-10-01,Belgium,2618.148,0.77,2617.378,2630.256
2014-11-01,Belgium,2107.419,1.838,2105.581,2114.56
2014-12-01,Belgium,1949.0,1.78,1947.22,1960.064
2015-01-01,Belgium,1817.576,2.141,1815.435,1830.702
2015-02-01,Belgium,1856.334,1.922,1854.412,1864.51
2015-03-01,Belgium,2209.413,2.211,2207.202,2218.204
2015-04-01,Belgium,2660.132,1.32,2658.812,2660.146
2015-05-01,Belgium,2859.581,3.027,2856.554,2856.119
2015-06-01,Belgium,2855.538,2.49,2853.048,2844.405
2015-07-01,Belgium,3281.63,3.35,3278.28,3278.365
2015-08-01,Belgium,3260.405,5.217,3255.188,3260.725
2015-09-01,Belgium,3043.615,1.859,3041.756,3035.755
2015-10-01,Belgium,2823.646,0.793,2822.853,2812.576
2015-11-01,Belgium,2238.354,1.246,2237.108,2236.092
2015-12-01,Belgium,2052.617,2.398,2050.219,2054.643
2016-01-01,Belgium,1966.259,1.748,1964.511,1989.576
2016-02-01,Belgium,2089.083,1.878,2087.205,2110.524
2016-03-01,Belgium,1936.776,1.483,1935.293,1951.729
2016-04-01,Belgium,2005.251,0.483,2004.768,2008.852
2016-05-01,Belgium,2703.577,1.446,2702.131,2710.373
2016-06-01,Belgium,2736.786,0.658,2736.128,2740.242
2016-07-01,Belgium,3213.462,0.961,3212.501,3217.812
2016-08-01,Belgium,3133.437,0.794,3132.643,3136.514
2016-09-01,Belgium,2990.813,0.591,2990.222,3002.223
2016-10-01,Belgium,2767.036,0.474,2766.562,2768.788
2016-11-01,Belgium,2318.544,0.441,2318.103,2320.831
2016-12-01,Belgium,2254.808,0.775,2254.033,2258.291
2017-01-01,Belgium,2064.27,0.581,2063.689,2067.748
2017-02-01,Belgium,2083.035,0.307,2082.728,2087.793
2017-03-01,Belgium,2462.55,0.94,2461.61,2468.093
2017-04-01,Belgium,2891.115,0.956,2890.159,2896.213
2017-05-01,Belgium,2983.022,0.645,2982.377,2987.864
2017-06-01,Belgium,2986.272,0.724,2985.548,2970.502
2017-07-01,Belgium,3468.159,1.199,3466.96,3474.771
2017-08-01,Belgium,3408.657,1.013,3407.644,3407.358
2017-09-01,Belgium,3202.473,0.93,3201.543,3205.749
2017-10-01,Belgium,2982.388,0.432,2981.956,2982.958
2017-11-01,Belgium,2422.231,0.615,2421.616,2422.235
2017-12-01,Belgium,2306.321,1.508,2304.813,2308.507
2018-01-01,Belgium,2190.383,0.249,2190.134,
2018-02-01,Belgium,2194.321,0.557,2193.764,
2018-03-01,Belgium,2590.913,1.554,2589.359,
2018-04-01,Belgium,3062.128,0.998,3061.13,
2018-05-01,Belgium,3092.445,0.569,3091.876,
2018-06-01,Belgium,3110.741,0.788,3109.953,
2018-07-01,Belgium,3555.992,0.939,3555.053,
2018-08-01,Belgium,3496.343,1.007,3495.336,
2018-09-01,Belgium,3259.277,0.745,3258.532,
2018-10-01,Belgium,2992.47,0.545,2991.925,
2018-11-01,Belgium,2540.218,0.353,2539.865,
2018-12-01,Belgium,2421.063,0.477,2420.586,
2010-01-01,Bulgaria,273.78,8.456,265.324,285.002
2010-02-01,Bulgaria,242.626,10.4,232.226,254.668
2010-03-01,Bulgaria,273.116,12.749,260.367,288.385
2010-04-01,Bulgaria,245.311,12.129,233.182,261.102
2010-05-01,Bulgaria,424.416,15.323,409.093,449.039
2010-06-01,Bulgaria,794.101,20.204,773.897,826.16
2010-07-01,Bulgaria,1147.747,24.164,1123.583,1183.314
2010-08-01,Bulgaria,1168.521,25.569,1142.952,1201.126
2010-09-01,Bulgaria,733.968,18.662,715.306,760.899
2010-10-01,Bulgaria,348.654,14.752,333.902,365.957
2010-11-01,Bulgaria,247.081,11.346,235.735,260.801
2010-12-01,Bulgaria,270.002,10.16,259.842,281.879
2011-01-01,Bulgaria,281.19,10.988,270.202,295.175
2011-02-01,Bulgaria,255.29,12.819,242.471,271.98
2011-03-01,Bulgaria,288.958,15.802,273.156,306.209
2011-04-01,Bulgaria,315.771,17.138,298.633,333.85
2011-05-01,Bulgaria,452.652,19.675,432.977,479.622
2011-06-01,Bulgaria,872.497,26.194,846.303,909.059
2011-07-01,Bulgaria,1261.908,26.006,1235.902,1295.041
2011-08-01,Bulgaria,1257.769,28.979,1228.79,1291.86
2011-09-01,Bulgaria,806.26,23.34,782.92,836.498
2011-10-01,Bulgaria,339.6,12.315,327.285,353.623
2011-11-01,Bulgaria,245.788,5.979,239.809,253.499
2011-12-01,Bulgaria,274.324,6.135,268.189,283.731
2012-01-01,Bulgaria,276.87,5.015,271.855,285.268
2012-02-01,Bulgaria,248.309,5.499,242.81,256.365
2012-03-01,Bulgaria,288.098,14.904,273.194,306.315
2012-04-01,Bulgaria,318.565,16.381,302.184,337.31
2012-05-01,Bulgaria,438.227,18.534,419.693,461.559
2012-06-01,Bulgaria,946.489,25.527,920.962,978.202
2012-07-01,Bulgaria,1337.258,28.673,1308.585,1373.577
2012-08-01,Bulgaria,1306.449,29.34,1277.109,1339.765
2012-09-01,Bulgaria,795.693,21.596,774.097,820.579
2012-10-01,Bulgaria,333.363,16.793,316.57,352.073
2012-11-01,Bulgaria,253.041,12.465,240.576,267.871
2012-12-01,Bulgaria,276.741,10.657,266.084,290.585
2013-01-01,Bulgaria,279.656,10.138,269.518,293.622
2013-02-01,Bulgaria,252.029,8.534,243.495,263.715
2013-03-01,Bulgaria,294.684,10.313,284.371,307.941
2013-04-01,Bulgaria,309.296,12.658,296.638,324.52
2013-05-01,Bulgaria,479.412,16.307,463.105,500.058
2013-06-01,Bulgaria,983.674,21.515,962.159,1008.641
2013-07-01,Bulgaria,1349.921,25.475,1324.446,1381.011
2013-08-01,Bulgaria,1360.86,24.985,1335.875,1390.073
2013-09-01,Bulgaria,844.583,19.565,825.018,868.214
2013-10-01,Bulgaria,356.604,14.101,342.503,373.851
2013-11-01,Bulgaria,271.842,10.788,261.054,284.516
2013-12-01,Bulgaria,296.731,9.033,287.698,307.497
2014-01-01,Bulgaria,298.853,8.047,290.806,309.06
2014-02-01,Bulgaria,274.571,9.007,265.564,286.561
2014-03-01,Bulgaria,314.591,10.652,303.939,327.821
2014-04-01,Bulgaria,350.849,11.857,338.992,365.272
2014-05-01,Bulgaria,511.137,14.695,496.442,530.725
2014-06-01,Bulgaria,1080.83,19.327,1061.503,1105.892
2014-07-01,Bulgaria,1396.172,22.655,1373.517,1423.623
2014-08-01,Bulgaria,1452.946,23.817,1429.129,1479.627
2014-09-01,Bulgaria,852.992,16.423,836.569,874.947
2014-10-01,Bulgaria,383.929,11.692,372.237,398.195
2014-11-01,Bulgaria,290.55,10.016,280.534,303.743
2014-12-01,Bulgaria,313.277,10.118,303.159,327.588
2015-01-01,Bulgaria,311.991,8.851,303.14,325.887
2015-02-01,Bulgaria,286.718,8.64,278.078,299.249
2015-03-01,Bulgaria,324.201,8.815,315.386,338.471
2015-04-01,Bulgaria,362.523,9.84,352.683,377.332
2015-05-01,Bulgaria,501.317,12.201,489.116,520.32
2015-06-01,Bulgaria,975.825,17.771,958.054,1000.612
2015-07-01,Bulgaria,1390.599,22.829,1367.77,1421.711
2015-08-01,Bulgaria,1452.396,25.938,1426.458,1487.677
2015-09-01,Bulgaria,921.961,16.846,905.115,945.624
2015-10-01,Bulgaria,427.016,11.77,415.246,444.268
2015-11-01,Bulgaria,315.488,10.412,305.076,330.542
2015-12-01,Bulgaria,340.914,9.416,331.498,356.264
2016-01-01,Bulgaria,352.207,9.211,342.996,369.214
2016-02-01,Bulgaria,334.689,8.154,326.535,348.615
2016-03-01,Bulgaria,366.203,9.175,357.028,380.133
2016-04-01,Bulgaria,411.154,10.431,400.723,425.194
2016-05-01,Bulgaria,622.014,11.25,610.764,639.573
2016-06-01,Bulgaria,1171.437,16.766,1154.671,1195.497
2016-07-01,Bulgaria,1699.632,22.13,1677.502,1727.733
2016-08-01,Bulgaria,1684.644,24.906,1659.738,1715.987
2016-09-01,Bulgaria,1172.583,17.533,1155.05,1195.797
2016-10-01,Bulgaria,562.726,12.267,550.459,577.927
2016-11-01,Bulgaria,452.109,10.435,441.674,464.922
2016-12-01,Bulgaria,494.819,11.587,483.232,508.446
2017-01-01,Bulgaria,493.259,10.191,483.068,508.294
2017-02-01,Bulgaria,480.657,10.078,470.579,493.826
2017-03-01,Bulgaria,544.316,14.616,529.7,564.95
2017-04-01,Bulgaria,615.682,22.62,593.062,642.23
2017-05-01,Bulgaria,767.812,25.278,742.534,797.669
2017-06-01,Bulgaria,1384.824,30.479,1354.345,1422.546
2017-07-01,Bulgaria,1902.159,35.532,1866.627,1951.146
2017-08-01,Bulgaria,1882.109,35.46,1846.649,1923.941
2017-09-01,Bulgaria,1304.988,30.039,1274.949,1341.614
2017-10-01,Bulgaria,670.632,22.751,647.881,696.124
2017-11-01,Bulgaria,507.08,21.579,485.501,533.59
2017-12-01,Bulgaria,539.133,21.816,517.317,566.835
2018-01-01,Bulgaria,544.718,20.01,524.708,
2018-02-01,Bulgaria,509.648,18.566,491.082,
2018-03-01,Bulgaria,609.762,23.56,586.202,
2018-04-01,Bulgaria,704.504,23.133,681.371,
2018-05-01,Bulgaria,918.353,27.029,891.324,
2018-06-01,Bulgaria,1569.255,30.394,1538.861,
2018-07-01,Bulgaria,2050.117,36.9,2013.217,
2018-08-01,Bulgaria,1998.177,38.521,1959.656,
2018-09-01,Bulgaria,1400.679,32.493,1368.186,
2018-10-01,Bulgaria,735.296,25.741,709.555,
2018-11-01,Bulgaria,529.72,19.05,510.67,
2018-12-01,Bulgaria,567.485,20.015,547.47,
2014-01-01,Bahrain,,,,684.743
2014-02-01,Bahrain,,,,594.728
2014-03-01,Bahrain,,,,662.74
2014-04-01,Bahrain,,,,683.333
2014-05-01,Bahrain,,,,659.63
2014-06-01,Bahrain,,,,695.559
2014-07-01,Bahrain,,,,605.548
2014-08-01,Bahrain,,,,825.903
2014-09-01,Bahrain,,,,680.783
2014-10-01,Bahrain,,,,698.606
2014-11-01,Bahrain,,,,588.5
2014-12-01,Bahrain,,,,722.429
2015-01-01,Bahrain,,,,764.54
2015-02-01,Bahrain,,,,631.48
2015-03-01,Bahrain,,,,718.504
2015-04-01,Bahrain,,,,710.169
2015-05-01,Bahrain,,,,706.957
2015-06-01,Bahrain,,,,659.888
2015-07-01,Bahrain,,,,749.782
2015-08-01,Bahrain,,,,862.113
2015-09-01,Bahrain,,,,761.93
2015-10-01,Bahrain,,,,654.342
2015-11-01,Bahrain,,,,625.404
2015-12-01,Bahrain,,,,741.536
2016-01-01,Bahrain,,,,789.425
2016-02-01,Bahrain,,,,664.356
2016-03-01,Bahrain,,,,752.306
2016-04-01,Bahrain,,,,723.791
2016-05-01,Bahrain,,,,710.657
2016-06-01,Bahrain,,,,586.449
2016-07-01,Bahrain,,,,817.425
2016-08-01,Bahrain,,,,849.48
2016-09-01,Bahrain,,,,821.237
2016-10-01,Bahrain,,,,630.293
2016-11-01,Bahrain,,,,673.887
2016-12-01,Bahrain,,,,746.845
2017-01-01,Bahrain,,,,766.796
2017-02-01,Bahrain,,,,675.611
2017-03-01,Bahrain,,,,718.214
2017-04-01,Bahrain,,,,794.76
2017-05-01,Bahrain,,,,702.028
2017-06-01,Bahrain,,,,579.511
2017-07-01,Bahrain,,,,767.804
2017-08-01,Bahrain,,,,815.335
2017-09-01,Bahrain,,,,718.191
2017-10-01,Bahrain,,,,594.121
2017-11-01,Bahrain,,,,653.337
2017-12-01,Bahrain,,,,691.623
2010-01-01,Bosnia and Herzegovina,,,,31.746
2010-02-01,Bosnia and Herzegovina,,,,28.85
2010-03-01,Bosnia and Herzegovina,,,,37.657
2010-04-01,Bosnia and Herzegovina,,,,39.907
2010-05-01,Bosnia and Herzegovina,,,,51.398
2010-06-01,Bosnia and Herzegovina,,,,59.636
2010-07-01,Bosnia and Herzegovina,,,,72.615
2010-08-01,Bosnia and Herzegovina,,,,60.475
2010-09-01,Bosnia and Herzegovina,,,,54.753
2010-10-01,Bosnia and Herzegovina,,,,51.137
2010-11-01,Bosnia and Herzegovina,,,,40.912
2010-12-01,Bosnia and Herzegovina,,,,34.18
2011-01-01,Bosnia and Herzegovina,,,,30.484
2011-02-01,Bosnia and Herzegovina,,,,34.148
2011-03-01,Bosnia and Herzegovina,,,,40.803
2011-04-01,Bosnia and Herzegovina,,,,49.489
2011-05-01,Bosnia and Herzegovina,,,,56.812
2011-06-01,Bosnia and Herzegovina,,,,62.994
2011-07-01,Bosnia and Herzegovina,,,,81.042
2011-08-01,Bosnia and Herzegovina,,,,59.042
2011-09-01,Bosnia and Herzegovina,,,,59.074
2011-10-01,Bosnia and Herzegovina,,,,52.957
2011-11-01,Bosnia and Herzegovina,,,,39.785
2011-12-01,Bosnia and Herzegovina,,,,33.348
2012-01-01,Bosnia and Herzegovina,,,,33.247
2012-02-01,Bosnia and Herzegovina,,,,26.278
2012-03-01,Bosnia and Herzegovina,,,,36.765
2012-04-01,Bosnia and Herzegovina,,,,49.709
2012-05-01,Bosnia and Herzegovina,,,,55.107
2012-06-01,Bosnia and Herzegovina,,,,62.491
2012-07-01,Bosnia and Herzegovina,,,,69.346
2012-08-01,Bosnia and Herzegovina,,,,60.787
2012-09-01,Bosnia and Herzegovina,,,,60.323
2012-10-01,Bosnia and Herzegovina,,,,52.115
2012-11-01,Bosnia and Herzegovina,,,,38.612
2012-12-01,Bosnia and Herzegovina,,,,35.278
2013-01-01,Bosnia and Herzegovina,,,,33.437
2013-02-01,Bosnia and Herzegovina,,,,30.399
2013-03-01,Bosnia and Herzegovina,,,,44.631
2013-04-01,Bosnia and Herzegovina,,,,56.918
2013-05-01,Bosnia and Herzegovina,,,,65.495
2013-06-01,Bosnia and Herzegovina,,,,72.949
2013-07-01,Bosnia and Herzegovina,,,,69.699
2013-08-01,Bosnia and Herzegovina,,,,79.796
2013-09-01,Bosnia and Herzegovina,,,,66.721
2013-10-01,Bosnia and Herzegovina,,,,64.387
2013-11-01,Bosnia and Herzegovina,,,,44.446
2013-12-01,Bosnia and Herzegovina,,,,36.76
2014-01-01,Bosnia and Herzegovina,,,,44.39
2014-02-01,Bosnia and Herzegovina,,,,41.89
2014-03-01,Bosnia and Herzegovina,,,,53.078
2014-04-01,Bosnia and Herzegovina,,,,66.106
2014-05-01,Bosnia and Herzegovina,,,,80.856
2014-06-01,Bosnia and Herzegovina,,,,87.171
2014-07-01,Bosnia and Herzegovina,,,,94.835
2014-08-01,Bosnia and Herzegovina,,,,107.844
2014-09-01,Bosnia and Herzegovina,,,,88.135
2014-10-01,Bosnia and Herzegovina,,,,81.143
2014-11-01,Bosnia and Herzegovina,,,,59.196
2014-12-01,Bosnia and Herzegovina,,,,56.61
2015-01-01,Bosnia and Herzegovina,,,,56.66
2015-02-01,Bosnia and Herzegovina,,,,51.963
2015-03-01,Bosnia and Herzegovina,,,,64.747
2015-04-01,Bosnia and Herzegovina,,,,80.375
2015-05-01,Bosnia and Herzegovina,,,,98.225
2015-06-01,Bosnia and Herzegovina,,,,96.418
2015-07-01,Bosnia and Herzegovina,,,,122.985
2015-08-01,Bosnia and Herzegovina,,,,134.314
2015-09-01,Bosnia and Herzegovina,,,,108.02
2015-10-01,Bosnia and Herzegovina,,,,98.422
2015-11-01,Bosnia and Herzegovina,,,,74.255
2015-12-01,Bosnia and Herzegovina,,,,45.594
2016-01-01,Bosnia and Herzegovina,,,,60.229
2016-02-01,Bosnia and Herzegovina,,,,62.59
2016-03-01,Bosnia and Herzegovina,,,,77.02
2016-04-01,Bosnia and Herzegovina,,,,93.332
2016-05-01,Bosnia and Herzegovina,,,,113.056
2016-06-01,Bosnia and Herzegovina,,,,93.026
2016-07-01,Bosnia and Herzegovina,,,,141.381
2016-08-01,Bosnia and Herzegovina,,,,149.383
2016-09-01,Bosnia and Herzegovina,,,,118.899
2016-10-01,Bosnia and Herzegovina,,,,98.963
2016-11-01,Bosnia and Herzegovina,,,,70.969
2016-12-01,Bosnia and Herzegovina,,,,71.25
2017-01-01,Bosnia and Herzegovina,,,,69.921
2017-02-01,Bosnia and Herzegovina,,,,64.227
2017-03-01,Bosnia and Herzegovina,,,,86.497
2017-04-01,Bosnia and Herzegovina,,,,130.559
2017-05-01,Bosnia and Herzegovina,,,,131.838
2017-06-01,Bosnia and Herzegovina,,,,127.832
2017-07-01,Bosnia and Herzegovina,,,,203.198
2017-08-01,Bosnia and Herzegovina,,,,207.737
2017-09-01,Bosnia and Herzegovina,,,,153.739
2017-10-01,Bosnia and Herzegovina,,,,132.325
2017-11-01,Bosnia and Herzegovina,,,,95.319
2017-12-01,Bosnia and Herzegovina,,,,90.539
2010-01-01,Belarus,,,,68.085
2010-02-01,Belarus,,,,57.325
2010-03-01,Belarus,,,,67.666
2010-04-01,Belarus,,,,71.908
2010-05-01,Belarus,,,,94.855
2010-06-01,Belarus,,,,145.658
2010-07-01,Belarus,,,,172.716
2010-08-01,Belarus,,,,178.993
2010-09-01,Belarus,,,,141.12
2010-10-01,Belarus,,,,111.605
2010-11-01,Belarus,,,,87.342
2010-12-01,Belarus,,,,88.151
2011-01-01,Belarus,,,,86.243
2011-02-01,Belarus,,,,68.469
2011-03-01,Belarus,,,,93.922
2011-04-01,Belarus,,,,123.882
2011-05-01,Belarus,,,,121.381
2011-06-01,Belarus,,,,199.886
2011-07-01,Belarus,,,,183.227
2011-08-01,Belarus,,,,184.547
2017-08-01,Belarus,,,,488.414
2017-09-01,Belarus,,,,403.142
2017-10-01,Belarus,,,,330.173
2017-11-01,Belarus,,,,297.362
2017-12-01,Belarus,,,,300.521
2010-01-01,Brazil,,,,13355.092
2010-02-01,Brazil,,,,11523.908
2010-03-01,Brazil,,,,11977.635
2010-04-01,Brazil,,,,11599.945
2010-05-01,Brazil,,,,11487.189
2010-06-01,Brazil,,,,11700.983
2010-07-01,Brazil,,,,13881.425
2010-08-01,Brazil,,,,13687.766
2010-09-01,Brazil,,,,13628.153
2010-10-01,Brazil,,,,13959.627
2010-11-01,Brazil,,,,13496.998
2010-12-01,Brazil,,,,14644.633
2011-01-01,Brazil,,,,15627.213
2011-02-01,Brazil,,,,12739.938
2011-03-01,Brazil,,,,14437.479
2011-04-01,Brazil,,,,14823.893
2011-05-01,Brazil,,,,14344.516
2011-06-01,Brazil,,,,13748.947
2011-07-01,Brazil,,,,16699.566
2011-08-01,Brazil,,,,15296.659
2011-09-01,Brazil,,,,15204.733
2011-10-01,Brazil,,,,15178.683
2011-11-01,Brazil,,,,14838.429
2011-12-01,Brazil,,,,15946.299
2012-01-01,Brazil,,,,17056.312
2012-02-01,Brazil,,,,14287.24
2012-03-01,Brazil,,,,15343.516
2012-04-01,Brazil,,,,14887.443
2012-05-01,Brazil,,,,15257.58
2012-06-01,Brazil,,,,15817.19
2012-07-01,Brazil,,,,18671.567
2012-08-01,Brazil,,,,16271.484
2012-09-01,Brazil,,,,16100.202
2012-10-01,Brazil,,,,16195.018
2012-11-01,Brazil,,,,15296.171
2012-12-01,Brazil,,,,15601.303
2013-01-01,Brazil,,,,16957.474
2013-02-01,Brazil,,,,13757.981
2013-03-01,Brazil,,,,14985.072
2013-04-01,Brazil,,,,15731.592
2013-05-01,Brazil,,,,16772.114
2013-06-01,Brazil,,,,15464.061
2013-07-01,Brazil,,,,17681.131
2013-08-01,Brazil,,,,16261.067
2013-09-01,Brazil,,,,16088.697
2013-10-01,Brazil,,,,17128.968
2013-11-01,Brazil,,,,16859.941
2013-12-01,Brazil,,,,17968.647
2014-01-01,Brazil,,,,18899.147
2014-02-01,Brazil,,,,15722.357
2014-03-01,Brazil,,,,16820.809
2014-04-01,Brazil,,,,16646.777
2014-05-01,Brazil,,,,16790.721
2014-06-01,Brazil,,,,15877.707
2014-07-01,Brazil,,,,18201.177
2014-08-01,Brazil,,,,17605.624
2014-09-01,Brazil,,,,17119.406
2014-10-01,Brazil,,,,18472.967
2014-11-01,Brazil,,,,17916.051
2014-12-01,Brazil,,,,19376.09
2015-01-01,Brazil,,,,20468.482
2015-02-01,Brazil,,,,16094.294
2015-03-01,Brazil,,,,16991.428
2015-04-01,Brazil,,,,17082.127
2015-05-01,Brazil,,,,16796.292
2015-06-01,Brazil,,,,16254.799
2015-07-01,Brazil,,,,19429.557
2015-08-01,Brazil,,,,17155.21
2015-09-01,Brazil,,,,16825.118
2015-10-01,Brazil,,,,17095.703
2015-11-01,Brazil,,,,15719.149
2015-12-01,Brazil,,,,13238.692
2016-01-01,Brazil,,,,19557.594
2016-02-01,Brazil,,,,15694.203
2016-03-01,Brazil,,,,15739.555
2016-04-01,Brazil,,,,14961.84
2016-05-01,Brazil,,,,15330.299
2016-06-01,Brazil,,,,14980.709
2016-07-01,Brazil,,,,17706.216
2016-08-01,Brazil,,,,16287.856
2016-09-01,Brazil,,,,15480.707
2016-10-01,Brazil,,,,16056.388
2016-11-01,Brazil,,,,15828.502
2016-12-01,Brazil,,,,17524.436
2017-01-01,Brazil,,,,18810.41
2017-02-01,Brazil,,,,6890.891
2017-03-01,Brazil,,,,7543.072
2017-04-01,Brazil,,,,7045.459
2017-05-01,Brazil,,,,7231.168
2017-06-01,Brazil,,,,7099.651
2017-07-01,Brazil,,,,8465.096
2017-08-01,Brazil,,,,7835.141
2017-09-01,Brazil,,,,7658.108
2017-10-01,Brazil,,,,8020.658
2017-11-01,Brazil,,,,7725.543
2017-12-01,Brazil,,,,3493.955
2015-01-01,Barbados,,,,214.091
2015-02-01,Barbados,,,,193.634
2015-03-01,Barbados,,,,195.859
2015-04-01,Barbados,,,,157.756
2015-05-01,Barbados,,,,131.675
2015-06-01,Barbados,,,,125.243
2015-07-01,Barbados,,,,162.546
2015-08-01,Barbados,,,,165.928
2015-09-01,Barbados,,,,112.256
2015-10-01,Barbados,,,,119.544
2015-11-01,Barbados,,,,178.71
2015-12-01,Barbados,,,,209.547
2016-01-01,Barbados,,,,232.3
2016-02-01,Barbados,,,,207.966
2016-03-01,Barbados,,,,204.699
2016-04-01,Barbados,,,,149.369
2016-05-01,Barbados,,,,140.525
2016-06-01,Barbados,,,,136.327
2016-07-01,Barbados,,,,168.526
2016-08-01,Barbados,,,,165.326
2016-09-01,Barbados,,,,123.556
2016-10-01,Barbados,,,,134.707
2016-11-01,Barbados,,,,192.628
2016-12-01,Barbados,,,,230.64
2017-01-01,Barbados,,,,233.367
2017-02-01,Barbados,,,,212.436
2017-03-01,Barbados,,,,220.36
2017-04-01,Barbados,,,,189.305
2017-05-01,Barbados,,,,148.405
2017-06-01,Barbados,,,,140.559
2017-07-01,Barbados,,,,167.1
2017-08-01,Barbados,,,,171.32
2017-09-01,Barbados,,,,117.051
2017-10-01,Barbados,,,,134.074
2017-11-01,Barbados,,,,193.587
2017-12-01,Barbados,,,,243.076
2010-01-01,Canada,3016.0,,,7415.298
2010-02-01,Canada,2911.0,,,7196.121
2010-03-01,Canada,3347.0,,,8223.367
2010-04-01,Canada,3160.0,,,7680.524
2010-05-01,Canada,3193.0,,,7916.644
2010-06-01,Canada,3322.0,,,8219.981
2010-07-01,Canada,3692.0,,,9191.019
2010-08-01,Canada,3803.0,,,9421.532
2010-09-01,Canada,3173.0,,,7981.417
2010-10-01,Canada,3135.0,,,7850.895
2010-11-01,Canada,2843.0,,,6950.663
2010-12-01,Canada,3242.0,,,7811.208
2011-01-01,Canada,3150.0,,,7767.12
2011-02-01,Canada,3010.0,,,7438.635
2011-03-01,Canada,3456.0,,,8452.708
2011-04-01,Canada,3342.0,,,7969.924
2011-05-01,Canada,3290.0,,,8172.853
2011-06-01,Canada,3403.0,,,8456.648
2011-07-01,Canada,3866.0,,,9590.979
2011-08-01,Canada,3943.0,,,9800.112
2011-09-01,Canada,3323.0,,,8314.026
2011-10-01,Canada,3247.0,,,7999.486
2011-11-01,Canada,2951.0,,,7167.649
2011-12-01,Canada,3337.0,,,8023.956
2012-01-01,Canada,3346.0,,,8149.341
2012-02-01,Canada,3239.0,,,7901.546
2012-03-01,Canada,3627.0,,,8833.181
2012-04-01,Canada,3468.0,,,8368.583
2012-05-01,Canada,3370.0,,,8335.765
2012-06-01,Canada,3515.0,,,8689.429
2012-07-01,Canada,3968.0,,,9743.292
2012-08-01,Canada,4147.0,,,10213.147
2012-09-01,Canada,3483.0,,,8516.217
2012-10-01,Canada,3434.0,,,8322.372
2012-11-01,Canada,3115.0,,,7476.081
2012-12-01,Canada,3472.0,,,8221.754
2013-01-01,Canada,3435.0,,,8184.017
2013-02-01,Canada,3272.0,,,7774.692
2013-03-01,Canada,3814.0,,,9055.033
2013-04-01,Canada,3502.0,,,8429.879
2013-05-01,Canada,3491.0,,,8611.223
2013-06-01,Canada,3573.0,,,8953.125
2013-07-01,Canada,3987.0,,,10028.062
2013-08-01,Canada,4203.0,,,10665.244
2013-09-01,Canada,3433.0,,,8771.922
2013-10-01,Canada,3402.0,,,8575.959
2013-11-01,Canada,3060.0,,,7700.35
2013-12-01,Canada,3513.0,,,8743.557
2014-01-01,Canada,3405.0,,,8580.421
2014-02-01,Canada,3244.0,,,8205.899
2014-03-01,Canada,3637.0,,,9258.789
2014-04-01,Canada,3704.0,,,9022.664
2014-05-01,Canada,3692.0,,,9198.462108
2014-06-01,Canada,3808.0,,,9597.196004
2014-07-01,Canada,4370.0,,,10832.03372
2014-08-01,Canada,4628.0,,,11502.54589
2014-09-01,Canada,3740.0,,,9380.60564
2014-10-01,Canada,3715.0,,,9183.99022
2014-11-01,Canada,3347.0,,,8118.470662
2014-12-01,Canada,3854.0,,,9167.5402
2015-01-01,Canada,5507.0,,,8994.977
2015-02-01,Canada,5333.0,,,8584.546
2015-03-01,Canada,6073.0,,,9785.186
2015-04-01,Canada,5601.0,,,9354.791
2015-05-01,Canada,5421.0,,,9621.9
2015-06-01,Canada,5608.0,,,10140.93
2015-07-01,Canada,6441.0,,,11497.534
2015-08-01,Canada,6712.0,,,11951.662
2015-09-01,Canada,5532.0,,,9902.898
2015-10-01,Canada,5316.0,,,9530.279
2015-11-01,Canada,4862.0,,,8408.508
2015-12-01,Canada,5716.0,,,9267.277
2016-01-01,Canada,5763.0,,,9262.426
2016-02-01,Canada,5706.0,,,9114.678
2016-03-01,Canada,6330.0,,,10158.281
2016-04-01,Canada,5758.0,,,9426.869
2016-05-01,Canada,5785.0,,,10176.38
2016-06-01,Canada,6095.0,,,10763.5701
2016-07-01,Canada,7155.0,,,12367.908
2016-08-01,Canada,7425.0,,,12750.259
2016-09-01,Canada,6179.0,,,10846.215
2016-10-01,Canada,5841.0,,,10296.69
2016-11-01,Canada,5301.0,,,9350.226
2016-12-01,Canada,6174.0,,,10076.245
2017-01-01,Canada,6243.0,,,9924.37841
2017-02-01,Canada,5987.0,,,9329.103952
2017-03-01,Canada,6965.0,,,10816.14278
2017-04-01,Canada,6597.0,,,10570.52638
2017-05-01,Canada,6236.0,,,10672.50038
2017-06-01,Canada,6656.0,,,11458.28432
2017-07-01,Canada,7619.0,,,13071.57672
2017-08-01,Canada,8035.0,,,13545.953
2017-09-01,Canada,6534.0,,,11197.153
2017-10-01,Canada,6280.0,,,10802.285
2017-11-01,Canada,5782.0,,,9551.963
2017-12-01,Canada,6611.0,,,10605.751
2018-01-01,Canada,6594.0,,,
2018-02-01,Canada,6332.0,,,
2018-03-01,Canada,7430.0,,,
2018-04-01,Canada,6744.0,,,
2018-05-01,Canada,6631.0,,,
2018-06-01,Canada,7133.0,,,
2018-07-01,Canada,8133.0,,,
2018-08-01,Canada,8463.0,,,
2018-09-01,Canada,6946.0,,,
2018-10-01,Canada,6615.0,,,
2018-11-01,Canada,6090.0,,,
2018-12-01,Canada,6928.0,,,
2010-01-01,Switzerland,2785.005,55.655,2729.35,2875.596
2010-02-01,Switzerland,2715.644,51.071,2664.573,2796.793
2010-03-01,Switzerland,3201.375,63.228,3138.147,3302.429
2010-04-01,Switzerland,2606.965,48.515,2558.45,2690.17
2010-05-01,Switzerland,3118.248,56.646,3061.602,3223.107
2010-06-01,Switzerland,3212.916,57.327,3155.589,3323.356
2010-07-01,Switzerland,3709.175,61.987,3647.188,3826.124
2010-08-01,Switzerland,3618.005,60.688,3557.317,3724.809
2010-09-01,Switzerland,3416.506,57.734,3358.772,3522.454
2010-10-01,Switzerland,3567.398,60.886,3506.512,3678.171
2010-11-01,Switzerland,2795.241,52.682,2742.559,2875.896
2010-12-01,Switzerland,2869.481,53.131,2816.35,2952.521
2011-01-01,Switzerland,3061.425,55.13,3006.295,3085.301
2011-02-01,Switzerland,2934.135,50.493,2883.642,3016.488
2011-03-01,Switzerland,3386.536,63.249,3323.287,3486.651
2011-04-01,Switzerland,3450.976,58.803,3392.173,3543.377
2011-05-01,Switzerland,3458.412,58.74,3399.672,3550.626
2011-06-01,Switzerland,3599.495,57.228,3542.267,3695.598
2011-07-01,Switzerland,4129.196,62.661,4066.535,4229.356
2011-08-01,Switzerland,3869.388,55.384,3814.004,3957.907
2011-09-01,Switzerland,3688.245,53.978,3634.267,3773.391
2011-10-01,Switzerland,3766.686,55.029,3711.657,3855.706
2011-11-01,Switzerland,2910.281,50.136,2860.145,2978.213
2011-12-01,Switzerland,3185.073,52.54,3132.533,3258.882
2012-01-01,Switzerland,3145.106,50.429,3094.677,3230.493
2012-02-01,Switzerland,3135.106,45.303,3089.803,3205.651
2012-03-01,Switzerland,3624.391,59.606,3564.785,3716.007
2012-04-01,Switzerland,3681.223,55.307,3625.916,3768.822
2012-05-01,Switzerland,3633.333,52.318,3581.015,3717.241
2012-06-01,Switzerland,3766.339,53.939,3712.4,3860.502
2012-07-01,Switzerland,4239.321,58.624,4180.697,4353.525
2012-08-01,Switzerland,4091.271,55.55,4035.721,4187.88
2012-09-01,Switzerland,3860.268,52.653,3807.615,3952.386
2012-10-01,Switzerland,3822.673,53.499,3769.174,3912.015
2012-11-01,Switzerland,3017.753,46.845,2970.908,3098.274
2012-12-01,Switzerland,3219.302,48.857,3170.445,3311.678
2013-01-01,Switzerland,3161.475,49.481,3111.994,3256.558
2013-02-01,Switzerland,3144.838,42.871,3101.967,3224.495
2013-03-01,Switzerland,3788.887,58.006,3730.881,3889.558
2013-04-01,Switzerland,3724.74,49.397,3675.343,3822.06
2013-05-01,Switzerland,3803.698,50.189,3753.509,3906.57
2013-06-01,Switzerland,3873.201,52.038,3821.163,3980.097
2013-07-01,Switzerland,4312.013,55.258,4256.755,4437.917
2013-08-01,Switzerland,4256.793,55.312,4201.481,4381.136
2013-09-01,Switzerland,3935.6,47.573,3888.027,4037.492
2013-10-01,Switzerland,3913.911,49.427,3864.484,4013.982
2013-11-01,Switzerland,3024.018,43.839,2980.179,3102.319
2013-12-01,Switzerland,3278.394,46.919,3231.475,3370.896
2014-01-01,Switzerland,3238.296,46.113,3192.183,3331.748
2014-02-01,Switzerland,3172.123,41.024,3131.099,3251.087
2014-03-01,Switzerland,3760.274,54.253,3706.021,3854.076
2014-04-01,Switzerland,3906.753,50.907,3855.846,4010.132
2014-05-01,Switzerland,3869.086,49.013,3820.073,3972.344
2014-06-01,Switzerland,4096.298,52.623,4043.675,4205.093
2014-07-01,Switzerland,4497.861,54.852,4443.009,4612.142
2014-08-01,Switzerland,4603.622,57.62,4546.002,4726.539
2014-09-01,Switzerland,4185.618,51.723,4133.895,4285.816
2014-10-01,Switzerland,4205.245,54.903,4150.342,4315.304
2014-11-01,Switzerland,3148.87,45.853,3103.017,3233.122
2014-12-01,Switzerland,3443.38,51.06,3392.32,3545.631
2015-01-01,Switzerland,3337.185,51.14,3286.045,3440.604
2015-02-01,Switzerland,3280.428,45.351,3235.077,3368.228
2015-03-01,Switzerland,3889.314,58.046,3831.268,3999.422
2015-04-01,Switzerland,4048.758,54.015,3994.743,4151.659
2015-05-01,Switzerland,4141.957,50.545,4091.412,4245.986
2015-06-01,Switzerland,4161.984,53.139,4108.845,4265.67
2015-07-01,Switzerland,4790.693,60.99,4729.703,4922.939
2015-08-01,Switzerland,4805.848,61.224,4744.624,4936.722
2015-09-01,Switzerland,4362.164,53.765,4308.399,4468.502
2015-10-01,Switzerland,4375.051,59.887,4315.164,4486.813
2015-11-01,Switzerland,3310.528,54.443,3256.085,3401.146
2015-12-01,Switzerland,3522.465,58.933,3463.532,3615.189
2016-01-01,Switzerland,3491.008,57.65,3433.358,3591.697
2016-02-01,Switzerland,3543.955,53.37,3490.585,3630.197
2016-03-01,Switzerland,4085.372,70.274,4015.098,4188.835
2016-04-01,Switzerland,4107.853,61.148,4046.705,4207.65
2016-05-01,Switzerland,4347.627,61.361,4286.266,4446.322
2016-06-01,Switzerland,4305.416,63.681,4241.735,4394.409
2016-07-01,Switzerland,5079.927,72.786,5007.141,5199.729
2016-08-01,Switzerland,4978.179,68.31,4909.869,5089.665
2016-09-01,Switzerland,4568.881,60.618,4508.263,4638.56
2016-10-01,Switzerland,4678.885,59.696,4619.189,4782.525
2016-11-01,Switzerland,3453.343,52.824,3400.519,3530.213
2016-12-01,Switzerland,3865.046,58.621,3806.425,3965.314
2017-01-01,Switzerland,3716.22,56.118,3660.102,3812.71
2017-02-01,Switzerland,3703.479,52.063,3651.416,3784.976
2017-03-01,Switzerland,4314.174,66.804,4247.37,4412.346
2017-04-01,Switzerland,4652.715,62.671,4590.044,4766.68
2017-05-01,Switzerland,4495.142,60.195,4434.947,4594.589
2017-06-01,Switzerland,4719.822,59.415,4660.407,4811.718
2017-07-01,Switzerland,5354.15,70.228,5283.922,5481.507
2017-08-01,Switzerland,5247.904,68.089,5179.815,5367.854
2017-09-01,Switzerland,4874.61,60.839,4813.771,4973.175
2017-10-01,Switzerland,4875.555,60.452,4815.103,4986.132
2017-11-01,Switzerland,3596.127,53.849,3542.278,3683.169
2017-12-01,Switzerland,4015.045,60.221,3954.824,4117.081
2018-01-01,Switzerland,3831.561,56.174,3775.387,
2018-02-01,Switzerland,3840.283,53.527,3786.756,
2018-03-01,Switzerland,4561.918,64.427,4497.491,
2018-04-01,Switzerland,4864.104,61.269,4802.835,
2018-05-01,Switzerland,4788.2,60.041,4728.159,
2018-06-01,Switzerland,4907.137,61.191,4845.946,
2018-07-01,Switzerland,5535.996,71.843,5464.153,
2018-08-01,Switzerland,5519.264,69.1,5450.164,
2018-09-01,Switzerland,5094.674,57.56,5037.114,
2018-10-01,Switzerland,5123.223,56.568,5066.655,
2018-11-01,Switzerland,3828.687,50.078,3778.609,
2018-12-01,Switzerland,4244.502,58.161,4186.341,
2010-01-01,Chile,,,,1644.038
2010-02-01,Chile,,,,1433.333
2010-03-01,Chile,,,,978.244
2010-04-01,Chile,,,,1187.432
2010-05-01,Chile,,,,1259.109
2010-06-01,Chile,,,,1207.262
2010-07-01,Chile,,,,1500.673
2010-08-01,Chile,,,,1432.539
2010-09-01,Chile,,,,1455.237
2010-10-01,Chile,,,,1588.444
2010-11-01,Chile,,,,1643.416
2010-12-01,Chile,,,,1667.243
2011-01-01,Chile,,,,1897.522
2011-02-01,Chile,,,,1791.423
2011-03-01,Chile,,,,1608.202
2011-04-01,Chile,,,,1477.029
2011-05-01,Chile,,,,1477.375
2011-06-01,Chile,,,,1396.509
2011-07-01,Chile,,,,1718.499
2011-08-01,Chile,,,,1587.507
2011-09-01,Chile,,,,1632.016
2011-10-01,Chile,,,,1719.693
2011-11-01,Chile,,,,1804.963
2011-12-01,Chile,,,,1858.212
2012-01-01,Chile,,,,2196.996
2012-02-01,Chile,,,,2137.663
2012-03-01,Chile,,,,1870.594
2012-04-01,Chile,,,,2294.311
2012-05-01,Chile,,,,1781.008
2012-06-01,Chile,,,,1692.332
2012-07-01,Chile,,,,2057.86
2012-08-01,Chile,,,,1914.884
2012-09-01,Chile,,,,1876.023
2012-10-01,Chile,,,,1966.994
2012-11-01,Chile,,,,2096.567
2012-12-01,Chile,,,,2085.503
2013-01-01,Chile,,,,2441.191
2013-02-01,Chile,,,,2359.559
2013-03-01,Chile,,,,2148.226
2013-04-01,Chile,,,,1983.641
2013-05-01,Chile,,,,1964.853
2013-06-01,Chile,,,,1862.384
2013-07-01,Chile,,,,2267.855
2013-08-01,Chile,,,,2051.69
2013-09-01,Chile,,,,2040.189
2013-10-01,Chile,,,,2238.78
2013-11-01,Chile,,,,2237.658
2013-12-01,Chile,,,,2249.003
2014-01-01,Chile,,,,2617.432
2014-02-01,Chile,,,,2490.738
2014-03-01,Chile,,,,2237.48
2014-04-01,Chile,,,,2029.208
2010-01-01,China,19408.0,17585.0,1363.0,
2010-02-01,China,20247.0,18208.0,1488.0,
2010-03-01,China,21725.0,19688.0,1547.0,
2010-04-01,China,21567.0,19399.0,1602.0,
2010-05-01,China,21529.0,19439.0,1565.0,
2010-06-01,China,21849.0,19768.0,1561.0,
2010-07-01,China,29072.0,26666.0,1763.0,
2010-08-01,China,26296.0,23755.0,1902.0,
2010-09-01,China,22601.0,20403.0,1674.0,
2010-10-01,China,24476.0,22141.0,1732.0,
2010-11-01,China,20784.0,18727.0,1496.0,
2010-12-01,China,21031.0,18847.0,1588.0,
2011-01-01,China,22667.0,20380.0,1711.0,
2011-02-01,China,21632.0,19405.0,1640.0,
2011-03-01,China,22816.0,20646.0,1589.0,
2011-04-01,China,24368.0,22098.0,1616.0,
2011-05-01,China,24070.0,21862.0,1585.0,
2011-06-01,China,23247.0,21009.0,1657.0,
2011-07-01,China,27320.0,24667.0,1950.0,
2011-08-01,China,27584.0,24899.0,1999.0,
2011-09-01,China,25012.0,22570.0,1843.0,
2011-10-01,China,26377.0,23804.0,1921.0,
2011-11-01,China,23705.0,21368.0,1688.0,
2011-12-01,China,24372.0,21682.0,1981.0,
2012-01-01,China,25670.0,23079.0,1901.0,
2012-02-01,China,23490.0,21250.0,1663.0,
2012-03-01,China,25029.0,22488.0,1856.0,
2012-04-01,China,26048.0,23333.0,1967.0,
2012-05-01,China,25404.0,22840.0,1872.0,
2012-06-01,China,25304.0,22729.0,1900.0,
2012-07-01,China,29909.0,26949.0,2200.0,
2012-08-01,China,30709.0,27650.0,2327.0,
2012-09-01,China,27440.0,24834.0,1970.0,
2012-10-01,China,28294.0,25685.0,1919.0,
2012-11-01,China,23705.0,21368.0,1688.0,
2012-12-01,China,28358.0,25455.0,2097.0,
2013-01-01,China,25670.0,23102.0,1903.0,
2013-02-01,China,27874.0,25054.0,2054.0,
2013-03-01,China,28784.0,25953.0,2092.0,
2013-04-01,China,28492.0,25566.0,2148.0,
2013-05-01,China,28553.0,25808.0,2043.0,
2013-06-01,China,28654.0,25765.0,2154.0,
2013-07-01,China,32665.0,29389.0,2473.0,
2013-08-01,China,34757.0,31210.0,2714.0,
2013-09-01,China,30485.0,27322.0,2419.0,
2013-10-01,China,31648.0,28686.0,2234.0,
2013-11-01,China,28515.0,25658.0,2119.0,
2013-12-01,China,27873.0,24867.0,2197.0,
2014-01-01,China,30575.0,27506.0,2286.0,9265.998
2014-02-01,China,31086.0,27938.0,2321.0,8765.876
2014-03-01,China,30247.0,27132.0,2316.0,8973.393
2014-04-01,China,31415.0,28103.0,2454.0,9451.449
2014-05-01,China,31343.0,28138.0,2379.0,9504.758
2014-06-01,China,30607.0,27413.0,2366.0,9267.634
2014-07-01,China,35797.0,32044.0,2868.0,10365.871
2014-08-01,China,37302.0,33215.0,3197.0,10692.181
2014-09-01,China,33154.0,29594.0,2768.0,9874.724
2014-10-01,China,34882.0,31150.0,2878.0,10325.795
2014-11-01,China,32397.0,28899.0,2685.0,9583.905
2014-12-01,China,33145.0,29218.0,3032.0,9242.875
2015-01-01,China,32459.0,28758.0,2909.0,9349.544
2015-02-01,China,34927.0,30550.0,3412.0,9509.216
2015-03-01,China,36699.0,32584.0,3327.0,10408.054
2015-04-01,China,35795.0,31475.0,3476.0,10343.238
2015-05-01,China,35415.0,31053.0,3507.0,10500.517
2015-06-01,China,34044.0,30049.0,3188.0,9976.215
2015-07-01,China,39149.0,34632.0,3647.0,10975.081
2015-08-01,China,41652.0,36614.0,4104.0,11271.739
2015-09-01,China,36723.0,32395.0,3537.0,10373.952
2015-10-01,China,38551.0,33919.0,3751.0,10920.508
2015-11-01,China,34979.0,30655.0,3485.0,9695.142
2015-12-01,China,35251.0,30719.0,3707.0,9850.045
2016-01-01,China,37363.0,32321.0,4172.0,10315.3
2016-02-01,China,38976.0,33613.0,4376.0,10089.191
2016-03-01,China,38935.0,34018.0,4099.0,10634.503
2016-04-01,China,39714.0,34635.0,4234.0,10805.483
2016-05-01,China,38973.0,34078.0,4097.0,10823.959
2016-06-01,China,38303.0,33296.0,4209.0,10459.907
2016-07-01,China,43533.0,37784.0,4903.0,11538.102
2016-08-01,China,46420.0,40498.0,5090.0,12163.952
2016-09-01,China,41692.0,36734.0,4231.0,11394.134
2016-10-01,China,43736.0,38828.0,4140.0,11777.953
2016-11-01,China,39709.0,35191.0,3773.0,10532.771
2016-12-01,China,40407.0,35309.0,4300.0,10872.473
2017-01-01,China,43931.0,38111.0,4969.0,11490.411
2017-02-01,China,42790.0,37428.0,4581.0,10868.589
2017-03-01,China,44305.0,39117.0,4399.0,11445.898
2017-04-01,China,44023.0,38920.0,4263.0,10596.192
2017-05-01,China,44976.0,39894.0,4233.0,11258.273
2017-06-01,China,43726.0,38613.0,4285.0,11025.036
2017-07-01,China,48600.0,42726.0,4961.0,11634.965
2017-08-01,China,50465.0,44313.0,5227.0,12071.958
2017-09-01,China,46547.0,41182.0,4546.0,11900.042
2017-10-01,China,48831.0,43254.0,4679.0,12166.475
2017-11-01,China,46455.0,41370.0,4418.0,11522.258
2017-12-01,China,46656.0,40895.0,4864.0,11656.507
2018-01-01,China,46469.0,40691.0,4937.0,
2018-02-01,China,48427.0,42241.0,5258.0,
2018-03-01,China,51402.0,45215.0,5292.0,
2018-04-01,China,50742.0,44467.0,5337.0,
2018-05-01,China,50128.0,44122.0,5080.0,
2018-06-01,China,49379.0,43232.0,5220.0,
2018-07-01,China,53779.0,47120.0,5662.0,
2018-08-01,China,56568.0,49580.0,5941.0,
2018-09-01,China,50289.0,44358.0,5028.0,
2018-10-01,China,54084.0,47881.0,5251.0,
2018-11-01,China,50056.0,44079.0,5033.0,
2018-12-01,China,50176.0,43611.0,5593.0,
2019-01-01,China,53409.0,46338.0,6075.0,
2019-02-01,China,53827.0,46839.0,5973.0,
2019-03-01,China,53504.0,46435.0,6046.0,
2019-04-01,China,53118.0,45990.0,6080.0,
2019-05-01,China,54509.0,47417.0,6031.0,
2019-06-01,China,53414.0,46298.0,6081.0,
2019-07-01,China,59304.0,51612.0,6590.0,
2019-08-01,China,,,,
2019-09-01,China,,,,
2019-10-01,China,,,,
2019-11-01,China,,,,
2019-12-01,China,,,,
2010-01-01,Colombia,,,,3138.509
2010-02-01,Colombia,,,,2631.436
2010-03-01,Colombia,,,,3067.484
2010-04-01,Colombia,,,,2869.416
2010-05-01,Colombia,,,,2990.153
2010-06-01,Colombia,,,,3268.93
2010-07-01,Colombia,,,,3625.715
2010-08-01,Colombia,,,,3487.408
2010-09-01,Colombia,,,,3131.528
2010-10-01,Colombia,,,,3445.008
2010-11-01,Colombia,,,,3278.112
2010-12-01,Colombia,,,,3569.685
2011-01-01,Colombia,,,,3524.254
2011-02-01,Colombia,,,,2794.013
2011-03-01,Colombia,,,,3158.387
2011-04-01,Colombia,,,,3104.385
2011-05-01,Colombia,,,,3178.949
2011-06-01,Colombia,,,,3367.335
2011-07-01,Colombia,,,,3552.486
2011-08-01,Colombia,,,,3503.009
2011-09-01,Colombia,,,,3284.658
2011-10-01,Colombia,,,,3380.818
2011-11-01,Colombia,,,,3459.477
2011-12-01,Colombia,,,,3873.959
2012-01-01,Colombia,,,,3281.442
2012-02-01,Colombia,,,,2819.152
2012-03-01,Colombia,,,,3019.948
2012-04-01,Colombia,,,,3235.742
2012-05-01,Colombia,,,,3409.4
2012-06-01,Colombia,,,,3838.119
2012-07-01,Colombia,,,,4198.524
2012-08-01,Colombia,,,,4224.239
2012-09-01,Colombia,,,,3426.255
2012-10-01,Colombia,,,,4128.975
2012-11-01,Colombia,,,,4148.468
2012-12-01,Colombia,,,,4416.47
2013-01-01,Colombia,,,,4414.95
2013-02-01,Colombia,,,,3707.965
2013-03-01,Colombia,,,,4145.797
2013-04-01,Colombia,,,,3978.985
2013-05-01,Colombia,,,,4283.78
2013-06-01,Colombia,,,,4509.645
2013-08-01,Colombia,,,,4686.147
2013-09-01,Colombia,,,,4276.541
2013-10-01,Colombia,,,,4506.849
2013-11-01,Colombia,,,,4515.613
2013-12-01,Colombia,,,,4740.682
2014-01-01,Colombia,,,,3973.67
2014-02-01,Colombia,,,,3466.527
2014-03-01,Colombia,,,,3821.723
2014-04-01,Colombia,,,,3796.853
2014-05-01,Colombia,,,,3867.364
2014-06-01,Colombia,,,,4012.733
2014-07-01,Colombia,,,,4359.215
2014-08-01,Colombia,,,,4336.031
2014-09-01,Colombia,,,,4174.715
2014-10-01,Colombia,,,,4500.861
2014-11-01,Colombia,,,,4306.537
2014-12-01,Colombia,,,,4588.163
2015-01-01,Colombia,,,,4525.23
2015-02-01,Colombia,,,,3764.021
2015-03-01,Colombia,,,,4186.099
2015-04-01,Colombia,,,,4097.414
2015-05-01,Colombia,,,,5010.684
2015-06-01,Colombia,,,,5324.238
2015-07-01,Colombia,,,,5657.41
2015-08-01,Colombia,,,,5535.572
2015-09-01,Colombia,,,,5087.461
2015-10-01,Colombia,,,,5376.436
2015-11-01,Colombia,,,,5382.203
2015-12-01,Colombia,,,,5770.429
2016-01-01,Colombia,,,,5641.495
2016-02-01,Colombia,,,,4870.248
2016-03-01,Colombia,,,,5225.566
2016-04-01,Colombia,,,,4775.978
2016-05-01,Colombia,,,,5203.984
2016-06-01,Colombia,,,,5569.293
2016-01-01,Costa Rica,,,,463.659
2016-02-01,Costa Rica,,,,391.409
2016-03-01,Costa Rica,,,,447.41
2016-04-01,Costa Rica,,,,375.242
2016-05-01,Costa Rica,,,,338.189
2016-06-01,Costa Rica,,,,345.154
2016-07-01,Costa Rica,,,,444.634
2016-08-01,Costa Rica,,,,357.581
2016-09-01,Costa Rica,,,,304.656
2016-10-01,Costa Rica,,,,299.711
2016-11-01,Costa Rica,,,,352.594
2016-12-01,Costa Rica,,,,473.168
2017-01-01,Costa Rica,,,,511.072
2017-02-01,Costa Rica,,,,428.66
2017-03-01,Costa Rica,,,,474.28
2017-04-01,Costa Rica,,,,459.452
2017-05-01,Costa Rica,,,,357.514
2017-06-01,Costa Rica,,,,385.334
2015-01-01,Cayman Islands,,,,99.766
2015-02-01,Cayman Islands,,,,91.843
2015-03-01,Cayman Islands,,,,113.249
2015-04-01,Cayman Islands,,,,100.364
2015-05-01,Cayman Islands,,,,90.06
2015-06-01,Cayman Islands,,,,90.047
2015-07-01,Cayman Islands,,,,109.177
2015-08-01,Cayman Islands,,,,85.165
2015-09-01,Cayman Islands,,,,58.689
2015-10-01,Cayman Islands,,,,63.11
2015-11-01,Cayman Islands,,,,88.059
2015-12-01,Cayman Islands,,,,101.901
2016-01-01,Cayman Islands,,,,104.38
2016-02-01,Cayman Islands,,,,95.822
2016-03-01,Cayman Islands,,,,120.961
2016-04-01,Cayman Islands,,,,101.627
2016-05-01,Cayman Islands,,,,85.525
2016-06-01,Cayman Islands,,,,94.005
2016-07-01,Cayman Islands,,,,105.257
2016-08-01,Cayman Islands,,,,100.162
2016-09-01,Cayman Islands,,,,58.929
2016-10-01,Cayman Islands,,,,69.377
2016-11-01,Cayman Islands,,,,83.987
2016-12-01,Cayman Islands,,,,107.29
2010-01-01,Cyprus,278.911,,278.911,281.76
2010-02-01,Cyprus,258.954,0.001,258.953,259.877
2010-03-01,Cyprus,387.542,,387.542,389.533
2010-04-01,Cyprus,462.592,0.006,462.586,468.948
2010-05-01,Cyprus,672.133,0.01,672.123,678.34
2010-06-01,Cyprus,758.152,0.004,758.148,761.16
2010-07-01,Cyprus,889.878,0.416,889.462,892.934
2010-08-01,Cyprus,982.499,,982.499,983.16
2010-09-01,Cyprus,824.678,0.234,824.444,828.561
2010-10-01,Cyprus,760.881,0.019,760.862,764.479
2010-11-01,Cyprus,374.529,,374.529,380.399
2010-12-01,Cyprus,297.539,,297.539,304.163
2011-01-01,Cyprus,274.777,0.009,274.768,281.526
2011-02-01,Cyprus,256.35,0.088,256.262,261.583
2011-03-01,Cyprus,350.331,0.002,350.329,355.997
2011-04-01,Cyprus,569.003,,569.003,577.73
2011-05-01,Cyprus,697.392,,697.392,704.902
2011-06-01,Cyprus,798.809,,798.809,809.601
2011-07-01,Cyprus,969.82,,969.82,982.478
2011-08-01,Cyprus,1015.203,0.122,1015.081,1023.013
2011-09-01,Cyprus,837.728,,837.728,845.308
2011-10-01,Cyprus,770.287,0.008,770.279,779.414
2011-11-01,Cyprus,363.486,,363.486,370.86
2011-12-01,Cyprus,287.201,,287.201,294.248
2012-01-01,Cyprus,264.784,,264.784,268.44
2012-02-01,Cyprus,255.273,,255.273,259.087
2012-03-01,Cyprus,326.936,,326.936,332.808
2012-04-01,Cyprus,560.623,0.004,560.619,568.876
2012-05-01,Cyprus,698.223,0.002,698.221,705.24
2012-06-01,Cyprus,853.578,0.001,853.577,862.874
2012-07-01,Cyprus,991.33,0.005,991.325,998.454
2012-08-01,Cyprus,1038.076,0.002,1038.074,1045.916
2012-09-01,Cyprus,910.215,0.042,910.173,918.102
2012-10-01,Cyprus,803.838,0.001,803.837,813.618
2012-11-01,Cyprus,352.527,,352.527,358.83
2012-12-01,Cyprus,272.897,,272.897,276.776
2013-01-01,Cyprus,232.222,,232.222,240.278
2013-02-01,Cyprus,204.904,,204.904,212.038
2013-03-01,Cyprus,313.984,,313.984,324.235
2013-04-01,Cyprus,468.845,,468.845,476.432
2013-05-01,Cyprus,738.059,,738.059,748.66
2013-06-01,Cyprus,840.135,,840.135,848.898
2013-07-01,Cyprus,940.066,,940.066,950.502
2013-08-01,Cyprus,972.178,,972.178,980.957
2013-09-01,Cyprus,894.754,,894.754,900.992
2013-10-01,Cyprus,790.568,,790.568,796.082
2013-11-01,Cyprus,348.935,,348.935,353.936
2013-12-01,Cyprus,266.787,,266.787,272.61
2014-01-01,Cyprus,246.258,,246.258,253.432
2014-02-01,Cyprus,229.216,,229.216,235.599
2014-03-01,Cyprus,306.09,,306.09,312.209
2014-04-01,Cyprus,534.378,,534.378,538.616
2014-05-01,Cyprus,745.245,0.005,745.24,749.666
2014-06-01,Cyprus,873.571,,873.571,878.936
2014-07-01,Cyprus,1008.904,,1008.904,1016.96
2014-08-01,Cyprus,1063.336,,1063.336,1077.909
2014-09-01,Cyprus,881.034,,881.034,892.052
2014-10-01,Cyprus,772.63,,772.63,780.754
2014-11-01,Cyprus,370.76,,370.76,376.193
2014-12-01,Cyprus,297.124,,297.124,303.658
2015-01-01,Cyprus,266.901,,266.901,273.334
2015-02-01,Cyprus,245.305,,245.305,251.41
2015-03-01,Cyprus,341.318,,341.318,347.353
2015-04-01,Cyprus,566.41,,566.41,572.917
2015-05-01,Cyprus,761.1,,761.1,769.18
2015-06-01,Cyprus,848.491,,848.491,856.441
2015-07-01,Cyprus,1042.322,,1042.322,1053.556
2015-08-01,Cyprus,1092.384,,1092.384,1102.233
2015-09-01,Cyprus,938.495,,938.495,948.626
2015-10-01,Cyprus,762.881,,762.881,774.69
2015-11-01,Cyprus,405.956,,405.956,413.883
2015-12-01,Cyprus,319.224,,319.224,325.986
2016-01-01,Cyprus,290.9,,290.9,297.991
2016-02-01,Cyprus,283.688,,283.688,290.691
2016-03-01,Cyprus,416.466,,416.466,419.899
2016-04-01,Cyprus,602.24,,602.24,608.303
2016-05-01,Cyprus,901.195,,901.195,908.572
2016-06-01,Cyprus,1011.528,,1011.528,1021.357
2016-07-01,Cyprus,1218.73,,1218.73,1229.974
2016-08-01,Cyprus,1260.117,,1260.117,1269.366
2016-09-01,Cyprus,1096.334,,1096.334,1105.379
2016-10-01,Cyprus,1007.761,,1007.761,1009.258
2016-11-01,Cyprus,485.768,,485.768,490.476
2016-12-01,Cyprus,387.09,,387.09,396.93
2017-01-01,Cyprus,364.542,,364.542,365.261
2017-02-01,Cyprus,347.714,,347.714,348.057
2017-03-01,Cyprus,466.747,,466.747,468.97
2017-04-01,Cyprus,780.519,,780.519,781.181
2017-05-01,Cyprus,1011.924,,1011.924,1012.982
2017-06-01,Cyprus,1159.991,0.002,1159.989,1160.748
2017-07-01,Cyprus,1361.752,,1361.752,1363.165
2017-08-01,Cyprus,1403.953,,1403.953,1405.246
2017-09-01,Cyprus,1242.078,,1242.078,1243.492
2017-10-01,Cyprus,1129.451,0.003,1129.448,1137.994
2017-11-01,Cyprus,547.681,,547.681,548.728
2017-12-01,Cyprus,422.561,,422.561,431.306
2018-01-01,Cyprus,387.747,,387.747,
2018-02-01,Cyprus,386.143,,386.143,
2018-03-01,Cyprus,559.023,,559.023,
2018-04-01,Cyprus,847.806,,847.806,
2018-05-01,Cyprus,1084.157,,1084.157,
2018-06-01,Cyprus,1253.226,,1253.226,
2018-07-01,Cyprus,1413.909,,1413.909,
2018-08-01,Cyprus,1471.489,0.001,1471.488,
2018-09-01,Cyprus,1313.899,,1313.899,
2018-10-01,Cyprus,1165.086,,1165.086,
2018-11-01,Cyprus,580.128,,580.128,
2018-12-01,Cyprus,464.488,,464.488,
2010-01-01,Czechia,714.916,14.299,700.617,689.454
2010-02-01,Czechia,685.925,14.701,671.224,665.586
2010-03-01,Czechia,887.087,17.856,869.231,859.495
2010-04-01,Czechia,816.449,13.784,802.665,786.253
2010-05-01,Czechia,1050.3,20.371,1029.929,1006.893
2010-06-01,Czechia,1203.284,22.989,1180.295,1112.911
2010-07-01,Czechia,1412.454,19.079,1393.375,1289.152
2010-08-01,Czechia,1431.857,18.727,1413.13,1308.083
2010-09-01,Czechia,1316.832,24.923,1291.909,1219.848
2010-10-01,Czechia,1128.032,20.363,1107.669,1083.435
2010-11-01,Czechia,824.18,10.772,813.408,793.16
2010-12-01,Czechia,771.07,7.637,763.433,742.588
2011-01-01,Czechia,690.029,8.329,681.7,658.082
2011-02-01,Czechia,657.122,9.598,647.524,641.394
2011-03-01,Czechia,868.443,10.187,858.256,834.973
2011-04-01,Czechia,1048.932,9.91,1039.022,1003.604
2011-05-01,Czechia,1138.954,12.844,1126.11,1079.858
2011-06-01,Czechia,1294.393,13.521,1280.872,1180.733
2011-07-01,Czechia,1479.115,13.216,1465.899,1324.531
2011-08-01,Czechia,1462.876,9.817,1453.059,1310.674
2011-09-01,Czechia,1335.896,10.133,1325.763,1218.856
2011-10-01,Czechia,1096.052,9.795,1086.257,1033.737
2011-11-01,Czechia,793.317,8.117,785.2,755.445
2011-12-01,Czechia,785.403,6.514,778.889,746.742
2012-01-01,Czechia,691.746,6.626,685.12,675.37
2012-02-01,Czechia,637.832,7.132,630.7,661.083
2012-03-01,Czechia,826.374,7.888,818.486,810.401
2012-04-01,Czechia,936.613,6.237,930.376,912.24
2012-05-01,Czechia,987.057,7.988,979.069,961.319
2012-06-01,Czechia,1194.962,9.978,1184.984,1143.314
2012-07-01,Czechia,1349.272,8.117,1341.155,1277.735
2012-08-01,Czechia,1363.301,8.119,1355.182,1295.939
2012-09-01,Czechia,1267.467,9.574,1257.893,1216.663
2012-10-01,Czechia,986.916,7.956,978.96,963.757
2012-11-01,Czechia,760.685,6.715,753.97,739.913
2012-12-01,Czechia,740.127,4.231,735.896,719.421
2013-01-01,Czechia,620.302,3.659,616.643,594.445
2013-02-01,Czechia,582.934,3.963,578.971,568.43
2013-03-01,Czechia,811.521,4.872,806.649,788.173
2013-04-01,Czechia,917.915,5.106,912.809,889.076
2013-05-01,Czechia,1030.865,6.211,1024.654,1000.817
2013-06-01,Czechia,1243.394,11.95,1231.444,1188.852
2013-07-01,Czechia,1415.407,12.018,1403.389,1336.984
2013-08-01,Czechia,1434.105,10.879,1423.226,1360.27
2013-09-01,Czechia,1299.13,9.937,1289.193,1246.889
2013-10-01,Czechia,1016.833,6.566,1010.267,988.805
2013-11-01,Czechia,761.934,4.663,757.271,740.103
2013-12-01,Czechia,757.472,3.141,754.331,734.379
2014-01-01,Czechia,648.635,2.81,645.825,621.049
2014-02-01,Czechia,606.615,3.204,603.411,590.221
2014-03-01,Czechia,810.876,5.449,805.427,786.05
2014-04-01,Czechia,948.014,6.46,941.554,920.401
2014-05-01,Czechia,1037.45,7.298,1030.152,1006.724
2014-06-01,Czechia,1265.173,11.404,1253.769,1211.929
2014-07-01,Czechia,1392.495,11.114,1381.381,1317.249
2014-08-01,Czechia,1429.282,10.244,1419.038,1353.963
2014-09-01,Czechia,1317.82,11.73,1306.09,1266.11
2014-10-01,Czechia,1041.2,8.196,1033.004,1016.346
2014-11-01,Czechia,799.675,6.619,793.056,778.583
2014-12-01,Czechia,782.638,4.34,778.298,767.435
2015-01-01,Czechia,649.303,5.012,644.291,631.663
2015-02-01,Czechia,638.12,5.678,632.442,624.673
2015-03-01,Czechia,821.51,6.772,814.738,805.56
2015-04-01,Czechia,956.678,8.135,948.543,950.573
2015-05-01,Czechia,1092.539,10.57,1081.969,1089.64
2015-06-01,Czechia,1328.075,12.895,1315.18,1298.202
2015-07-01,Czechia,1494.935,12.613,1482.322,1451.92
2015-08-01,Czechia,1506.583,12.301,1494.282,1464.237
2015-09-01,Czechia,1358.21,12.29,1345.92,1335.932
2015-10-01,Czechia,1089.549,9.474,1080.075,1092.174
2015-11-01,Czechia,871.581,7.065,864.516,873.381
2015-12-01,Czechia,864.921,4.951,859.97,879.019
2016-01-01,Czechia,711.611,5.173,706.438,707.806
2016-02-01,Czechia,722.37,4.858,717.512,718.171
2016-03-01,Czechia,907.73,5.612,902.118,907.18
2016-04-01,Czechia,975.675,5.328,970.347,974.703
2016-05-01,Czechia,1103.672,6.672,1097.0,1097.667
2016-06-01,Czechia,1348.177,8.504,1339.673,1320.635
2016-07-01,Czechia,1584.206,9.251,1574.955,1536.691
2016-08-01,Czechia,1573.745,8.486,1565.259,1528.876
2016-09-01,Czechia,1478.105,9.657,1468.448,1453.179
2016-10-01,Czechia,1225.588,8.023,1217.565,1219.937
2016-11-01,Czechia,994.899,6.43,988.469,987.87
2016-12-01,Czechia,1046.584,4.644,1041.94,1040.247
2017-01-01,Czechia,868.566,5.24,863.326,871.484
2017-02-01,Czechia,849.582,4.675,844.907,853.47
2017-03-01,Czechia,1072.321,5.934,1066.387,1075.276
2017-04-01,Czechia,1263.891,5.17,1258.721,1269.908
2017-05-01,Czechia,1341.865,5.805,1336.06,1341.226
2017-06-01,Czechia,1616.177,8.368,1607.809,1616.1
2017-07-01,Czechia,1868.592,6.249,1862.343,1862.769
2017-08-01,Czechia,1863.455,5.938,1857.517,1857.928
2017-09-01,Czechia,1732.354,6.949,1725.405,1731.733
2017-10-01,Czechia,1419.4,5.139,1414.261,1413.838
2017-11-01,Czechia,1163.466,4.505,1158.961,1146.404
2017-12-01,Czechia,1185.885,3.534,1182.351,1167.527
2018-01-01,Czechia,973.631,3.843,969.788,
2018-02-01,Czechia,972.451,3.987,968.464,
2018-03-01,Czechia,1227.26,4.809,1222.451,
2018-04-01,Czechia,1369.253,4.884,1364.369,
2018-05-01,Czechia,1458.69,4.805,1453.885,
2018-06-01,Czechia,1821.391,8.079,1813.312,
2018-07-01,Czechia,2094.469,8.359,2086.11,
2018-08-01,Czechia,2082.987,5.742,2077.245,
2018-09-01,Czechia,1879.973,8.01,1871.963,
2018-10-01,Czechia,1513.421,4.164,1509.257,
2018-11-01,Czechia,1200.038,3.195,1196.843,
2018-12-01,Czechia,1244.657,1.924,1242.733,
2010-01-01,Germany,10206.993,1698.681,8508.312,12055.078
2010-02-01,Germany,9985.787,1710.209,8275.578,11813.357
2010-03-01,Germany,13090.984,2232.321,10858.663,15442.467
2010-04-01,Germany,10879.022,1577.63,9301.392,12533.383
2010-05-01,Germany,15144.847,2106.497,13038.35,17353.932
2010-06-01,Germany,15548.468,2166.828,13381.64,17834.488
2010-07-01,Germany,17048.855,2090.605,14958.25,19268.992
2010-08-01,Germany,16905.822,1926.72,14979.102,18949.081
2010-09-01,Germany,16767.396,2344.503,14422.893,19221.897
2010-10-01,Germany,16654.159,2336.41,14317.749,19064.212
2010-11-01,Germany,12665.076,2213.272,10451.804,14945.79
2010-12-01,Germany,11233.424,1760.789,9472.635,13114.857
2011-01-01,Germany,11076.343,1771.68,9304.663,12918.2
2011-02-01,Germany,10698.666,1834.815,8863.851,12599.578
2011-03-01,Germany,13180.168,2124.015,11056.153,15360.685
2011-04-01,Germany,14225.36,1970.496,12254.864,16236.881
2011-05-01,Germany,15900.122,2274.56,13625.562,18238.418
2011-06-01,Germany,16240.836,2012.617,14228.219,18300.473
2011-07-01,Germany,17716.143,2038.911,15677.232,19785.964
2011-08-01,Germany,17188.516,1848.34,15340.176,19064.325
2011-09-01,Germany,17329.109,2281.522,15047.587,19629.199
2011-10-01,Germany,16808.357,2173.502,14634.855,19011.632
2011-11-01,Germany,12923.012,2177.836,10745.176,15178.37
2011-12-01,Germany,12029.444,1910.089,10119.355,14021.054
2012-01-01,Germany,11336.452,1771.181,9565.271,13181.709
2012-02-01,Germany,10968.126,1802.015,9166.111,12839.269
2012-03-01,Germany,13670.984,2128.472,11542.512,15859.324
2012-04-01,Germany,14556.629,1916.951,12639.678,16520.992
2012-05-01,Germany,16071.844,2125.13,13946.714,18254.718
2012-06-01,Germany,16784.744,2025.176,14759.568,18867.38
2012-07-01,Germany,18231.496,1915.009,16316.487,20190.937
2012-08-01,Germany,17775.789,1812.095,15963.694,19631.992
2012-09-01,Germany,17656.529,2099.509,15557.02,19777.543
2012-10-01,Germany,17074.719,2166.685,14908.034,19245.751
2012-11-01,Germany,12771.018,2060.033,10710.985,14857.722
2012-12-01,Germany,11692.773,1679.105,10013.668,13403.32
2013-01-01,Germany,10931.481,1608.303,9323.178,12587.693
2013-02-01,Germany,10770.018,1630.192,9139.826,12438.549
2013-03-01,Germany,13739.551,1877.79,11861.761,15655.654
2013-04-01,Germany,14557.685,1963.283,12594.402,16564.707
2013-05-01,Germany,16546.922,1916.911,14630.011,18493.273
2013-06-01,Germany,17157.093,2063.425,15093.668,19239.223
2013-07-01,Germany,18268.301,1946.668,16321.633,20223.607
2013-08-01,Germany,18264.238,1745.91,16518.328,20019.217
2013-09-01,Germany,18070.485,2107.751,15962.734,20167.938
2013-10-01,Germany,17533.644,2114.243,15419.401,19663.495
2013-11-01,Germany,12975.666,1980.143,10995.523,14988.074
2013-12-01,Germany,11968.104,1663.893,10304.211,13670.89
2014-01-01,Germany,11325.456,1628.508,9696.948,12997.29
2014-02-01,Germany,11091.453,1704.025,9387.428,12824.619
2014-03-01,Germany,13601.984,1904.687,11697.297,15533.704
2014-04-01,Germany,15024.355,1758.853,13265.502,16808.059
2014-05-01,Germany,16813.839,2072.894,14740.945,18912.754
2014-06-01,Germany,17740.47,1998.776,15741.694,19751.35
2014-07-01,Germany,18487.775,1967.006,16520.769,20450.31
2014-08-01,Germany,19425.021,1750.603,17674.418,21148.743
2014-09-01,Germany,18911.048,2151.95,16759.098,21049.417
2014-10-01,Germany,18004.125,2125.539,15878.586,20117.533
2014-11-01,Germany,13594.679,2047.346,11547.333,15660.309
2014-12-01,Germany,12425.609,1678.969,10746.64,14120.6
2015-01-01,Germany,11708.343,1589.506,10118.837,13341.07
2015-02-01,Germany,11562.591,1659.485,9903.106,13257.107
2015-03-01,Germany,14357.887,1969.502,12388.385,16364.069
2015-04-01,Germany,15683.137,1919.807,13763.33,17653.295
2015-05-01,Germany,17893.241,2059.735,15833.506,19990.015
2015-06-01,Germany,18316.734,2094.269,16222.465,20456.778
2015-07-01,Germany,19625.743,2001.086,17624.657,21667.287
2015-08-01,Germany,20255.751,1800.065,18455.686,22092.708
2015-09-01,Germany,19263.574,2156.447,17107.127,21453.084
2015-10-01,Germany,18926.255,2232.343,16693.912,21201.149
2015-11-01,Germany,13470.542,1919.805,11550.737,15420.364
2015-12-01,Germany,12872.632,1754.864,11117.768,14653.815
2016-01-01,Germany,12226.69,1644.033,10582.657,13910.801
2016-02-01,Germany,12384.17,1793.43,10590.74,14313.015
2016-03-01,Germany,15109.267,1961.827,13147.44,17111.543
2016-04-01,Germany,15798.088,2041.503,13756.585,17879.048
2016-05-01,Germany,18101.677,1999.72,16101.957,20152.337
2016-06-01,Germany,18486.171,2220.49,16265.681,20770.341
2016-07-01,Germany,20428.888,2047.479,18381.409,22540.01
2016-08-01,Germany,20280.099,1809.237,18470.862,22137.669
2016-09-01,Germany,20239.799,2295.982,17943.817,22575.384
2016-10-01,Germany,19660.824,2158.889,17501.935,21857.191
2016-11-01,Germany,13971.638,1986.171,11985.467,15985.545
2016-12-01,Germany,13999.982,1816.183,12183.799,15844.717
2017-01-01,Germany,13146.511,1712.272,11434.239,14893.222
2017-02-01,Germany,12849.806,1757.437,11092.369,14633.487
2017-03-01,Germany,15601.985,2092.036,13509.949,17729.697
2017-04-01,Germany,17906.786,1980.055,15926.731,19925.032
2017-05-01,Germany,19100.564,2268.452,16832.112,21399.978
2017-06-01,Germany,19908.381,2142.221,17766.16,22085.484
2017-07-01,Germany,21788.797,2099.336,19689.461,23919.917
2017-08-01,Germany,21571.733,1868.401,19703.332,23465.394
2017-09-01,Germany,21252.374,2261.425,18990.949,23520.194
2017-10-01,Germany,20230.108,2088.523,18141.585,22351.622
2017-11-01,Germany,14971.01,1940.907,13030.103,16939.216
2017-12-01,Germany,14061.288,1621.853,12439.435,15698.505
2018-01-01,Germany,13356.786,1614.46,11742.326,
2018-02-01,Germany,13253.657,1684.511,11569.146,
2018-03-01,Germany,16735.521,2017.204,14718.317,
2018-04-01,Germany,17975.261,1991.471,15983.79,
2018-05-01,Germany,19904.627,1999.275,17905.352,
2018-06-01,Germany,20574.997,2044.065,18530.932,
2018-07-01,Germany,22589.018,2000.67,20588.348,
2018-08-01,Germany,22462.326,1862.664,20599.662,
2018-09-01,Germany,22201.917,2218.273,19983.644,
2018-10-01,Germany,21741.647,2248.545,19493.102,
2018-11-01,Germany,16110.325,2115.925,13994.4,
2018-12-01,Germany,15516.279,1828.877,13687.402,
2010-01-01,Denmark,1537.054,163.824,1373.23,1658.555
2010-02-01,Denmark,1609.501,177.65,1431.851,1735.776
2010-03-01,Denmark,1979.184,219.802,1759.382,2133.595
2010-04-01,Denmark,1466.776,144.728,1322.048,1566.035
2010-05-01,Denmark,2156.579,215.602,1940.977,2301.853
2010-06-01,Denmark,2384.09,225.924,2158.166,2536.539
2010-07-01,Denmark,2626.516,191.229,2435.287,2741.061
2010-08-01,Denmark,2430.127,211.363,2218.764,2562.375
2010-09-01,Denmark,2303.136,229.375,2073.761,2459.594
2010-10-01,Denmark,2347.44,224.484,2122.956,2497.956
2010-11-01,Denmark,1847.457,218.943,1628.514,2002.592
2010-12-01,Denmark,1646.992,181.922,1465.07,1785.055
2011-01-01,Denmark,1666.986,182.009,1484.977,1794.523
2011-02-01,Denmark,1685.808,180.063,1505.745,1814.024
2011-03-01,Denmark,1981.175,212.846,1768.329,2131.78
2011-04-01,Denmark,2077.662,192.408,1885.254,2208.025
2011-05-01,Denmark,2303.623,222.769,2080.854,2454.726
2011-06-01,Denmark,2473.47,207.327,2266.143,2611.379
2011-07-01,Denmark,2715.608,173.246,2542.362,2826.223
2011-08-01,Denmark,2448.579,194.116,2254.463,2570.039
2011-09-01,Denmark,2412.756,215.429,2197.327,2554.4
2011-10-01,Denmark,2349.578,205.998,2143.58,2493.034
2011-11-01,Denmark,1942.03,212.09,1729.94,2082.726
2011-12-01,Denmark,1751.419,171.477,1579.942,1875.239
2012-01-01,Denmark,1763.482,173.686,1589.796,1881.405
2012-02-01,Denmark,1808.492,169.501,1638.991,1925.87
2012-03-01,Denmark,2133.485,196.754,1936.731,2264.58
2012-04-01,Denmark,2167.276,173.695,1993.581,2273.108
2012-05-01,Denmark,2286.835,144.211,2142.624,2398.38
2012-06-01,Denmark,2550.316,154.326,2395.99,2657.826
2012-07-01,Denmark,2751.574,117.898,2633.676,2826.06
2012-08-01,Denmark,2489.762,144.117,2345.645,2586.767
2012-09-01,Denmark,2448.005,167.661,2280.344,2573.289
2012-10-01,Denmark,2406.223,179.259,2226.964,2531.729
2012-11-01,Denmark,1983.487,174.302,1809.185,2128.072
2012-12-01,Denmark,1744.328,129.715,1614.613,1852.436
2013-01-01,Denmark,1760.371,139.946,1620.425,1865.527
2013-02-01,Denmark,1779.638,133.86,1645.778,1885.049
2013-03-01,Denmark,2130.275,144.462,1985.813,2244.843
2013-04-01,Denmark,2223.017,161.247,2061.77,2334.557
2013-05-01,Denmark,2447.832,173.771,2274.061,2567.345
2013-06-01,Denmark,2686.885,172.486,2514.399,2803.156
2013-07-01,Denmark,2896.613,140.498,2756.115,2983.801
2013-08-01,Denmark,2647.638,158.001,2489.637,2745.742
2013-09-01,Denmark,2544.427,177.907,2366.52,2663.737
2013-10-01,Denmark,2507.211,179.659,2327.552,2626.511
2013-11-01,Denmark,1998.405,171.349,1827.056,2119.986
2013-12-01,Denmark,1837.397,143.312,1694.085,1940.792
2014-01-01,Denmark,1828.188,142.921,1685.267,1935.28
2014-02-01,Denmark,1849.484,139.755,1709.729,1954.508
2014-03-01,Denmark,2211.555,169.508,2042.047,2339.535
2014-04-01,Denmark,2477.638,162.142,2315.496,2584.429
2014-05-01,Denmark,2633.49,181.875,2451.615,2755.868
2014-06-01,Denmark,2879.216,184.399,2694.817,2996.993
2014-07-01,Denmark,3067.188,144.7,2922.488,3150.94
2014-08-01,Denmark,2813.027,166.163,2646.864,2913.418
2014-09-01,Denmark,2678.53,185.806,2492.724,2797.766
2014-10-01,Denmark,2651.309,184.44,2466.869,2765.798
2014-11-01,Denmark,2036.477,162.929,1873.548,2140.591
2014-12-01,Denmark,1889.708,139.292,1750.416,1974.942
2015-01-01,Denmark,1854.13,136.14,1717.99,1941.27
2015-02-01,Denmark,1872.931,136.593,1736.338,1963.733
2015-03-01,Denmark,2282.557,166.029,2116.528,2387.668
2015-04-01,Denmark,2402.197,155.924,2246.273,2495.05
2015-05-01,Denmark,2631.635,167.432,2464.203,2734.461
2015-06-01,Denmark,2895.624,183.567,2712.057,3010.731
2015-07-01,Denmark,3195.14,142.811,3052.329,3279.945
2015-08-01,Denmark,2927.393,164.147,2763.246,3053.108
2015-09-01,Denmark,2845.032,179.195,2665.837,2959.866
2015-10-01,Denmark,2822.697,175.564,2647.133,2933.092
2015-11-01,Denmark,2261.523,173.373,2088.15,2377.734
2015-12-01,Denmark,2104.646,149.677,1954.969,2204.237
2016-01-01,Denmark,2064.353,140.049,1924.304,2175.472
2016-02-01,Denmark,2159.939,144.038,2015.901,2261.598
2016-03-01,Denmark,2538.415,167.689,2370.726,2647.803
2016-04-01,Denmark,2569.129,165.831,2403.298,2673.996
2016-05-01,Denmark,2904.048,184.224,2719.824,3016.469
2016-06-01,Denmark,3140.864,190.979,2949.885,3252.297
2016-07-01,Denmark,3480.953,148.425,3332.528,3562.067
2016-08-01,Denmark,3131.773,170.808,2960.965,3231.157
2016-09-01,Denmark,3053.033,187.858,2865.175,3172.38
2016-10-01,Denmark,3042.096,181.005,2861.091,3153.808
2016-11-01,Denmark,2398.47,178.327,2220.143,2512.12
2016-12-01,Denmark,2280.069,152.384,2127.685,2380.274
2017-01-01,Denmark,2208.716,148.664,2060.052,2311.558
2017-02-01,Denmark,2208.467,136.706,2071.761,2302.264
2017-03-01,Denmark,2548.433,170.886,2377.547,2659.288
2017-04-01,Denmark,2736.104,155.343,2580.761,2823.505
2017-05-01,Denmark,2954.722,179.266,2775.456,3058.472
2017-06-01,Denmark,3192.279,182.148,3010.131,3291.878
2017-07-01,Denmark,3531.785,140.308,3391.477,3598.703
2017-08-01,Denmark,3191.707,167.762,3023.945,3278.087
2017-09-01,Denmark,3092.281,179.806,2912.475,3205.563
2017-10-01,Denmark,3030.083,178.378,2851.705,3137.369
2017-11-01,Denmark,2357.263,169.516,2187.747,2471.817
2017-12-01,Denmark,2209.374,141.959,2067.415,2308.575
2018-01-01,Denmark,2183.832,141.801,2042.031,
2018-02-01,Denmark,2218.27,134.526,2083.744,
2018-03-01,Denmark,2691.52,161.693,2529.827,
2018-04-01,Denmark,2841.987,167.425,2674.562,
2018-05-01,Denmark,3156.768,182.8,2973.968,
2018-06-01,Denmark,3387.213,185.008,3202.205,
2018-07-01,Denmark,3686.607,150.524,3536.083,
2018-08-01,Denmark,3371.061,174.892,3196.169,
2018-09-01,Denmark,3239.388,180.674,3058.714,
2018-10-01,Denmark,3147.214,177.718,2969.496,
2018-11-01,Denmark,2478.048,163.247,2314.801,
2018-12-01,Denmark,2299.231,126.296,2172.935,
2010-01-01,Dominican Republic,,,,1019.011
2010-02-01,Dominican Republic,,,,894.618
2010-03-01,Dominican Republic,,,,957.871
2010-04-01,Dominican Republic,,,,823.841
2010-05-01,Dominican Republic,,,,690.12
2010-06-01,Dominican Republic,,,,817.414
2010-07-01,Dominican Republic,,,,926.918
2010-08-01,Dominican Republic,,,,866.151
2010-09-01,Dominican Republic,,,,582.89
2010-10-01,Dominican Republic,,,,585.1
2010-11-01,Dominican Republic,,,,293.651
2010-12-01,Dominican Republic,,,,354.532
2011-01-01,Dominican Republic,,,,990.851
2011-02-01,Dominican Republic,,,,882.956
2011-03-01,Dominican Republic,,,,1002.302
2011-04-01,Dominican Republic,,,,880.301
2011-05-01,Dominican Republic,,,,706.525
2011-06-01,Dominican Republic,,,,323.815
2011-07-01,Dominican Republic,,,,390.872
2011-08-01,Dominican Republic,,,,353.851
2011-09-01,Dominican Republic,,,,279.267
2011-10-01,Dominican Republic,,,,277.48
2011-11-01,Dominican Republic,,,,288.897
2011-12-01,Dominican Republic,,,,352.616
2012-01-01,Dominican Republic,,,,889.029
2012-02-01,Dominican Republic,,,,823.224
2012-03-01,Dominican Republic,,,,918.742
2012-04-01,Dominican Republic,,,,827.69
2012-05-01,Dominican Republic,,,,649.197
2012-06-01,Dominican Republic,,,,326.639
2012-07-01,Dominican Republic,,,,381.064
2012-08-01,Dominican Republic,,,,357.054
2012-09-01,Dominican Republic,,,,284.38
2012-10-01,Dominican Republic,,,,263.76
2012-11-01,Dominican Republic,,,,288.989
2012-12-01,Dominican Republic,,,,342.539
2013-01-01,Dominican Republic,,,,395.025
2013-02-01,Dominican Republic,,,,339.309
2013-03-01,Dominican Republic,,,,404.898
2013-04-01,Dominican Republic,,,,338.828
2013-05-01,Dominican Republic,,,,302.079
2013-06-01,Dominican Republic,,,,322.18
2013-07-01,Dominican Republic,,,,374.046
2013-08-01,Dominican Republic,,,,358.989
2013-09-01,Dominican Republic,,,,270.127
2013-10-01,Dominican Republic,,,,274.346
2013-11-01,Dominican Republic,,,,290.815
2013-12-01,Dominican Republic,,,,368.2
2014-01-01,Dominican Republic,,,,544.822
2014-02-01,Dominican Republic,,,,517.423
2014-03-01,Dominican Republic,,,,587.572
2014-04-01,Dominican Republic,,,,526.365
2014-05-01,Dominican Republic,,,,449.257
2014-06-01,Dominican Republic,,,,504.197
2014-07-01,Dominican Republic,,,,591.198
2014-08-01,Dominican Republic,,,,511.731
2014-09-01,Dominican Republic,,,,343.801
2014-10-01,Dominican Republic,,,,382.632
2014-11-01,Dominican Republic,,,,433.598
2014-12-01,Dominican Republic,,,,579.613
2015-01-01,Dominican Republic,,,,534.875
2015-02-01,Dominican Republic,,,,505.249
2015-03-01,Dominican Republic,,,,571.22
2015-04-01,Dominican Republic,,,,501.422
2015-05-01,Dominican Republic,,,,457.841
2015-06-01,Dominican Republic,,,,520.775
2015-07-01,Dominican Republic,,,,622.956
2015-08-01,Dominican Republic,,,,527.233
2015-09-01,Dominican Republic,,,,372.438
2015-10-01,Dominican Republic,,,,416.305
2015-11-01,Dominican Republic,,,,470.234
2015-12-01,Dominican Republic,,,,632.663
2016-01-01,Dominican Republic,,,,583.769
2016-02-01,Dominican Republic,,,,550.211
2016-03-01,Dominican Republic,,,,608.391
2016-04-01,Dominican Republic,,,,521.69
2016-05-01,Dominican Republic,,,,482.992
2016-06-01,Dominican Republic,,,,558.958
2016-07-01,Dominican Republic,,,,678.517
2016-08-01,Dominican Republic,,,,569.373
2010-01-01,Ecuador,,,,297.892
2010-02-01,Ecuador,,,,286.923
2010-03-01,Ecuador,,,,321.268
2010-04-01,Ecuador,,,,298.921
2010-05-01,Ecuador,,,,291.511
2010-06-01,Ecuador,,,,298.586
2010-07-01,Ecuador,,,,342.91
2010-08-01,Ecuador,,,,360.044
2010-09-01,Ecuador,,,,311.53
2010-10-01,Ecuador,,,,330.657
2010-11-01,Ecuador,,,,318.558
2010-12-01,Ecuador,,,,325.424
2011-01-01,Ecuador,,,,327.546
2011-02-01,Ecuador,,,,304.356
2011-03-01,Ecuador,,,,341.793
2011-04-01,Ecuador,,,,317.68
2011-05-01,Ecuador,,,,337.344
2011-06-01,Ecuador,,,,330.403
2011-07-01,Ecuador,,,,385.306
2011-08-01,Ecuador,,,,391.086
2011-09-01,Ecuador,,,,358.38
2011-10-01,Ecuador,,,,360.422
2011-11-01,Ecuador,,,,354.981
2011-12-01,Ecuador,,,,350.127
2012-01-01,Ecuador,,,,342.519
2012-02-01,Ecuador,,,,316.017
2012-03-01,Ecuador,,,,343.105
2012-04-01,Ecuador,,,,298.874
2012-05-01,Ecuador,,,,298.373
2012-06-01,Ecuador,,,,298.738
2012-07-01,Ecuador,,,,324.471
2012-08-01,Ecuador,,,,340.387
2012-09-01,Ecuador,,,,309.288
2014-01-01,Egypt,,,,2245.813
2014-02-01,Egypt,,,,1982.046
2014-03-01,Egypt,,,,2403.556
2014-04-01,Egypt,,,,2569.916
2014-05-01,Egypt,,,,2588.944
2014-06-01,Egypt,,,,2843.62
2014-07-01,Egypt,,,,2763.069
2014-08-01,Egypt,,,,3346.284
2014-09-01,Egypt,,,,2841.576
2014-10-01,Egypt,,,,2900.338
2014-11-01,Egypt,,,,2536.764
2014-12-01,Egypt,,,,2362.845
2015-01-01,Egypt,,,,2706.241
2015-02-01,Egypt,,,,2387.969
2015-03-01,Egypt,,,,2671.19
2015-04-01,Egypt,,,,2875.157
2015-05-01,Egypt,,,,2840.806
2015-06-01,Egypt,,,,2897.851
2015-07-01,Egypt,,,,3091.639
2015-08-01,Egypt,,,,3269.702
2015-09-01,Egypt,,,,2822.137
2015-10-01,Egypt,,,,2806.922
2015-11-01,Egypt,,,,1962.353
2015-12-01,Egypt,,,,1944.542
2016-01-01,Egypt,,,,2085.644
2016-02-01,Egypt,,,,1836.87
2016-03-01,Egypt,,,,1949.248
2016-04-01,Egypt,,,,1851.966
2016-05-01,Egypt,,,,1961.581
2016-06-01,Egypt,,,,1866.945
2016-07-01,Egypt,,,,2114.745
2016-08-01,Egypt,,,,2223.858
2016-09-01,Egypt,,,,2324.869
2016-10-01,Egypt,,,,1832.18
2016-11-01,Egypt,,,,1590.459
2017-02-01,Egypt,,,,1723.265
2017-03-01,Egypt,,,,1810.091
2010-01-01,Spain,8856.126,2489.258,6366.868,11397.341
2010-02-01,Spain,9029.981,2681.978,6348.003,11766.428
2010-03-01,Spain,11320.004,3211.03,8108.974,14587.075
2010-04-01,Spain,11208.04,3147.591,8060.449,14380.475
2010-05-01,Spain,13526.313,3190.197,10336.116,16767.653
2010-06-01,Spain,14735.901,3381.575,11354.326,18181.311
2010-07-01,Spain,17291.187,3818.087,13473.1,21171.445
2010-08-01,Spain,17854.488,3866.937,13987.551,21787.668
2010-09-01,Spain,15381.718,3418.491,11963.227,18859.77
2010-10-01,Spain,14441.446,3337.727,11103.719,17830.877
2010-11-01,Spain,10341.695,2962.252,7379.443,13361.334
2010-12-01,Spain,9400.115,2722.083,6678.032,12195.96
2011-01-01,Spain,9473.803,2543.718,6930.085,12091.66
2011-02-01,Spain,9579.589,2657.323,6922.266,12297.602
2011-03-01,Spain,11961.986,3217.156,8744.83,15257.411
2011-04-01,Spain,13999.066,3269.847,10729.219,17337.828
2011-05-01,Spain,14564.261,3211.582,11352.679,17850.407
2011-06-01,Spain,15977.882,3368.836,12609.046,19421.45
2011-07-01,Spain,18690.572,3830.333,14860.239,22596.748
2011-08-01,Spain,18880.593,3851.994,15028.599,22802.996
2011-09-01,Spain,16745.596,3472.218,13273.378,20283.312
2011-10-01,Spain,15062.648,3121.085,11941.563,18241.064
2011-11-01,Spain,10276.522,2746.016,7530.506,13086.883
2011-12-01,Spain,9940.712,2676.416,7264.296,12694.96
2012-01-01,Spain,9306.924,2355.761,6951.163,11748.51
2012-02-01,Spain,9207.701,2328.464,6879.237,11622.052
2012-03-01,Spain,11382.871,2733.854,8649.017,14189.949
2012-04-01,Spain,13210.008,2806.439,10403.569,16086.538
2012-05-01,Spain,14220.143,2886.037,11334.106,17174.537
2012-06-01,Spain,16003.971,3083.997,12919.974,19172.033
2012-07-01,Spain,18459.434,3496.835,14962.599,22034.048
2012-08-01,Spain,18585.614,3461.256,15124.358,22119.694
2012-09-01,Spain,16475.542,3029.41,13446.132,19594.92
2012-10-01,Spain,14226.372,2674.409,11551.963,16978.924
2012-11-01,Spain,9566.851,2166.89,7399.961,11821.713
2012-12-01,Spain,9125.83,2189.705,6936.125,11389.976
2013-01-01,Spain,8590.956,2004.525,6586.431,10681.057
2013-02-01,Spain,8444.049,1918.746,6525.303,10446.373
2013-03-01,Spain,11025.94,2284.086,8741.854,13401.839
2013-04-01,Spain,12416.632,2359.742,10056.89,14854.904
2013-05-01,Spain,14353.5,2451.144,11902.356,16872.251
2013-06-01,Spain,15887.131,2591.524,13295.607,18545.882
2013-07-01,Spain,18047.426,2921.824,15125.602,21033.179
2013-08-01,Spain,18561.941,2906.855,15655.086,21527.56
2013-09-01,Spain,16374.282,2590.475,13783.807,19031.074
2013-10-01,Spain,14422.718,2385.671,12037.047,16866.941
2013-11-01,Spain,10040.406,2098.072,7942.334,12207.887
2013-12-01,Spain,9566.992,2086.818,7480.174,11729.165
2014-01-01,Spain,9007.027,1860.901,7146.126,10947.402
2014-02-01,Spain,8844.369,1840.095,7004.274,10768.076
2014-03-01,Spain,11106.476,2239.576,8866.9,13432.431
2014-04-01,Spain,13704.291,2461.747,11242.544,16237.631
2014-05-01,Spain,15007.861,2446.254,12561.607,17526.599
2014-06-01,Spain,16622.395,2699.025,13923.37,19429.754
2014-07-01,Spain,18749.28,3032.034,15717.246,21885.834
2014-08-01,Spain,19714.262,3076.628,16637.634,22894.324
2014-09-01,Spain,17167.348,2739.484,14427.864,20012.891
2014-10-01,Spain,15099.949,2520.978,12578.971,17717.803
2014-11-01,Spain,10351.465,2138.142,8213.323,12598.328
2014-12-01,Spain,9979.659,2151.681,7827.978,12238.524
2015-01-01,Spain,9496.882,1899.789,7597.093,11527.013
2015-02-01,Spain,9372.113,1943.47,7428.643,11438.826
2015-03-01,Spain,11835.533,2380.358,9455.175,14361.008
2015-04-01,Spain,14086.347,2578.972,11507.375,16790.044
2015-05-01,Spain,15967.412,2606.022,13361.39,18696.402
2015-06-01,Spain,17215.856,2797.837,14418.019,20147.47
2015-07-01,Spain,19737.822,3210.397,16527.425,23086.663
2015-08-01,Spain,20551.587,3277.945,17273.642,23980.501
2015-09-01,Spain,17960.01,2905.676,15054.334,21010.238
2015-10-01,Spain,16311.112,2664.344,13646.768,19108.43
2015-11-01,Spain,11297.437,2288.6,9008.837,13755.02
2015-12-01,Spain,10820.392,2327.703,8492.689,13338.895
2016-01-01,Spain,10576.079,2150.34,8425.739,12951.418
2016-02-01,Spain,10841.422,2247.438,8593.984,13304.464
2016-03-01,Spain,13524.242,2704.371,10819.871,16449.82
2016-04-01,Spain,15092.08,2675.525,12416.555,17977.914
2016-05-01,Spain,17691.974,2904.386,14787.588,20805.846
2016-06-01,Spain,19024.463,3065.396,15959.067,22306.725
2016-07-01,Spain,22032.687,3364.89,18667.797,25654.521
2016-08-01,Spain,22166.098,3379.255,18786.843,25796.656
2016-09-01,Spain,19829.99,3115.591,16714.399,23171.969
2016-10-01,Spain,18353.58,2841.561,15512.019,21433.987
2016-11-01,Spain,12408.391,2529.236,9879.155,15157.768
2016-12-01,Spain,12331.031,2456.649,9874.382,15017.286
2017-01-01,Spain,11721.882,2277.647,9444.235,14241.232
2017-02-01,Spain,11510.948,2254.331,9256.617,13982.683
2017-03-01,Spain,14162.252,2801.433,11360.819,17195.059
2017-04-01,Spain,17738.888,3025.838,14713.05,20993.244
2017-05-01,Spain,19041.33,3076.963,15964.367,22354.937
2017-06-01,Spain,20926.797,3311.844,17614.953,24479.468
2017-07-01,Spain,23635.177,3625.598,20009.579,27535.765
2017-08-01,Spain,23573.035,3557.776,20015.259,27388.616
2017-09-01,Spain,21439.063,3352.993,18086.07,25048.887
2017-10-01,Spain,19379.552,3174.219,16205.333,22809.968
2017-11-01,Spain,13457.715,2857.566,10600.149,16544.907
2017-12-01,Spain,13237.45,2850.248,10387.202,16333.404
2018-01-01,Spain,12604.441,2651.518,9952.923,
2018-02-01,Spain,12425.769,2625.813,9799.956,
2018-03-01,Spain,15651.657,3190.742,12460.915,
2018-04-01,Spain,18081.12,3313.832,14767.288,
2018-05-01,Spain,20102.304,3468.104,16634.2,
2018-06-01,Spain,21901.051,3596.831,18304.22,
2018-07-01,Spain,24212.494,3937.602,20274.892,
2018-08-01,Spain,24145.09,3892.869,20252.221,
2018-09-01,Spain,22288.388,3683.941,18604.447,
2018-10-01,Spain,20534.431,3522.298,17012.133,
2018-11-01,Spain,14384.398,3092.578,11291.82,
2018-12-01,Spain,14280.286,3081.061,11199.225,
2010-01-01,Estonia,88.328,1.834,86.494,88.528
2010-02-01,Estonia,83.729,1.34,82.389,83.903
2010-03-01,Estonia,109.021,1.591,107.43,109.283
2010-04-01,Estonia,87.198,1.156,86.042,88.801
2010-05-01,Estonia,124.222,1.934,122.288,124.735
2010-06-01,Estonia,138.498,2.243,136.255,139.164
2010-07-01,Estonia,135.412,3.374,132.038,135.151
2010-08-01,Estonia,137.726,2.975,134.751,138.086
2010-09-01,Estonia,133.593,2.181,131.412,133.237
2010-10-01,Estonia,131.427,2.235,129.192,131.503
2010-11-01,Estonia,108.565,1.869,106.696,109.039
2010-12-01,Estonia,103.343,1.922,101.421,103.401
2011-01-01,Estonia,110.607,1.873,108.734,111.205
2011-02-01,Estonia,103.79,1.595,102.195,104.199
2011-03-01,Estonia,136.764,2.171,134.593,137.257
2011-04-01,Estonia,149.33,2.316,147.014,149.705
2011-05-01,Estonia,180.284,2.795,177.489,180.751
2011-06-01,Estonia,186.556,3.042,183.514,186.945
2011-07-01,Estonia,188.606,3.526,185.08,189.026
2011-08-01,Estonia,192.778,3.446,189.332,193.321
2011-09-01,Estonia,185.063,2.187,182.876,185.359
2011-10-01,Estonia,179.521,2.144,177.377,180.105
2011-11-01,Estonia,151.528,1.891,149.637,152.219
2011-12-01,Estonia,142.742,1.98,140.762,143.08
2012-01-01,Estonia,133.273,1.514,131.759,133.493
2012-02-01,Estonia,125.804,1.614,124.19,126.054
2012-03-01,Estonia,163.573,2.038,161.535,163.783
2012-04-01,Estonia,191.656,2.086,189.57,192.027
2012-05-01,Estonia,215.075,1.97,213.105,215.679
2012-06-01,Estonia,224.968,2.344,222.624,225.565
2012-07-01,Estonia,227.873,2.469,225.404,228.287
2012-08-01,Estonia,223.484,2.549,220.935,223.815
2012-09-01,Estonia,208.067,2.456,205.611,208.506
2012-10-01,Estonia,202.796,2.456,200.34,202.93
2012-11-01,Estonia,150.764,2.201,148.563,150.973
2012-12-01,Estonia,135.094,1.388,133.706,135.178
2013-01-01,Estonia,123.139,1.273,121.866,123.461
2013-02-01,Estonia,108.612,1.168,107.444,108.891
2013-03-01,Estonia,143.652,1.252,142.4,144.017
2013-04-01,Estonia,160.495,1.104,159.391,161.127
2013-05-01,Estonia,183.407,1.741,181.666,184.252
2013-06-01,Estonia,200.012,1.721,198.291,199.831
2013-07-01,Estonia,198.795,2.541,196.254,198.501
2013-08-01,Estonia,200.405,2.326,198.079,199.782
2013-09-01,Estonia,190.431,1.635,188.796,190.329
2013-10-01,Estonia,187.84,1.671,186.169,188.005
2013-11-01,Estonia,136.779,1.447,135.332,136.043
2013-12-01,Estonia,124.998,1.325,123.673,124.562
2014-01-01,Estonia,120.548,1.205,119.343,119.911
2014-02-01,Estonia,113.71,0.961,112.749,113.157
2014-03-01,Estonia,149.286,1.075,148.211,148.901
2014-04-01,Estonia,159.035,1.326,157.709,158.758
2014-05-01,Estonia,186.132,1.369,184.763,185.567
2014-06-01,Estonia,200.877,1.712,199.165,200.507
2014-07-01,Estonia,212.112,2.256,209.856,211.92
2014-08-01,Estonia,208.671,1.942,206.729,208.537
2014-09-01,Estonia,195.525,1.204,194.321,195.301
2014-10-01,Estonia,189.193,1.357,187.836,189.084
2014-11-01,Estonia,147.57,1.067,146.503,148.372
2014-12-01,Estonia,137.147,1.156,135.991,137.276
2015-01-01,Estonia,127.698,1.052,126.646,128.089
2015-02-01,Estonia,121.827,1.092,120.735,122.462
2015-03-01,Estonia,162.494,1.342,161.152,162.797
2015-04-01,Estonia,174.411,1.474,172.937,174.527
2015-05-01,Estonia,200.502,1.662,198.84,201.53
2015-06-01,Estonia,217.155,1.908,215.247,217.812
2015-07-01,Estonia,230.818,2.331,228.487,231.251
2015-08-01,Estonia,233.652,2.183,231.469,234.237
2015-09-01,Estonia,207.006,1.651,205.355,207.426
2015-10-01,Estonia,206.634,1.866,204.768,207.276
2015-11-01,Estonia,145.37,1.604,143.766,145.679
2015-12-01,Estonia,133.411,1.394,132.017,133.577
2016-01-01,Estonia,126.673,1.156,125.517,127.472
2016-02-01,Estonia,127.811,1.328,126.483,128.037
2016-03-01,Estonia,157.596,1.674,155.922,158.023
2016-04-01,Estonia,179.293,0.032,179.261,180.268
2016-05-01,Estonia,200.537,,200.537,201.061
2016-06-01,Estonia,224.055,0.762,223.293,224.76
2016-07-01,Estonia,227.231,2.296,224.935,227.867
2016-08-01,Estonia,227.497,2.386,225.111,228.175
2016-09-01,Estonia,214.518,1.776,212.742,214.649
2016-10-01,Estonia,210.284,2.276,208.008,210.735
2016-11-01,Estonia,159.672,1.901,157.771,159.969
2016-12-01,Estonia,159.822,1.774,158.048,159.663
2017-01-01,Estonia,154.185,1.455,152.73,154.783
2017-02-01,Estonia,149.119,1.438,147.681,149.564
2017-03-01,Estonia,184.307,1.64,182.667,184.431
2017-04-01,Estonia,202.889,1.773,201.116,203.958
2017-05-01,Estonia,232.518,2.166,230.352,234.008
2017-06-01,Estonia,258.805,2.322,256.483,259.775
2017-07-01,Estonia,270.526,2.933,267.593,272.688
2017-08-01,Estonia,272.676,2.856,269.82,274.075
2017-09-01,Estonia,264.776,2.023,262.753,266.751
2017-10-01,Estonia,255.403,2.074,253.329,257.027
2017-11-01,Estonia,201.932,1.891,200.041,202.701
2017-12-01,Estonia,188.009,1.953,186.056,188.6
2018-01-01,Estonia,174.049,1.72,172.329,
2018-02-01,Estonia,170.81,1.747,169.063,
2018-03-01,Estonia,209.683,2.546,207.137,
2018-04-01,Estonia,237.676,2.159,235.517,
2018-05-01,Estonia,273.84,2.549,271.291,
2018-06-01,Estonia,298.147,2.687,295.46,
2018-07-01,Estonia,310.856,3.264,307.592,
2018-08-01,Estonia,304.734,2.573,302.161,
2018-09-01,Estonia,283.175,2.188,280.987,
2018-10-01,Estonia,283.994,2.243,281.751,
2018-11-01,Estonia,226.791,2.142,224.649,
2018-12-01,Estonia,221.773,1.966,219.807,
2010-01-01,Finland,1052.616,190.01,862.606,1211.792
2010-02-01,Finland,1041.402,219.4,822.002,1214.599
2010-03-01,Finland,1267.8,271.326,996.474,1476.742
2010-04-01,Finland,860.07,147.681,712.389,978.632
2010-05-01,Finland,1222.318,184.809,1037.509,1365.093
2010-06-01,Finland,1346.123,175.967,1170.156,1480.505
2010-07-01,Finland,1303.233,116.757,1186.476,1393.846
2010-08-01,Finland,1275.217,156.87,1118.347,1403.362
2010-09-01,Finland,1286.259,205.073,1081.186,1449.94
2010-10-01,Finland,1342.615,195.739,1146.876,1493.72
2010-11-01,Finland,1137.52,217.334,920.186,1309.069
2010-12-01,Finland,1085.463,169.29,916.173,1205.836
2011-01-01,Finland,1161.332,202.757,958.575,1299.345
2011-02-01,Finland,1130.671,223.867,906.804,1291.05
2011-03-01,Finland,1351.546,278.591,1072.955,1553.1
2011-04-01,Finland,1367.587,259.895,1107.692,1555.925
2011-05-01,Finland,1443.21,241.435,1201.775,1612.285
2011-06-01,Finland,1550.563,221.515,1329.048,1714.458
2011-07-01,Finland,1514.558,160.434,1354.124,1634.687
2011-08-01,Finland,1435.078,194.47,1240.608,1581.654
2011-09-01,Finland,1431.985,244.318,1187.667,1604.939
2011-10-01,Finland,1468.349,232.668,1235.681,1631.614
2011-11-01,Finland,1197.71,243.281,954.429,1381.035
2011-12-01,Finland,1321.809,250.815,1070.994,1501.766
2012-01-01,Finland,1256.353,246.19,1010.163,1454.0
2012-02-01,Finland,1251.262,273.035,978.227,1475.046
2012-03-01,Finland,1437.276,325.863,1111.413,1705.972
2012-04-01,Finland,1388.408,251.304,1137.104,1589.277
2012-05-01,Finland,1415.611,223.568,1192.043,1593.544
2012-06-01,Finland,1516.745,205.947,1310.798,1688.096
2012-07-01,Finland,1454.574,147.028,1307.546,1583.892
2012-08-01,Finland,1415.81,189.868,1225.942,1570.224
2012-09-01,Finland,1415.054,220.5,1194.554,1595.014
2012-10-01,Finland,1433.37,209.495,1223.875,1597.035
2012-11-01,Finland,1197.779,220.998,976.781,1377.286
2012-12-01,Finland,1276.573,207.384,1069.189,1433.031
2013-01-01,Finland,1190.652,199.958,990.694,1351.938
2013-02-01,Finland,1181.445,224.683,956.762,1365.026
2013-03-01,Finland,1377.146,271.11,1106.036,1605.18
2013-04-01,Finland,1357.674,226.995,1130.679,1542.073
2013-05-01,Finland,1420.393,200.544,1219.849,1579.328
2013-06-01,Finland,1537.015,180.241,1356.774,1685.723
2013-07-01,Finland,1538.437,130.453,1407.984,1652.252
2013-08-01,Finland,1493.923,166.5,1327.423,1634.767
2013-09-01,Finland,1461.236,209.39,1251.846,1631.917
2013-10-01,Finland,1478.043,202.653,1275.39,1638.614
2013-11-01,Finland,1193.585,211.86,981.725,1373.305
2013-12-01,Finland,1335.842,215.12,1120.722,1505.654
2014-01-01,Finland,1252.591,210.783,1041.808,1428.043
2014-02-01,Finland,1226.866,232.089,994.777,1422.316
2014-03-01,Finland,1426.007,283.757,1142.25,1665.567
2014-04-01,Finland,1420.894,221.023,1199.871,1601.568
2014-05-01,Finland,1465.517,201.949,1263.568,1630.228
2014-06-01,Finland,1609.155,192.18,1416.975,1769.495
2014-07-01,Finland,1563.729,130.431,1433.298,1674.548
2014-08-01,Finland,1537.721,177.697,1360.024,1686.583
2014-09-01,Finland,1495.137,212.735,1282.402,1667.9
2014-10-01,Finland,1546.467,212.435,1334.032,1715.049
2014-11-01,Finland,1261.839,221.129,1040.71,1449.544
2014-12-01,Finland,1366.008,219.986,1146.022,1540.539
2015-01-01,Finland,1246.361,200.422,1045.939,1409.742
2015-02-01,Finland,1246.082,233.711,1012.371,1439.561
2015-03-01,Finland,1440.44,278.331,1162.109,1672.013
2015-04-01,Finland,1410.426,219.654,1190.772,1591.839
2015-05-01,Finland,1474.746,205.844,1268.902,1642.501
2015-06-01,Finland,1599.596,198.065,1401.531,1760.203
2015-07-01,Finland,1607.679,147.618,1460.061,1721.039
2015-08-01,Finland,1579.508,187.203,1392.305,1734.337
2015-09-01,Finland,1530.338,218.95,1311.388,1705.214
2015-10-01,Finland,1590.824,224.742,1366.082,1766.733
2015-11-01,Finland,1315.051,239.831,1075.22,1516.012
2015-12-01,Finland,1438.195,244.765,1193.43,1626.91
2016-01-01,Finland,1310.388,221.145,1089.243,1490.049
2016-02-01,Finland,1350.495,264.109,1086.386,1570.64
2016-03-01,Finland,1489.029,285.024,1204.005,1730.433
2016-04-01,Finland,1419.066,234.394,1184.672,1609.9
2016-05-01,Finland,1526.576,215.661,1310.915,1706.843
2016-06-01,Finland,1644.55,196.714,1447.836,1810.22
2016-07-01,Finland,1642.879,136.396,1506.483,1743.922
2016-08-01,Finland,1597.493,185.964,1411.529,1756.432
2016-09-01,Finland,1584.146,230.012,1354.134,1776.05
2016-10-01,Finland,1583.955,214.426,1369.529,1758.298
2016-11-01,Finland,1368.336,250.151,1118.185,1580.665
2016-12-01,Finland,1583.041,254.884,1328.157,1777.723
2017-01-01,Finland,1444.45,249.961,1194.489,1651.608
2017-02-01,Finland,1414.963,267.415,1147.548,1636.33
2017-03-01,Finland,1583.773,299.521,1284.252,1835.193
2017-04-01,Finland,1574.73,232.604,1342.126,1767.804
2017-05-01,Finland,1694.938,212.765,1482.173,1855.712
2017-06-01,Finland,1825.647,187.552,1638.095,1953.351
2017-07-01,Finland,1830.037,126.227,1703.81,1901.682
2017-08-01,Finland,1791.313,185.198,1606.115,1927.09
2017-09-01,Finland,1767.359,228.501,1538.858,1922.685
2017-10-01,Finland,1784.812,225.763,1559.049,1953.44
2017-11-01,Finland,1563.301,268.866,1294.435,1778.436
2017-12-01,Finland,1779.624,274.293,1505.331,1966.368
2018-01-01,Finland,1625.31,278.967,1346.343,
2018-02-01,Finland,1599.966,295.415,1304.551,
2018-03-01,Finland,1818.956,326.912,1492.044,
2018-04-01,Finland,1783.442,260.17,1523.272,
2018-05-01,Finland,1898.459,229.351,1669.108,
2018-06-01,Finland,2033.407,201.151,1832.256,
2018-07-01,Finland,2045.461,153.933,1891.528,
2018-08-01,Finland,1958.823,192.274,1766.549,
2018-09-01,Finland,1899.198,231.651,1667.547,
2018-10-01,Finland,1915.859,239.026,1676.833,
2018-11-01,Finland,1648.033,274.654,1373.379,
2018-12-01,Finland,1946.616,308.16,1638.456,
2010-01-01,France,8013.729,1858.247,6155.482,8933.803
2010-02-01,France,7617.465,1766.65,5850.815,8584.127
2010-03-01,France,9252.808,2157.837,7094.971,10476.041
2010-04-01,France,8650.577,1886.777,6763.8,9701.404
2010-05-01,France,10829.461,2297.133,8532.328,12242.146
2010-06-01,France,10957.697,2408.768,8548.929,12436.128
2010-07-01,France,12556.643,2562.835,9993.808,13829.141
2010-08-01,France,12287.209,2372.584,9914.625,13327.409
2010-09-01,France,10788.765,2225.727,8563.038,12159.483
2010-10-01,France,10530.337,2223.298,8307.039,11914.907
2010-11-01,France,8635.091,2090.407,6544.684,10014.801
2010-12-01,France,8577.425,2077.341,6500.084,9803.217
2011-01-01,France,8534.426,2029.09,6505.336,9666.252
2011-02-01,France,8033.804,1911.195,6122.609,9184.92
2011-03-01,France,9490.702,2200.529,7290.173,10880.341
2011-04-01,France,10846.023,2301.672,8544.351,12289.846
2011-05-01,France,11260.615,2402.182,8858.433,12890.589
2011-06-01,France,11527.957,2534.281,8993.676,13159.757
2011-07-01,France,13202.996,2653.42,10549.576,14628.869
2011-08-01,France,12483.7,2378.797,10104.903,13647.077
2011-09-01,France,11558.81,2382.91,9175.9,13084.309
2011-10-01,France,10897.892,2326.226,8571.666,12396.493
2011-11-01,France,8842.73,2130.594,6712.136,10275.857
2011-12-01,France,9333.602,2279.145,7054.457,10702.037
2012-01-01,France,8750.735,2091.218,6659.517,9926.86
2012-02-01,France,8335.525,1951.419,6384.106,9458.858
2012-03-01,France,9951.848,2277.619,7674.229,11342.064
2012-04-01,France,11277.694,2339.312,8938.382,12729.481
2012-05-01,France,11431.852,2364.142,9067.71,13011.989
2012-06-01,France,11922.585,2556.94,9365.645,13672.697
2012-07-01,France,13536.826,2757.863,10778.963,15163.082
2012-08-01,France,13192.853,2489.598,10703.255,14555.109
2012-09-01,France,11946.555,2396.813,9549.742,13540.834
2012-10-01,France,10927.954,2325.543,8602.411,12495.859
2012-11-01,France,9179.142,2196.759,6982.383,10710.218
2012-12-01,France,9310.893,2249.436,7061.457,10720.771
2013-01-01,France,8648.378,2029.49,6618.888,9727.721
2013-02-01,France,8273.792,1996.605,6277.187,9422.845
2013-03-01,France,10306.089,2305.712,8000.377,11614.362
2013-04-01,France,11183.932,2418.892,8765.04,12642.214
2013-05-01,France,12105.1,2498.755,9606.345,13564.006
2013-06-01,France,12210.129,2578.634,9631.495,13791.385
2013-07-01,France,13550.913,2809.231,10741.682,15019.54
2013-08-01,France,13836.436,2582.065,11254.371,14999.451
2013-09-01,France,12216.344,2455.672,9760.672,13701.866
2013-10-01,France,11513.218,2458.974,9054.244,13049.354
2013-11-01,France,9203.807,2176.129,7027.678,10641.99
2013-12-01,France,9714.737,2313.838,7400.899,11095.779
2014-01-01,France,9064.682,2052.571,7012.111,10187.663
2014-02-01,France,8617.924,1983.371,6634.553,9786.551
2014-03-01,France,10378.139,2288.84,8089.299,11741.285
2014-04-01,France,11763.853,2398.588,9365.265,13245.209
2014-05-01,France,12405.522,2386.227,10019.295,13904.063
2014-06-01,France,12867.582,2672.673,10194.909,14605.145
2014-07-01,France,13913.622,2731.1,11182.522,15402.771
2014-08-01,France,14548.741,2536.819,12011.922,15760.504
2014-09-01,France,11434.54,1986.923,9447.617,12568.096
2014-10-01,France,11970.793,2454.215,9516.578,13547.234
2014-11-01,France,9364.723,2114.97,7249.753,10806.697
2014-12-01,France,10030.55,2314.652,7715.898,11452.142
2015-01-01,France,9330.402,2053.546,7276.856,10406.368
2015-02-01,France,8973.519,2018.312,6955.207,10121.316
2015-03-01,France,10519.596,2276.636,8242.96,11875.472
2015-04-01,France,11754.598,2330.996,9423.602,13109.483
2015-05-01,France,12887.801,2446.547,10441.254,14355.328
2015-06-01,France,12990.793,2594.716,10396.077,14621.799
2015-07-01,France,14637.298,2703.031,11934.267,16029.529
2015-08-01,France,15051.15,2531.99,12519.16,16180.428
2015-09-01,France,12976.938,2407.038,10569.9,14492.484
2015-10-01,France,12573.842,2483.056,10090.786,14111.446
2015-11-01,France,9279.859,2061.323,7218.536,10646.689
2015-12-01,France,9891.773,2258.917,7632.856,11222.338
2016-01-01,France,9500.484,2074.25,7426.234,10881.72
2016-02-01,France,9421.939,2094.892,7327.047,10932.784
2016-03-01,France,10771.06,2282.172,8488.888,12393.72
2016-04-01,France,12360.62,2467.19,9893.43,14251.84
2016-05-01,France,13087.761,2531.212,10556.549,15108.878
2016-06-01,France,13149.053,2630.333,10518.72,15309.791
2016-07-01,France,15149.478,2756.897,12392.581,17197.245
2016-08-01,France,14964.678,2524.795,12439.883,16770.338
2016-09-01,France,13187.194,2467.197,10719.997,15240.441
2016-10-01,France,12801.655,2532.424,10269.231,14782.692
2016-11-01,France,9950.959,2208.258,7742.701,11627.789
2016-12-01,France,10935.721,2398.316,8537.405,12596.088
2017-01-01,France,10253.846,2190.45,8063.396,11710.202
2017-02-01,France,9890.411,2097.346,7793.065,11367.644
2017-03-01,France,11308.326,2353.014,8955.312,12989.969
2017-04-01,France,13452.179,2529.702,10922.477,15367.587
2017-05-01,France,13616.813,2567.003,11049.81,15678.453
2017-06-01,France,13863.102,2781.151,11081.951,16145.985
2017-07-01,France,16130.763,2933.012,13197.751,18303.699
2017-08-01,France,15980.8,2675.968,13304.832,17884.698
2017-09-01,France,14103.738,2572.795,11530.943,16242.312
2017-10-01,France,13524.224,2622.463,10901.761,15564.967
2017-11-01,France,10657.504,2286.147,8371.357,11557.276
2017-12-01,France,11314.779,2414.973,8899.806,12979.816
2018-01-01,France,10885.368,2302.505,8582.863,
2018-02-01,France,10183.848,2080.617,8103.231,
2018-03-01,France,12250.339,2432.437,9817.902,
2018-04-01,France,13606.815,2534.073,11072.742,
2018-05-01,France,14195.103,2627.829,11567.274,
2018-06-01,France,14826.254,2863.874,11962.38,
2018-07-01,France,16759.218,3065.231,13693.987,
2018-08-01,France,16673.238,2818.678,13854.56,
2018-09-01,France,14945.124,2687.711,12257.413,
2018-10-01,France,14439.815,2761.325,11678.49,
2018-11-01,France,11348.905,2369.629,8979.276,
2018-12-01,France,11877.152,2491.199,9385.953,
2015-01-01,Faroe Islands,,,,15.461
2015-02-01,Faroe Islands,,,,12.756
2015-03-01,Faroe Islands,,,,22.604
2015-04-01,Faroe Islands,,,,19.971
2015-05-01,Faroe Islands,,,,23.987
2015-06-01,Faroe Islands,,,,28.909
2015-07-01,Faroe Islands,,,,40.798
2015-08-01,Faroe Islands,,,,32.098
2015-09-01,Faroe Islands,,,,23.334
2015-10-01,Faroe Islands,,,,22.582
2015-11-01,Faroe Islands,,,,17.496
2015-12-01,Faroe Islands,,,,16.389
2016-01-01,Faroe Islands,,,,16.354
2016-02-01,Faroe Islands,,,,16.367
2016-03-01,Faroe Islands,,,,23.417
2016-04-01,Faroe Islands,,,,20.162
2016-05-01,Faroe Islands,,,,26.028
2016-06-01,Faroe Islands,,,,29.422
2016-07-01,Faroe Islands,,,,42.955
2016-08-01,Faroe Islands,,,,33.937
2016-09-01,Faroe Islands,,,,24.553
2016-10-01,Faroe Islands,,,,23.654
2016-11-01,Faroe Islands,,,,17.851
2016-12-01,Faroe Islands,,,,17.693
2017-01-01,Faroe Islands,,,,17.757
2017-02-01,Faroe Islands,,,,14.735
2017-03-01,Faroe Islands,,,,18.094
2017-04-01,Faroe Islands,,,,29.433
2017-05-01,Faroe Islands,,,,32.594
2017-06-01,Faroe Islands,,,,36.657
2017-07-01,Faroe Islands,,,,51.765
2017-08-01,Faroe Islands,,,,41.162
2017-09-01,Faroe Islands,,,,28.867
2017-10-01,Faroe Islands,,,,29.405
2017-11-01,Faroe Islands,,,,20.39
2017-12-01,Faroe Islands,,,,20.529
2010-01-01,United Kingdom,12254.789,1380.903,10873.886,13585.092
2010-02-01,United Kingdom,12471.114,1604.265,10866.849,14023.125
2010-03-01,United Kingdom,14614.54,1827.721,12786.819,16379.075
2010-04-01,United Kingdom,12613.558,1409.196,11204.362,13966.869
2010-05-01,United Kingdom,16650.57,1687.884,14962.686,18268.444
2010-06-01,United Kingdom,18690.048,1934.658,16755.39,20550.443
2010-07-01,United Kingdom,21122.342,2062.692,19059.65,23108.195
2010-08-01,United Kingdom,21397.885,2058.664,19339.221,23378.022
2010-09-01,United Kingdom,19456.295,2003.248,17453.047,21388.415
2010-10-01,United Kingdom,18048.65,1997.807,16050.843,19980.105
2010-11-01,United Kingdom,13299.407,1709.547,11589.86,14944.783
2010-12-01,United Kingdom,12268.536,1306.157,10962.379,13515.745
2011-01-01,United Kingdom,12707.212,1444.976,11262.236,14096.536
2011-02-01,United Kingdom,12449.019,1532.253,10916.766,13930.869
2011-03-01,United Kingdom,14444.658,1763.588,12681.07,16142.296
2011-04-01,United Kingdom,16635.915,1706.348,14929.567,18277.466
2011-05-01,United Kingdom,17925.22,1764.959,16160.261,19624.645
2011-06-01,United Kingdom,19360.3,1876.159,17484.141,21176.001
2011-07-01,United Kingdom,21616.363,1943.316,19673.047,23496.883
2011-08-01,United Kingdom,21602.203,1955.975,19646.228,23485.825
2011-09-01,United Kingdom,19944.537,1882.114,18062.423,21769.242
2011-10-01,United Kingdom,17972.962,1825.57,16147.392,19748.334
2011-11-01,United Kingdom,13207.116,1678.515,11528.601,14829.859
2011-12-01,United Kingdom,13671.248,1548.397,12122.851,15074.405
2012-01-01,United Kingdom,12794.334,1408.903,11385.431,14153.342
2012-02-01,United Kingdom,12757.782,1532.54,11225.242,14244.639
2012-03-01,United Kingdom,15059.277,1735.41,13323.867,16747.618
2012-04-01,United Kingdom,16562.599,1743.49,14819.109,18257.052
2012-05-01,United Kingdom,17791.6,1833.325,15958.275,19565.931
2012-06-01,United Kingdom,19742.454,1817.161,17925.293,21516.818
2012-07-01,United Kingdom,21173.37,1866.187,19307.183,23010.509
2012-08-01,United Kingdom,21481.747,1883.102,19598.645,23325.595
2012-09-01,United Kingdom,20021.956,1819.066,18202.89,21824.001
2012-10-01,United Kingdom,18014.804,1826.603,16188.201,19817.028
2012-11-01,United Kingdom,13778.837,1746.506,12032.331,15490.507
2012-12-01,United Kingdom,13888.255,1567.492,12320.763,15411.906
2013-01-01,United Kingdom,12737.418,1374.397,11363.021,14064.403
2013-02-01,United Kingdom,12712.13,1512.726,11199.404,14190.332
2013-03-01,United Kingdom,15542.768,1725.282,13817.486,17226.815
2013-04-01,United Kingdom,16628.828,1728.663,14900.165,18298.368
2013-05-01,United Kingdom,19041.393,1872.962,17168.431,20854.648
2013-06-01,United Kingdom,20534.953,1884.768,18650.185,22368.104
2013-07-01,United Kingdom,22157.287,2007.903,20149.384,24106.449
2013-08-01,United Kingdom,22685.429,2004.618,20680.811,24627.37
2013-09-01,United Kingdom,20770.978,1918.098,18852.88,22634.499
2013-10-01,United Kingdom,18889.084,1920.309,16968.775,20745.589
2013-11-01,United Kingdom,14202.535,1754.545,12447.99,15908.886
2013-12-01,United Kingdom,14566.177,1614.218,12951.959,16130.985
2014-01-01,United Kingdom,13470.31,1461.39,12008.92,14878.774
2014-02-01,United Kingdom,13249.17,1555.737,11693.433,14754.585
2014-03-01,United Kingdom,15519.953,1761.705,13758.248,17225.107
2014-04-01,United Kingdom,18075.203,1805.96,16269.243,19839.646
2014-05-01,United Kingdom,19861.998,1897.155,17964.843,21700.561
2014-06-01,United Kingdom,21296.412,1925.051,19371.361,23164.417
2014-07-01,United Kingdom,22976.005,2017.736,20958.269,24922.833
2014-08-01,United Kingdom,23782.567,1988.785,21793.782,25697.846
2014-09-01,United Kingdom,21599.908,1914.148,19685.76,23449.01
2014-10-01,United Kingdom,19720.748,1964.134,17756.614,21618.373
2014-11-01,United Kingdom,14979.167,1834.435,13144.732,16755.861
2014-12-01,United Kingdom,15490.681,1735.93,13754.751,17160.96
2015-01-01,United Kingdom,14341.428,1535.379,12806.049,15818.211
2015-02-01,United Kingdom,14183.231,1667.337,12515.894,15790.817
2015-03-01,United Kingdom,16894.634,1914.422,14980.212,18746.653
2015-04-01,United Kingdom,18529.782,1904.302,16625.48,20370.821
2015-05-01,United Kingdom,20791.446,1974.74,18816.706,22706.404
2015-06-01,United Kingdom,22259.414,2041.07,20218.344,24251.744
2015-07-01,United Kingdom,24427.872,2127.85,22300.022,26494.075
2015-08-01,United Kingdom,24946.702,2079.543,22867.159,26967.349
2015-09-01,United Kingdom,22742.506,2024.844,20717.662,24660.964
2015-10-01,United Kingdom,21014.595,2012.257,19002.338,22973.536
2015-11-01,United Kingdom,15882.794,1830.455,14052.339,17666.911
2015-12-01,United Kingdom,16256.033,1716.629,14539.404,17909.457
2016-01-01,United Kingdom,15285.237,1538.35,13746.887,16778.432
2016-02-01,United Kingdom,15602.504,1718.889,13883.615,17288.126
2016-03-01,United Kingdom,18328.072,1888.08,16439.992,20172.431
2016-04-01,United Kingdom,19451.507,1889.235,17562.272,21266.228
2016-05-01,United Kingdom,21879.677,1975.283,19904.394,23812.394
2016-06-01,United Kingdom,23671.944,2029.695,21642.249,25677.069
2016-07-01,United Kingdom,26212.471,2112.668,24099.803,28269.21
2016-08-01,United Kingdom,26611.629,2153.457,24458.172,28710.395
2016-09-01,United Kingdom,24248.072,2048.827,22199.245,26251.07
2016-10-01,United Kingdom,22330.674,2037.673,20293.001,24318.407
2016-11-01,United Kingdom,17020.895,1888.767,15132.128,18860.039
2016-12-01,United Kingdom,18226.191,1796.018,16430.173,19972.404
2017-01-01,United Kingdom,16837.713,1607.749,15229.964,18400.908
2017-02-01,United Kingdom,16661.42,1704.76,14956.66,18331.189
2017-03-01,United Kingdom,19315.393,1945.946,17369.447,21226.488
2017-04-01,United Kingdom,22138.439,1973.272,20165.167,24078.63
2017-05-01,United Kingdom,23581.805,2041.056,21540.749,25589.828
2017-06-01,United Kingdom,25255.767,2094.002,23161.765,27318.167
2017-07-01,United Kingdom,27616.26,2146.262,25469.998,29705.623
2017-08-01,United Kingdom,28151.384,2183.853,25967.531,30306.249
2017-09-01,United Kingdom,25668.788,2039.696,23629.092,27632.202
2017-10-01,United Kingdom,23215.001,2051.158,21163.843,25257.177
2017-11-01,United Kingdom,17651.755,1871.969,15779.786,19495.269
2017-12-01,United Kingdom,18535.729,1757.473,16778.256,20259.907
2018-01-01,United Kingdom,17134.006,1588.801,15545.205,
2018-02-01,United Kingdom,16928.973,1631.498,15297.475,
2018-03-01,United Kingdom,19970.313,1820.078,18150.235,
2018-04-01,United Kingdom,22118.281,1991.961,20126.32,
2018-05-01,United Kingdom,24278.054,2118.595,22159.459,
2018-06-01,United Kingdom,26347.056,2124.097,24222.959,
2018-07-01,United Kingdom,28284.256,2206.091,26078.165,
2018-08-01,United Kingdom,28740.892,2242.468,26498.424,
2018-09-01,United Kingdom,26089.333,2055.654,24033.679,
2018-10-01,United Kingdom,24342.698,2116.464,22226.234,
2018-11-01,United Kingdom,18599.307,1938.749,16660.558,
2018-12-01,United Kingdom,19356.986,1826.321,17530.665,
2010-01-01,Georgia,,,,49.838
2010-02-01,Georgia,,,,40.486
2010-03-01,Georgia,,,,49.514
2010-04-01,Georgia,,,,49.733
2010-05-01,Georgia,,,,59.8
2010-06-01,Georgia,,,,73.719
2010-07-01,Georgia,,,,96.115
2010-08-01,Georgia,,,,103.826
2010-09-01,Georgia,,,,91.452
2010-10-01,Georgia,,,,79.535
2010-11-01,Georgia,,,,62.979
2010-12-01,Georgia,,,,65.773
2011-01-01,Georgia,,,,63.359
2011-02-01,Georgia,,,,52.995
2011-03-01,Georgia,,,,64.414
2011-04-01,Georgia,,,,70.534
2011-05-01,Georgia,,,,82.867
2011-06-01,Georgia,,,,94.791
2011-07-01,Georgia,,,,116.674
2011-08-01,Georgia,,,,130.998
2011-09-01,Georgia,,,,123.058
2011-10-01,Georgia,,,,100.041
2011-11-01,Georgia,,,,77.775
2011-12-01,Georgia,,,,81.173
2012-01-01,Georgia,,,,85.361
2012-02-01,Georgia,,,,72.876
2012-03-01,Georgia,,,,88.895
2012-04-01,Georgia,,,,99.486
2012-05-01,Georgia,,,,108.233
2012-06-01,Georgia,,,,129.6
2012-07-01,Georgia,,,,153.658
2012-08-01,Georgia,,,,173.967
2012-09-01,Georgia,,,,158.551
2012-10-01,Georgia,,,,121.273
2012-11-01,Georgia,,,,99.441
2012-12-01,Georgia,,,,97.813
2013-01-01,Georgia,,,,91.766
2013-02-01,Georgia,,,,85.38
2013-03-01,Georgia,,,,106.106
2013-04-01,Georgia,,,,112.028
2013-05-01,Georgia,,,,134.84
2013-06-01,Georgia,,,,156.937
2013-07-01,Georgia,,,,182.489
2013-08-01,Georgia,,,,217.703
2013-09-01,Georgia,,,,190.296
2013-10-01,Georgia,,,,148.615
2013-11-01,Georgia,,,,111.1
2013-12-01,Georgia,,,,107.515
2014-01-01,Georgia,,,,123.47
2014-02-01,Georgia,,,,109.462
2014-03-01,Georgia,,,,128.524
2014-04-01,Georgia,,,,138.228
2014-05-01,Georgia,,,,162.191
2014-06-01,Georgia,,,,194.213
2014-07-01,Georgia,,,,233.154
2014-08-01,Georgia,,,,275.567
2014-09-01,Georgia,,,,213.709
2014-10-01,Georgia,,,,167.694
2014-11-01,Georgia,,,,134.853
2014-12-01,Georgia,,,,126.374
2015-01-01,Georgia,,,,123.853
2015-02-01,Georgia,,,,105.731
2015-03-01,Georgia,,,,132.536
2015-04-01,Georgia,,,,148.738
2015-05-01,Georgia,,,,176.219
2015-06-01,Georgia,,,,204.266
2015-07-01,Georgia,,,,277.526
2015-08-01,Georgia,,,,329.968
2015-09-01,Georgia,,,,267.258
2015-10-01,Georgia,,,,204.29
2015-11-01,Georgia,,,,146.492
2015-12-01,Georgia,,,,140.116
2016-01-01,Georgia,,,,141.743
2016-02-01,Georgia,,,,127.605
2016-03-01,Georgia,,,,162.976
2016-04-01,Georgia,,,,178.011
2016-05-01,Georgia,,,,221.399
2016-06-01,Georgia,,,,249.642
2016-07-01,Georgia,,,,351.891
2016-08-01,Georgia,,,,391.741
2016-09-01,Georgia,,,,353.666
2016-10-01,Georgia,,,,263.441
2016-11-01,Georgia,,,,195.583
2016-12-01,Georgia,,,,198.68
2017-01-01,Georgia,,,,194.104
2017-02-01,Georgia,,,,177.199
2017-03-01,Georgia,,,,248.382
2017-04-01,Georgia,,,,282.132
2017-05-01,Georgia,,,,318.979
2017-06-01,Georgia,,,,383.278
2017-07-01,Georgia,,,,520.893
2017-08-01,Georgia,,,,570.701
2017-09-01,Georgia,,,,496.36
2017-10-01,Georgia,,,,356.683
2017-11-01,Georgia,,,,257.859
2017-12-01,Georgia,,,,257.009
2010-01-01,Gibraltar,,,,19.068
2010-02-01,Gibraltar,,,,19.193
2010-03-01,Gibraltar,,,,23.754
2010-04-01,Gibraltar,,,,18.78
2010-05-01,Gibraltar,,,,27.25
2010-06-01,Gibraltar,,,,28.659
2010-07-01,Gibraltar,,,,29.44
2010-08-01,Gibraltar,,,,30.424
2010-09-01,Gibraltar,,,,30.872
2010-10-01,Gibraltar,,,,32.6
2010-11-01,Gibraltar,,,,25.026
2010-12-01,Gibraltar,,,,20.259
2011-01-01,Gibraltar,,,,19.46
2011-02-01,Gibraltar,,,,20.064
2011-03-01,Gibraltar,,,,25.405
2011-04-01,Gibraltar,,,,30.292
2011-05-01,Gibraltar,,,,33.584
2011-06-01,Gibraltar,,,,37.312
2011-07-01,Gibraltar,,,,41.178
2011-08-01,Gibraltar,,,,43.501
2011-09-01,Gibraltar,,,,39.801
2011-10-01,Gibraltar,,,,36.356
2011-11-01,Gibraltar,,,,29.304
2011-12-01,Gibraltar,,,,26.756
2012-01-01,Gibraltar,,,,23.75
2012-02-01,Gibraltar,,,,26.053
2012-03-01,Gibraltar,,,,29.867
2012-04-01,Gibraltar,,,,33.012
2012-05-01,Gibraltar,,,,33.916
2012-06-01,Gibraltar,,,,36.009
2012-07-01,Gibraltar,,,,40.421
2012-08-01,Gibraltar,,,,40.459
2012-09-01,Gibraltar,,,,36.566
2012-10-01,Gibraltar,,,,35.335
2012-11-01,Gibraltar,,,,25.887
2012-12-01,Gibraltar,,,,25.944
2013-01-01,Gibraltar,,,,19.162
2013-02-01,Gibraltar,,,,23.789
2013-03-01,Gibraltar,,,,28.207
2013-04-01,Gibraltar,,,,28.37
2013-05-01,Gibraltar,,,,32.211
2013-06-01,Gibraltar,,,,36.273
2013-07-01,Gibraltar,,,,40.698
2013-08-01,Gibraltar,,,,41.296
2013-09-01,Gibraltar,,,,39.789
2013-10-01,Gibraltar,,,,35.809
2013-11-01,Gibraltar,,,,29.736
2013-12-01,Gibraltar,,,,28.536
2014-01-01,Gibraltar,,,,25.651
2014-02-01,Gibraltar,,,,27.515
2014-03-01,Gibraltar,,,,32.564
2014-04-01,Gibraltar,,,,33.087
2014-05-01,Gibraltar,,,,34.427
2014-06-01,Gibraltar,,,,36.07
2014-07-01,Gibraltar,,,,41.342
2014-08-01,Gibraltar,,,,43.074
2014-09-01,Gibraltar,,,,40.286
2014-10-01,Gibraltar,,,,39.827
2014-11-01,Gibraltar,,,,31.399
2014-12-01,Gibraltar,,,,29.861
2015-01-01,Gibraltar,,,,24.355
2015-02-01,Gibraltar,,,,25.105
2015-03-01,Gibraltar,,,,31.224
2015-04-01,Gibraltar,,,,33.461
2015-05-01,Gibraltar,,,,39.935
2015-06-01,Gibraltar,,,,42.132
2015-07-01,Gibraltar,,,,46.608
2015-08-01,Gibraltar,,,,47.359
2015-09-01,Gibraltar,,,,45.27
2015-10-01,Gibraltar,,,,43.76
2015-11-01,Gibraltar,,,,33.875
2015-12-01,Gibraltar,,,,31.252
2016-01-01,Gibraltar,,,,28.651
2016-02-01,Gibraltar,,,,30.132
2016-03-01,Gibraltar,,,,38.557
2016-04-01,Gibraltar,,,,41.417
2016-05-01,Gibraltar,,,,49.583
2016-06-01,Gibraltar,,,,50.341
2016-07-01,Gibraltar,,,,58.719
2016-08-01,Gibraltar,,,,60.36
2016-09-01,Gibraltar,,,,57.443
2016-10-01,Gibraltar,,,,53.671
2016-11-01,Gibraltar,,,,39.351
2016-12-01,Gibraltar,,,,40.005
2017-01-01,Gibraltar,,,,32.541
2017-02-01,Gibraltar,,,,36.208
2017-03-01,Gibraltar,,,,45.124
2017-04-01,Gibraltar,,,,57.04
2017-05-01,Gibraltar,,,,57.881
2017-06-01,Gibraltar,,,,57.695
2017-07-01,Gibraltar,,,,63.858
2017-08-01,Gibraltar,,,,65.411
2017-09-01,Gibraltar,,,,62.554
2017-10-01,Gibraltar,,,,41.689
2017-11-01,Gibraltar,,,,26.19
2017-12-01,Gibraltar,,,,24.993
2010-01-01,Guadeloupe,,,,165.114
2010-02-01,Guadeloupe,,,,152.55
2010-03-01,Guadeloupe,,,,172.877
2010-04-01,Guadeloupe,,,,152.608
2010-05-01,Guadeloupe,,,,134.194
2010-06-01,Guadeloupe,,,,131.533
2010-07-01,Guadeloupe,,,,194.306
2010-08-01,Guadeloupe,,,,207.235
2010-09-01,Guadeloupe,,,,108.178
2010-10-01,Guadeloupe,,,,117.779
2010-11-01,Guadeloupe,,,,130.59
2010-12-01,Guadeloupe,,,,169.28
2011-01-01,Guadeloupe,,,,176.565
2011-02-01,Guadeloupe,,,,164.622
2011-03-01,Guadeloupe,,,,179.5
2011-04-01,Guadeloupe,,,,172.592
2011-05-01,Guadeloupe,,,,139.37
2011-06-01,Guadeloupe,,,,144.616
2011-07-01,Guadeloupe,,,,204.972
2011-08-01,Guadeloupe,,,,213.185
2011-09-01,Guadeloupe,,,,190.643
2011-10-01,Guadeloupe,,,,124.778
2011-11-01,Guadeloupe,,,,132.29
2011-12-01,Guadeloupe,,,,189.887
2012-01-01,Guadeloupe,,,,191.059
2012-02-01,Guadeloupe,,,,190.37
2012-03-01,Guadeloupe,,,,181.858
2012-04-01,Guadeloupe,,,,184.415
2012-05-01,Guadeloupe,,,,132.48
2012-06-01,Guadeloupe,,,,125.375
2012-07-01,Guadeloupe,,,,197.322
2012-08-01,Guadeloupe,,,,210.76
2012-09-01,Guadeloupe,,,,112.49
2012-10-01,Guadeloupe,,,,111.251
2012-11-01,Guadeloupe,,,,135.932
2012-12-01,Guadeloupe,,,,171.347
2013-01-01,Guadeloupe,,,,175.999
2013-02-01,Guadeloupe,,,,176.442
2013-03-01,Guadeloupe,,,,191.056
2013-04-01,Guadeloupe,,,,169.628
2013-05-01,Guadeloupe,,,,144.866
2013-06-01,Guadeloupe,,,,138.625
2013-07-01,Guadeloupe,,,,198.885
2013-08-01,Guadeloupe,,,,216.037
2013-09-01,Guadeloupe,,,,111.364
2013-10-01,Guadeloupe,,,,125.728
2013-11-01,Guadeloupe,,,,141.566
2013-12-01,Guadeloupe,,,,185.705
2014-01-01,Guadeloupe,,,,196.316
2014-02-01,Guadeloupe,,,,186.782
2014-03-01,Guadeloupe,,,,202.485
2014-04-01,Guadeloupe,,,,180.642
2014-05-01,Guadeloupe,,,,147.139
2014-06-01,Guadeloupe,,,,137.688
2014-07-01,Guadeloupe,,,,198.405
2014-08-01,Guadeloupe,,,,217.643
2014-09-01,Guadeloupe,,,,104.659
2014-10-01,Guadeloupe,,,,134.098
2014-11-01,Guadeloupe,,,,137.252
2014-12-01,Guadeloupe,,,,185.971
2015-01-01,Guadeloupe,,,,197.431
2015-02-01,Guadeloupe,,,,202.111
2015-03-01,Guadeloupe,,,,197.368
2015-04-01,Guadeloupe,,,,187.096
2015-05-01,Guadeloupe,,,,152.822
2015-06-01,Guadeloupe,,,,140.6
2015-07-01,Guadeloupe,,,,199.483
2015-08-01,Guadeloupe,,,,225.822
2015-09-01,Guadeloupe,,,,110.125
2015-10-01,Guadeloupe,,,,137.362
2015-11-01,Guadeloupe,,,,139.077
2015-12-01,Guadeloupe,,,,200.466
2016-01-01,Guadeloupe,,,,216.102
2016-02-01,Guadeloupe,,,,216.013
2016-03-01,Guadeloupe,,,,224.995
2016-04-01,Guadeloupe,,,,191.269
2016-05-01,Guadeloupe,,,,156.654
2016-06-01,Guadeloupe,,,,149.255
2016-07-01,Guadeloupe,,,,225.053
2016-08-01,Guadeloupe,,,,241.324
2016-09-01,Guadeloupe,,,,117.087
2016-10-01,Guadeloupe,,,,145.14
2016-11-01,Guadeloupe,,,,154.043
2016-12-01,Guadeloupe,,,,214.281
2017-01-01,Guadeloupe,,,,223.868
2017-02-01,Guadeloupe,,,,225.261
2017-03-01,Guadeloupe,,,,237.737
2017-04-01,Guadeloupe,,,,218.267
2017-05-01,Guadeloupe,,,,160.445
2017-06-01,Guadeloupe,,,,163.584
2017-07-01,Guadeloupe,,,,226.555
2010-01-01,Greece,1225.835,502.672,723.163,1051.703
2010-02-01,Greece,1095.128,460.193,634.935,952.745
2010-03-01,Greece,1383.457,505.213,878.244,1165.97
2010-04-01,Greece,1669.686,539.686,1130.0,1259.031
2010-05-01,Greece,3122.08,534.886,2587.194,1346.739
2010-06-01,Greece,4044.552,556.869,3487.683,1436.857
2010-07-01,Greece,5185.291,676.585,4508.706,1699.296
2010-08-01,Greece,5485.981,696.262,4789.719,1714.878
2010-09-01,Greece,4385.964,590.305,3795.659,1508.085
2010-10-01,Greece,2657.051,496.128,2160.923,1314.154
2010-11-01,Greece,1175.718,431.028,744.69,989.816
2010-12-01,Greece,1157.329,393.051,764.278,972.678
2011-01-01,Greece,1065.253,368.876,696.377,1400.622
2011-02-01,Greece,932.804,342.58,590.224,1249.885
2011-03-01,Greece,1178.419,399.492,778.927,1543.346
2011-04-01,Greece,1819.762,481.733,1338.029,2251.047
2011-05-01,Greece,3265.986,512.605,2753.381,3678.646
2011-06-01,Greece,4524.096,556.068,3968.028,4949.122
2011-07-01,Greece,5653.529,667.485,4986.044,6146.295
2011-08-01,Greece,5797.464,678.771,5118.693,6292.314
2011-09-01,Greece,4706.546,575.981,4130.565,5137.591
2011-10-01,Greece,2732.079,466.111,2265.968,3125.379
2011-11-01,Greece,1035.114,345.748,689.366,1350.913
2011-12-01,Greece,1059.687,355.463,704.224,1388.741
2012-01-01,Greece,971.14,334.873,636.267,1282.224
2012-02-01,Greece,856.022,320.898,535.124,1152.609
2012-03-01,Greece,1059.203,379.392,679.811,1408.383
2012-04-01,Greece,1765.467,465.099,1300.368,2167.521
2012-05-01,Greece,2971.253,446.156,2525.097,3316.33
2012-06-01,Greece,4307.437,504.385,3803.052,4649.344
2012-07-01,Greece,5446.517,609.398,4837.119,5860.505
2012-08-01,Greece,5629.745,612.001,5017.744,6032.362
2012-09-01,Greece,4613.948,544.296,4069.652,4992.52
2012-10-01,Greece,2478.639,436.371,2042.268,2784.01
2012-11-01,Greece,1005.551,337.577,667.974,1313.852
2012-12-01,Greece,977.414,328.513,648.901,1283.292
2013-01-01,Greece,868.161,307.178,560.983,1153.939
2013-02-01,Greece,804.904,311.141,493.763,1089.967
2013-03-01,Greece,1020.534,350.676,669.858,1341.721
2013-04-01,Greece,1518.73,386.012,1132.718,1854.278
2013-05-01,Greece,3348.977,462.433,2886.544,3697.961
2013-06-01,Greece,4735.479,520.462,4215.017,5000.618
2013-07-01,Greece,5768.258,599.215,5169.043,6176.12
2013-08-01,Greece,6073.082,605.316,5467.766,6482.684
2013-09-01,Greece,5011.62,539.763,4471.857,5381.309
2013-10-01,Greece,2791.126,443.304,2347.822,3150.536
2013-11-01,Greece,1047.697,334.348,713.349,1358.085
2013-12-01,Greece,1035.366,338.257,697.109,1353.987
2014-01-01,Greece,943.218,313.948,629.27,1227.692
2014-02-01,Greece,887.154,311.736,575.418,1167.427
2014-03-01,Greece,1079.638,355.812,723.826,1397.93
2014-04-01,Greece,1955.11,506.289,1448.821,2401.483
2014-05-01,Greece,3771.893,546.951,3224.942,4214.668
2014-06-01,Greece,5377.59,622.138,4755.452,5871.86
2014-07-01,Greece,6628.494,729.48,5899.014,7187.775
2014-08-01,Greece,7000.561,744.87,6255.691,7567.171
2014-09-01,Greece,5542.649,660.196,4882.453,6091.87
2014-10-01,Greece,3309.727,569.877,2739.85,3811.47
2014-11-01,Greece,1319.184,450.509,868.675,1736.149
2014-12-01,Greece,1302.615,455.35,847.265,1718.316
2015-01-01,Greece,1193.377,433.886,759.491,1597.905
2015-02-01,Greece,1091.972,405.795,686.177,1464.537
2015-03-01,Greece,1347.345,465.077,882.268,1775.845
2015-04-01,Greece,2227.095,592.102,1634.993,2755.731
2015-05-01,Greece,4112.577,651.95,3460.627,4668.647
2015-06-01,Greece,5617.275,756.231,4861.044,6250.706
2015-07-01,Greece,7014.031,871.959,6142.072,7718.782
2015-08-01,Greece,7427.749,894.473,6533.276,8157.711
2015-09-01,Greece,5810.847,752.306,5058.541,6423.533
2015-10-01,Greece,3382.557,615.541,2767.016,3940.105
2015-11-01,Greece,1452.899,528.86,924.039,1953.342
2015-12-01,Greece,1418.678,513.826,904.852,1903.146
2016-01-01,Greece,1295.643,490.361,805.282,1758.987
2016-02-01,Greece,1260.146,505.011,755.135,1731.363
2016-03-01,Greece,1564.712,576.381,988.331,2109.486
2016-04-01,Greece,2258.706,596.568,1662.138,2848.614
2016-05-01,Greece,4371.155,730.513,3640.642,5025.89
2016-06-01,Greece,5758.329,784.814,4973.515,6479.404
2016-07-01,Greece,7576.26,933.341,6642.919,8409.542
2016-08-01,Greece,7785.589,945.824,6839.765,8628.98
2016-09-01,Greece,6417.788,838.266,5579.522,7174.689
2016-10-01,Greece,4022.715,664.327,3358.388,4657.176
2016-11-01,Greece,1604.824,550.572,1054.252,2117.221
2016-12-01,Greece,1627.504,560.203,1067.301,2154.011
2017-01-01,Greece,1437.783,488.6,949.183,1901.782
2017-02-01,Greece,1339.482,498.68,840.802,1808.568
2017-03-01,Greece,1662.534,572.327,1090.207,2201.038
2017-04-01,Greece,2816.56,627.919,2188.641,3254.073
2017-05-01,Greece,4752.752,700.425,4052.327,5269.606
2017-06-01,Greece,6664.081,831.71,5832.371,7276.57
2017-07-01,Greece,8228.022,983.434,7244.588,9018.342
2017-08-01,Greece,8336.358,979.219,7357.139,9221.087
2017-09-01,Greece,7006.85,865.541,6141.309,7830.958
2017-10-01,Greece,4484.004,742.615,3741.389,5307.219
2017-11-01,Greece,1751.236,535.821,1215.415,2278.112
2017-12-01,Greece,1691.066,508.648,1182.418,2162.606
2018-01-01,Greece,1518.89,465.964,1052.926,
2018-02-01,Greece,1421.37,448.974,972.396,
2018-03-01,Greece,1891.78,540.777,1351.003,
2018-04-01,Greece,3015.244,642.335,2372.909,
2018-05-01,Greece,5565.067,764.247,4800.82,
2018-06-01,Greece,7300.584,856.761,6443.823,
2018-07-01,Greece,8755.833,1023.349,7732.484,
2018-08-01,Greece,8835.744,1031.859,7803.885,
2018-09-01,Greece,7442.136,914.983,6527.153,
2018-10-01,Greece,4670.003,738.056,3931.947,
2018-11-01,Greece,1965.347,572.629,1392.718,
2018-12-01,Greece,1876.828,553.632,1323.196,
2014-01-01,Guatemala,,,,187.096
2014-02-01,Guatemala,,,,159.936
2014-03-01,Guatemala,,,,191.522
2014-04-01,Guatemala,,,,183.833
2014-05-01,Guatemala,,,,175.173
2014-06-01,Guatemala,,,,198.45
2014-07-01,Guatemala,,,,209.656
2014-08-01,Guatemala,,,,188.517
2014-09-01,Guatemala,,,,150.964
2014-10-01,Guatemala,,,,165.193
2014-11-01,Guatemala,,,,195.308
2014-12-01,Guatemala,,,,211.237
2015-01-01,Guatemala,,,,190.061
2015-02-01,Guatemala,,,,157.097
2015-03-01,Guatemala,,,,196.931
2015-04-01,Guatemala,,,,180.51
2015-05-01,Guatemala,,,,176.004
2015-06-01,Guatemala,,,,203.759
2015-07-01,Guatemala,,,,224.357
2015-08-01,Guatemala,,,,196.962
2015-09-01,Guatemala,,,,158.957
2015-10-01,Guatemala,,,,182.559
2015-11-01,Guatemala,,,,219.454
2015-12-01,Guatemala,,,,236.709
2016-01-01,Guatemala,,,,220.976
2016-02-01,Guatemala,,,,182.586
2016-03-01,Guatemala,,,,230.259
2016-04-01,Guatemala,,,,194.392
2016-05-01,Guatemala,,,,198.272
2016-06-01,Guatemala,,,,226.612
2016-07-01,Guatemala,,,,243.507
2016-08-01,Guatemala,,,,218.133
2016-09-01,Guatemala,,,,179.727
2016-10-01,Guatemala,,,,206.226
2016-11-01,Guatemala,,,,226.527
2016-12-01,Guatemala,,,,251.906
2017-01-01,Guatemala,,,,234.479
2017-02-01,Guatemala,,,,195.406
2017-03-01,Guatemala,,,,229.631
2017-04-01,Guatemala,,,,244.711
2017-05-01,Guatemala,,,,210.846
2014-01-01,Hong Kong,,,,5138.0
2014-02-01,Hong Kong,,,,4763.0
2014-03-01,Hong Kong,,,,5149.0
2014-04-01,Hong Kong,,,,5376.0
2014-05-01,Hong Kong,,,,5135.0
2014-06-01,Hong Kong,,,,5197.0
2014-07-01,Hong Kong,,,,5603.0
2014-08-01,Hong Kong,,,,5791.0
2014-09-01,Hong Kong,,,,5035.0
2014-10-01,Hong Kong,,,,5368.0
2014-11-01,Hong Kong,,,,5144.0
2014-12-01,Hong Kong,,,,5645.0
2015-01-01,Hong Kong,,,,5228.0
2015-02-01,Hong Kong,,,,5423.0
2015-03-01,Hong Kong,,,,5736.0
2015-04-01,Hong Kong,,,,5847.0
2015-05-01,Hong Kong,,,,5757.0
2015-06-01,Hong Kong,,,,5568.0
2015-07-01,Hong Kong,,,,5951.0
2015-08-01,Hong Kong,,,,6301.0
2015-09-01,Hong Kong,,,,5351.0
2015-10-01,Hong Kong,,,,5779.0
2015-11-01,Hong Kong,,,,5593.0
2015-12-01,Hong Kong,,,,5988.0
2016-01-01,Hong Kong,,,,5923.0
2016-02-01,Hong Kong,,,,5690.0
2016-03-01,Hong Kong,,,,6006.0
2016-04-01,Hong Kong,,,,5910.0
2016-05-01,Hong Kong,,,,5834.0
2016-06-01,Hong Kong,,,,5867.0
2016-07-01,Hong Kong,,,,6296.0
2016-08-01,Hong Kong,,,,6164.0
2016-09-01,Hong Kong,,,,5531.0
2016-10-01,Hong Kong,,,,5725.0
2016-11-01,Hong Kong,,,,5398.0
2016-12-01,Hong Kong,,,,6164.0
2017-01-01,Hong Kong,,,,6208.0
2017-02-01,Hong Kong,,,,5518.0
2017-03-01,Hong Kong,,,,5887.0
2017-04-01,Hong Kong,,,,6269.0
2017-05-01,Hong Kong,,,,5978.0
2017-06-01,Hong Kong,,,,5907.0
2017-07-01,Hong Kong,,,,6517.0
2017-08-01,Hong Kong,,,,6510.0
2017-09-01,Hong Kong,,,,5607.0
2017-10-01,Hong Kong,,,,6159.0
2017-11-01,Hong Kong,,,,5939.0
2017-12-01,Hong Kong,,,,6422.0
2010-01-01,Croatia,139.033,26.326,112.707,171.521
2010-02-01,Croatia,120.439,25.179,95.26,152.814
2010-03-01,Croatia,168.552,30.948,137.604,205.964
2010-04-01,Croatia,236.397,30.814,205.583,273.886
2010-05-01,Croatia,449.899,39.067,410.832,495.205
2010-06-01,Croatia,580.173,41.956,538.217,619.344
2010-07-01,Croatia,806.225,47.664,758.561,852.694
2010-08-01,Croatia,840.333,49.234,791.099,887.151
2010-09-01,Croatia,624.156,43.948,580.208,671.767
2010-10-01,Croatia,374.507,38.109,336.398,419.384
2010-11-01,Croatia,178.953,29.623,149.33,216.579
2010-12-01,Croatia,158.747,29.792,128.955,194.313
2011-01-01,Croatia,153.339,26.339,127.0,187.074
2011-02-01,Croatia,138.53,25.798,112.732,169.407
2011-03-01,Croatia,180.339,30.807,149.532,220.373
2011-04-01,Croatia,325.456,41.934,283.522,371.02
2011-05-01,Croatia,473.513,47.105,426.408,534.959
2011-06-01,Croatia,614.351,49.845,564.506,681.085
2011-07-01,Croatia,854.38,55.87,798.51,929.816
2011-08-01,Croatia,843.311,56.114,787.197,917.487
2011-09-01,Croatia,658.544,53.612,604.932,729.792
2011-10-01,Croatia,401.534,45.077,356.457,457.658
2011-11-01,Croatia,183.934,30.313,153.621,216.542
2011-12-01,Croatia,162.005,27.964,134.041,191.576
2012-01-01,Croatia,150.95,25.491,125.459,178.485
2012-02-01,Croatia,130.763,22.3,108.463,156.916
2012-03-01,Croatia,187.426,29.224,158.202,220.221
2012-04-01,Croatia,335.479,36.911,298.568,378.056
2012-05-01,Croatia,512.233,40.599,471.634,561.357
2012-06-01,Croatia,709.014,47.627,661.387,768.827
2012-07-01,Croatia,928.203,52.811,875.392,995.691
2012-08-01,Croatia,908.165,53.251,854.914,991.451
2012-09-01,Croatia,758.058,51.946,706.112,821.345
2012-10-01,Croatia,439.787,41.19,398.597,486.817
2012-11-01,Croatia,193.347,31.338,162.009,228.151
2012-12-01,Croatia,169.207,28.117,141.09,199.387
2013-01-01,Croatia,159.163,27.197,131.966,188.57
2013-02-01,Croatia,140.794,24.142,116.652,169.364
2013-03-01,Croatia,211.298,31.647,179.651,246.391
2013-04-01,Croatia,339.615,35.087,304.528,379.705
2013-05-01,Croatia,560.226,38.746,521.48,601.547
2013-06-01,Croatia,755.721,44.808,710.913,808.904
2013-07-01,Croatia,977.493,51.141,926.352,1037.84
2013-08-01,Croatia,1000.912,52.032,948.88,1060.036
2013-09-01,Croatia,768.825,45.996,722.829,823.64
2013-10-01,Croatia,460.88,36.315,424.565,502.793
2013-11-01,Croatia,178.92,26.659,152.261,207.847
2013-12-01,Croatia,168.6,27.803,140.797,198.117
2014-01-01,Croatia,153.122,26.079,127.043,181.353
2014-02-01,Croatia,141.801,23.937,117.864,166.773
2014-03-01,Croatia,186.427,30.106,156.321,218.519
2014-04-01,Croatia,375.079,35.299,339.78,412.31
2014-05-01,Croatia,602.715,41.013,561.702,648.714
2014-06-01,Croatia,794.425,48.658,745.767,847.701
2014-07-01,Croatia,1093.161,52.863,1040.298,1151.257
2014-08-01,Croatia,1105.922,56.268,1049.654,1165.55
2014-09-01,Croatia,815.629,48.805,766.824,868.554
2014-10-01,Croatia,489.393,43.358,446.035,534.273
2014-11-01,Croatia,198.128,30.181,167.947,229.925
2014-12-01,Croatia,184.995,28.643,156.352,213.886
2015-01-01,Croatia,166.761,25.659,141.102,193.465
2015-02-01,Croatia,155.406,24.575,130.831,181.546
2015-03-01,Croatia,216.813,31.96,184.853,249.431
2015-04-01,Croatia,380.684,33.38,347.304,416.361
2015-05-01,Croatia,658.218,41.421,616.797,705.736
2015-06-01,Croatia,839.919,46.232,793.687,891.878
2015-07-01,Croatia,1152.439,54.5,1097.939,1210.663
2015-08-01,Croatia,1172.321,56.186,1116.135,1234.143
2015-09-01,Croatia,883.847,51.123,832.724,939.976
2015-10-01,Croatia,547.767,42.904,504.863,592.732
2015-11-01,Croatia,208.369,30.557,177.812,240.767
2015-12-01,Croatia,189.154,28.241,160.913,219.4
2016-01-01,Croatia,173.905,26.243,147.662,200.869
2016-02-01,Croatia,174.996,25.718,149.278,201.899
2016-03-01,Croatia,243.427,34.704,208.723,279.81
2016-04-01,Croatia,389.458,33.182,356.276,425.404
2016-05-01,Croatia,715.45,42.213,673.237,762.717
2016-06-01,Croatia,963.074,46.433,916.641,1014.513
2016-07-01,Croatia,1383.725,57.807,1325.918,1446.194
2016-08-01,Croatia,1322.025,61.312,1260.713,1386.28
2016-09-01,Croatia,1012.613,53.14,959.473,1069.345
2016-10-01,Croatia,656.37,43.03,613.34,702.733
2016-11-01,Croatia,230.064,32.644,197.42,264.239
2016-12-01,Croatia,210.356,31.427,178.929,243.264
2017-01-01,Croatia,192.291,27.201,165.09,220.667
2017-02-01,Croatia,177.653,24.276,153.377,202.617
2017-03-01,Croatia,239.268,31.382,207.886,270.699
2017-04-01,Croatia,527.746,40.22,487.526,569.083
2017-05-01,Croatia,841.81,44.274,797.536,891.0
2017-06-01,Croatia,1171.531,54.394,1117.137,1231.682
2017-07-01,Croatia,1647.474,62.581,1584.893,1718.385
2017-08-01,Croatia,1577.489,65.067,1512.422,1644.995
2017-09-01,Croatia,1220.104,57.176,1162.928,1282.33
2017-10-01,Croatia,746.623,49.636,696.987,798.329
2017-11-01,Croatia,264.337,36.745,227.592,303.495
2017-12-01,Croatia,236.727,33.657,203.07,272.069
2018-01-01,Croatia,219.879,28.86,191.019,
2018-02-01,Croatia,199.626,27.918,171.708,
2018-03-01,Croatia,302.114,37.565,264.549,
2018-04-01,Croatia,549.937,38.315,511.622,
2018-05-01,Croatia,970.602,48.4,922.202,
2018-06-01,Croatia,1318.805,54.429,1264.376,
2018-07-01,Croatia,1765.904,61.013,1704.891,
2018-08-01,Croatia,1694.784,62.114,1632.67,
2018-09-01,Croatia,1340.983,55.854,1285.129,
2018-10-01,Croatia,834.308,49.558,784.75,
2018-11-01,Croatia,282.862,33.502,249.36,
2018-12-01,Croatia,251.49,30.958,220.532,
2010-01-01,Hungary,495.959,,495.959,496.848
2010-02-01,Hungary,453.522,,453.522,454.158
2010-03-01,Hungary,584.573,,584.573,585.408
2010-04-01,Hungary,541.43,,541.43,542.535
2010-05-01,Hungary,715.906,,715.906,717.107
2010-06-01,Hungary,777.058,,777.058,778.1
2010-07-01,Hungary,894.455,,894.455,897.783
2010-08-01,Hungary,939.987,,939.987,941.491
2010-09-01,Hungary,846.989,,846.989,848.01
2010-10-01,Hungary,773.382,,773.382,774.678
2010-11-01,Hungary,596.694,,596.694,597.721
2010-12-01,Hungary,554.555,,554.555,556.25
2011-01-01,Hungary,525.636,,525.636,526.921
2011-02-01,Hungary,486.733,,486.733,487.858
2011-03-01,Hungary,628.579,,628.579,637.468
2011-04-01,Hungary,733.021,,733.021,734.461
2011-05-01,Hungary,774.921,,774.921,776.704
2011-06-01,Hungary,824.96,,824.96,827.457
2011-07-01,Hungary,948.208,0.315,947.893,950.396
2011-08-01,Hungary,956.938,,956.938,958.559
2011-09-01,Hungary,891.149,,891.149,894.188
2011-10-01,Hungary,841.588,,841.588,845.815
2011-11-01,Hungary,644.185,,644.185,646.171
2011-12-01,Hungary,628.919,,628.919,634.655
2012-01-01,Hungary,564.581,,564.581,568.782
2012-02-01,Hungary,419.823,,419.823,424.633
2012-03-01,Hungary,575.2,,575.2,580.977
2012-04-01,Hungary,709.21,,709.21,712.064
2012-05-01,Hungary,753.98,,753.98,758.243
2012-06-01,Hungary,787.49,,787.49,795.679
2012-07-01,Hungary,881.36,,881.36,892.015
2012-08-01,Hungary,889.178,,889.178,895.183
2012-09-01,Hungary,830.617,,830.617,840.417
2012-10-01,Hungary,788.861,,788.861,796.721
2012-11-01,Hungary,637.654,,637.654,642.326
2012-12-01,Hungary,591.889,,591.889,596.98
2013-01-01,Hungary,515.259,,515.259,520.431
2013-02-01,Hungary,486.058,,486.058,491.286
2013-03-01,Hungary,631.657,,631.657,636.605
2013-04-01,Hungary,697.543,,697.543,702.036
2013-05-01,Hungary,758.972,,758.972,765.648
2013-06-01,Hungary,789.589,0.163,789.426,796.771
2013-07-01,Hungary,863.295,,863.295,872.683
2013-08-01,Hungary,858.503,0.151,858.352,864.431
2013-09-01,Hungary,817.465,,817.465,828.312
2013-10-01,Hungary,783.695,,783.695,790.695
2013-11-01,Hungary,634.86,,634.86,638.698
2013-12-01,Hungary,604.423,,604.423,613.284
2014-01-01,Hungary,549.132,,549.132,555.233
2014-02-01,Hungary,523.71,,523.71,530.663
2014-03-01,Hungary,659.573,,659.573,662.575
2014-04-01,Hungary,750.537,,750.537,758.709
2014-05-01,Hungary,803.513,,803.513,807.247
2014-06-01,Hungary,857.524,,857.524,863.994
2014-07-01,Hungary,934.635,,934.635,946.582
2014-08-01,Hungary,931.501,,931.501,943.95
2014-09-01,Hungary,865.929,,865.929,875.619
2014-10-01,Hungary,829.087,,829.087,843.544
2014-11-01,Hungary,679.108,,679.108,689.272
2014-12-01,Hungary,670.599,0.159,670.44,678.573
2015-01-01,Hungary,618.079,,618.079,636.174
2015-02-01,Hungary,593.555,,593.555,607.979
2015-03-01,Hungary,734.142,,734.142,752.817
2015-04-01,Hungary,832.834,,832.834,852.674
2015-05-01,Hungary,889.794,,889.794,908.507
2015-06-01,Hungary,962.939,,962.939,981.639
2015-07-01,Hungary,1075.252,,1075.252,1104.78
2015-08-01,Hungary,1078.72,,1078.72,1107.461
2015-09-01,Hungary,1011.625,,1011.625,1033.415
2015-10-01,Hungary,934.344,,934.344,951.715
2015-11-01,Hungary,752.491,,752.491,770.59
2015-12-01,Hungary,744.577,,744.577,763.33
2016-01-01,Hungary,710.746,,710.746,719.449
2016-02-01,Hungary,697.059,0.003,697.056,701.651
2016-03-01,Hungary,861.675,0.005,861.67,866.982
2016-04-01,Hungary,945.56,0.01,945.55,949.005
2016-05-01,Hungary,1034.856,,1034.856,1040.938
2016-06-01,Hungary,1075.345,0.148,1075.197,1081.043
2016-07-01,Hungary,1183.436,0.002,1183.434,1189.071
2016-08-01,Hungary,1176.956,0.017,1176.939,1182.502
2016-09-01,Hungary,1121.01,0.005,1121.005,1126.442
2016-10-01,Hungary,1065.768,,1065.768,1071.163
2016-11-01,Hungary,884.785,0.005,884.78,889.524
2016-12-01,Hungary,903.17,,903.17,908.629
2017-01-01,Hungary,831.89,0.004,831.886,837.966
2017-02-01,Hungary,799.446,0.006,799.44,803.184
2017-03-01,Hungary,960.414,0.002,960.412,965.193
2017-04-01,Hungary,1109.989,,1109.989,1113.578
2017-05-01,Hungary,1157.938,0.001,1157.937,1165.316
2017-06-01,Hungary,1220.774,0.003,1220.771,1227.566
2017-07-01,Hungary,1359.032,,1359.032,1368.802
2017-08-01,Hungary,1362.833,,1362.833,1368.153
2017-09-01,Hungary,1273.144,0.01,1273.134,1279.104
2017-10-01,Hungary,1215.615,,1215.615,1220.523
2017-11-01,Hungary,1037.359,0.01,1037.349,1041.351
2017-12-01,Hungary,1021.595,,1021.595,1024.686
2018-01-01,Hungary,974.653,,974.653,
2018-02-01,Hungary,929.002,,929.002,
2018-03-01,Hungary,1134.794,0.005,1134.789,
2018-04-01,Hungary,1260.726,0.003,1260.723,
2018-05-01,Hungary,1318.614,0.012,1318.602,
2018-06-01,Hungary,1384.22,,1384.22,
2018-07-01,Hungary,1549.134,,1549.134,
2018-08-01,Hungary,1565.735,0.004,1565.731,
2018-09-01,Hungary,1424.621,0.008,1424.613,
2018-10-01,Hungary,1369.33,0.01,1369.32,
2018-11-01,Hungary,1128.948,,1128.948,
2018-12-01,Hungary,1136.716,0.005,1136.711,
2014-01-01,India,,,,14408.523
2014-02-01,India,,,,13600.48
2014-03-01,India,,,,14516.107
2014-04-01,India,,,,14330.985
2014-05-01,India,,,,15946.953
2014-06-01,India,,,,15280.608
2014-07-01,India,,,,14073.486
2014-08-01,India,,,,15314.365
2014-09-01,India,,,,15302.224
2014-10-01,India,,,,15738.607
2014-11-01,India,,,,15571.152
2014-12-01,India,,,,17086.384
2015-01-01,India,,,,16932.923
2015-02-01,India,,,,15853.82
2015-03-01,India,,,,16650.205
2015-04-01,India,,,,17191.86
2015-05-01,India,,,,18599.34
2015-06-01,India,,,,17282.215
2015-07-01,India,,,,17408.997
2015-08-01,India,,,,17718.82
2015-09-01,India,,,,17094.984
2015-10-01,India,,,,18026.376
2015-11-01,India,,,,18788.167
2015-12-01,India,,,,20065.889
2016-01-01,India,,,,20110.384
2016-02-01,India,,,,19118.647
2016-03-01,India,,,,20225.306
2016-04-01,India,,,,20332.408
2016-05-01,India,,,,22033.696
2016-06-01,India,,,,20348.547
2016-07-01,India,,,,21628.267
2016-08-01,India,,,,21378.406
2016-09-01,India,,,,20850.665
2016-10-01,India,,,,21772.664
2016-11-01,India,,,,22518.947
2016-12-01,India,,,,24256.88
2017-01-01,India,,,,24478.875
2017-02-01,India,,,,21815.336
2017-03-01,India,,,,22913.369
2017-04-01,India,,,,23114.122
2017-05-01,India,,,,25452.819
2017-06-01,India,,,,23884.687
2017-07-01,India,,,,24104.465
2017-08-01,India,,,,24430.475
2017-09-01,India,,,,23876.897
2017-10-01,India,,,,25727.627
2017-11-01,India,,,,25925.423
2017-12-01,India,,,,28117.336
2010-01-01,Ireland,1488.034,30.502,1457.532,1522.53
2010-02-01,Ireland,1548.15,38.198,1509.952,1579.746
2010-03-01,Ireland,1865.279,44.373,1820.906,1898.331
2010-04-01,Ireland,1464.44,25.856,1438.584,1468.642
2010-05-01,Ireland,1968.408,29.101,1939.307,1963.063
2010-06-01,Ireland,2294.144,31.66,2262.484,2293.577
2010-07-01,Ireland,2576.637,32.057,2544.58,2573.337
2010-08-01,Ireland,2570.129,30.425,2539.704,2560.284
2010-09-01,Ireland,2191.603,31.42,2160.183,2188.856
2010-10-01,Ireland,2127.415,31.829,2095.586,2126.463
2010-11-01,Ireland,1607.649,20.104,1587.545,1620.013
2010-12-01,Ireland,1392.322,14.491,1377.831,1407.114
2011-01-01,Ireland,1453.074,12.154,1440.92,1461.046
2011-02-01,Ireland,1450.602,10.446,1440.156,1459.872
2011-03-01,Ireland,1756.104,13.247,1742.857,1764.086
2011-04-01,Ireland,1953.483,11.666,1941.817,1957.019
2011-05-01,Ireland,2168.082,12.253,2155.829,2165.212
2011-06-01,Ireland,2318.567,13.401,2305.166,2317.293
2011-07-01,Ireland,2591.962,11.993,2579.969,2587.117
2011-08-01,Ireland,2523.797,8.635,2515.162,2516.064
2011-09-01,Ireland,2140.421,6.234,2134.187,2137.717
2011-10-01,Ireland,1945.142,5.054,1940.088,1940.184
2011-11-01,Ireland,1557.258,4.489,1552.769,1560.022
2011-12-01,Ireland,1504.397,4.34,1500.057,1517.416
2012-01-01,Ireland,1381.847,3.091,1378.756,1382.306
2012-02-01,Ireland,1419.713,4.15,1415.563,1417.52
2012-03-01,Ireland,1732.08,3.898,1728.182,1743.271
2012-04-01,Ireland,1960.461,4.079,1956.382,1961.158
2012-05-01,Ireland,2125.365,4.545,2120.82,2118.763
2012-06-01,Ireland,2367.876,4.826,2363.05,2354.731
2012-07-01,Ireland,2557.64,5.475,2552.165,2530.557
2012-08-01,Ireland,2548.058,5.965,2542.093,2530.856
2012-09-01,Ireland,2238.958,4.861,2234.097,2227.895
2012-10-01,Ireland,2074.65,4.825,2069.825,2064.069
2012-11-01,Ireland,1612.965,3.85,1609.115,1611.066
2012-12-01,Ireland,1574.476,4.095,1570.381,1568.684
2013-01-01,Ireland,1394.689,3.518,1391.171,1396.416
2013-02-01,Ireland,1405.008,3.504,1401.504,1401.712
2013-03-01,Ireland,1860.162,3.88,1856.282,1852.295
2013-04-01,Ireland,1969.497,4.185,1965.312,1956.665
2013-05-01,Ireland,2272.742,5.013,2267.729,2258.256
2013-06-01,Ireland,2485.996,4.791,2481.205,2472.113
2013-07-01,Ireland,2712.369,6.075,2706.294,2694.126
2013-08-01,Ireland,2680.247,6.804,2673.443,2659.068
2013-09-01,Ireland,2301.19,5.891,2295.299,2286.523
2013-10-01,Ireland,2162.067,4.865,2157.202,2151.911
2013-11-01,Ireland,1681.008,4.137,1676.871,1676.308
2013-12-01,Ireland,1678.665,4.418,1674.247,1684.638
2014-01-01,Ireland,1503.799,3.023,1500.776,1502.613
2014-02-01,Ireland,1492.142,3.044,1489.098,1488.993
2014-03-01,Ireland,1797.047,4.079,1792.968,1789.589
2014-04-01,Ireland,2217.914,5.061,2212.853,2205.954
2014-05-01,Ireland,2411.882,5.771,2406.111,2396.605
2014-06-01,Ireland,2628.941,5.046,2623.895,2614.845
2014-07-01,Ireland,2871.256,6.599,2864.657,2859.458
2014-08-01,Ireland,2861.199,6.733,2854.466,2842.828
2014-09-01,Ireland,2461.078,5.83,2455.248,2449.552
2014-10-01,Ireland,2365.394,5.397,2359.997,2354.152
2014-11-01,Ireland,1860.815,5.587,1855.228,1858.251
2014-12-01,Ireland,1839.359,5.447,1833.912,1836.456
2015-01-01,Ireland,1696.795,4.139,1692.656,1693.206
2015-02-01,Ireland,1715.433,4.65,1710.783,1710.483
2015-03-01,Ireland,2113.431,5.365,2108.066,2110.499
2015-04-01,Ireland,2391.401,5.776,2385.625,2379.4
2015-05-01,Ireland,2667.991,5.971,2662.02,2659.377
2015-06-01,Ireland,2991.649,6.447,2985.202,2985.435
2015-07-01,Ireland,3237.804,7.308,3230.496,3241.48
2015-08-01,Ireland,3150.799,7.949,3142.85,3148.981
2015-09-01,Ireland,2737.235,6.397,2730.838,2739.41
2015-10-01,Ireland,2686.258,6.906,2679.352,2690.061
2015-11-01,Ireland,2116.104,4.914,2111.19,2117.331
2015-12-01,Ireland,2040.12,5.33,2034.79,2048.834
2016-01-01,Ireland,1946.331,4.457,1941.874,1957.068
2016-02-01,Ireland,1981.597,4.974,1976.623,1986.315
2016-03-01,Ireland,2460.497,6.266,2454.231,2463.464
2016-04-01,Ireland,2584.486,7.048,2577.438,2581.771
2016-05-01,Ireland,2931.551,7.453,2924.098,2929.512
2016-06-01,Ireland,3254.976,8.189,3246.787,3255.849
2016-07-01,Ireland,3511.306,8.138,3503.168,3507.923
2016-08-01,Ireland,3435.748,8.357,3427.391,3432.009
2016-09-01,Ireland,3005.348,7.138,2998.21,3004.276
2016-10-01,Ireland,2900.82,7.164,2893.656,2901.914
2016-11-01,Ireland,2301.847,6.122,2295.725,2304.823
2016-12-01,Ireland,2281.202,6.482,2274.72,2296.262
2017-01-01,Ireland,2111.631,5.146,2106.485,2128.618
2017-02-01,Ireland,2047.024,5.654,2041.37,2055.811
2017-03-01,Ireland,2488.422,6.568,2481.854,2494.948
2017-04-01,Ireland,2873.909,7.401,2866.508,2879.31
2017-05-01,Ireland,3035.462,7.778,3027.684,3040.486
2017-06-01,Ireland,3409.826,8.018,3401.808,3415.362
2017-07-01,Ireland,3679.83,9.782,3670.048,3687.474
2017-08-01,Ireland,3615.767,8.86,3606.907,3625.638
2017-09-01,Ireland,3174.995,7.312,3167.683,3180.182
2017-10-01,Ireland,2993.256,7.218,2986.038,3005.291
2017-11-01,Ireland,2442.353,6.37,2435.983,2450.337
2017-12-01,Ireland,2399.296,6.88,2392.416,2419.815
2018-01-01,Ireland,2230.031,5.722,2224.309,
2018-02-01,Ireland,2108.843,6.307,2102.536,
2018-03-01,Ireland,2561.755,7.0,2554.755,
2018-04-01,Ireland,3010.851,7.855,3002.996,
2018-05-01,Ireland,3324.775,8.729,3316.046,
2018-06-01,Ireland,3648.427,9.099,3639.328,
2018-07-01,Ireland,3889.785,10.592,3879.193,
2018-08-01,Ireland,3799.828,10.88,3788.948,
2018-09-01,Ireland,3391.539,8.639,3382.9,
2018-10-01,Ireland,3228.463,8.243,3220.22,
2018-11-01,Ireland,2595.786,8.753,2587.033,
2018-12-01,Ireland,2554.922,6.978,2547.944,
2010-01-01,Iceland,91.443,,91.443,93.73
2010-02-01,Iceland,90.607,,90.607,92.335
2010-03-01,Iceland,116.277,,116.277,117.724
2010-04-01,Iceland,99.345,,99.345,100.798
2010-05-01,Iceland,137.825,,137.825,139.857
2010-06-01,Iceland,249.365,,249.365,251.967
2010-07-01,Iceland,330.756,,330.756,333.244
2010-08-01,Iceland,319.228,,319.228,322.203
2010-09-01,Iceland,189.592,,189.592,191.761
2010-10-01,Iceland,174.942,,174.942,179.361
2010-11-01,Iceland,119.946,,119.946,121.967
2010-12-01,Iceland,117.03,,117.03,120.241
2011-01-01,Iceland,108.504,,108.504,110.653
2011-02-01,Iceland,105.913,,105.913,107.928
2011-03-01,Iceland,127.509,,127.509,129.218
2011-04-01,Iceland,162.188,,162.188,163.646
2011-05-01,Iceland,184.382,,184.382,185.97
2011-06-01,Iceland,322.821,,322.821,317.181
2011-07-01,Iceland,399.735,,399.735,401.955
2011-08-01,Iceland,384.621,,384.621,386.448
2011-09-01,Iceland,218.425,,218.425,219.848
2011-10-01,Iceland,192.549,,192.549,193.945
2011-11-01,Iceland,129.856,,129.856,131.0
2011-12-01,Iceland,126.391,,126.391,127.014
2012-01-01,Iceland,114.945,,114.945,115.522
2012-02-01,Iceland,117.429,,117.429,118.098
2012-03-01,Iceland,148.758,,148.758,149.066
2012-04-01,Iceland,180.068,,180.068,180.694
2012-05-01,Iceland,208.978,,208.978,210.451
2012-06-01,Iceland,333.123,,333.123,342.826
2012-07-01,Iceland,422.464,,422.464,424.752
2012-08-01,Iceland,406.267,,406.267,409.573
2012-09-01,Iceland,263.928,,263.928,265.076
2012-10-01,Iceland,229.782,,229.782,230.604
2012-11-01,Iceland,163.375,,163.375,164.95
2012-12-01,Iceland,151.574,,151.574,152.414
2013-01-01,Iceland,142.46,,142.46,142.681
2013-02-01,Iceland,144.807,,144.807,145.771
2013-03-01,Iceland,195.628,,195.628,197.391
2013-04-01,Iceland,203.64,,203.64,204.833
2013-05-01,Iceland,253.735,,253.735,254.277
2013-06-01,Iceland,382.533,,382.533,384.023
2013-07-01,Iceland,463.121,,463.121,464.323
2013-08-01,Iceland,454.819,,454.819,455.802
2013-09-01,Iceland,297.105,,297.105,298.299
2013-10-01,Iceland,264.782,,264.782,265.245
2013-11-01,Iceland,198.24,,198.24,198.654
2013-12-01,Iceland,198.396,,198.396,198.549
2014-01-01,Iceland,182.345,,182.345,182.992
2014-02-01,Iceland,177.948,,177.948,178.949
2014-03-01,Iceland,228.468,,228.468,229.378
2014-04-01,Iceland,260.049,,260.049,260.502
2014-05-01,Iceland,303.14,,303.14,302.913
2014-06-01,Iceland,453.383,,453.383,454.311
2014-07-01,Iceland,544.982,,544.982,546.749
2014-08-01,Iceland,535.31,,535.31,537.12
2014-09-01,Iceland,368.447,,368.447,368.506
2014-10-01,Iceland,311.089,,311.089,311.59
2014-11-01,Iceland,245.876,,245.876,248.828
2014-12-01,Iceland,242.577,,242.577,243.884
2015-01-01,Iceland,230.263,,230.263,230.985
2015-02-01,Iceland,229.769,,229.769,230.348
2015-03-01,Iceland,281.71,,281.71,282.675
2015-04-01,Iceland,297.198,,297.198,298.267
2015-05-01,Iceland,399.348,,399.348,399.576
2015-06-01,Iceland,567.877,,567.877,568.833
2015-07-01,Iceland,661.154,,661.154,662.729
2015-08-01,Iceland,659.624,,659.624,660.75
2015-09-01,Iceland,487.014,,487.014,487.508
2015-10-01,Iceland,411.357,,411.357,412.425
2015-11-01,Iceland,314.002,,314.002,314.526
2015-12-01,Iceland,307.972,,307.972,306.879
2016-01-01,Iceland,289.226,,289.226,290.497
2016-02-01,Iceland,324.02,,324.02,324.38
2016-03-01,Iceland,400.744,,400.744,402.62
2016-04-01,Iceland,380.478,,380.478,382.126
2016-05-01,Iceland,535.3,,535.3,537.017
2016-06-01,Iceland,759.896,,759.896,763.445
2016-07-01,Iceland,897.526,,897.526,900.081
2016-08-01,Iceland,892.242,,892.242,894.535
2016-09-01,Iceland,699.524,,699.524,701.284
2016-10-01,Iceland,613.475,,613.475,614.446
2016-11-01,Iceland,495.362,,495.362,496.329
2016-12-01,Iceland,514.021,,514.021,514.598
2017-01-01,Iceland,493.026,,493.026,531.89
2017-02-01,Iceland,486.05,,486.05,529.652
2017-03-01,Iceland,580.644,,580.644,636.901
2017-04-01,Iceland,616.717,,616.717,666.338
2017-05-01,Iceland,248.659,0.231,248.428,713.9
2017-06-01,Iceland,927.292,0.322,926.97,931.048
2017-07-01,Iceland,1097.598,0.488,1097.11,1099.963
2017-08-01,Iceland,1079.073,0.34,1078.733,1081.409
2017-09-01,Iceland,864.81,0.378,864.432,869.063
2017-10-01,Iceland,725.636,1.007,724.629,729.563
2017-11-01,Iceland,593.395,1.281,592.114,594.789
2017-12-01,Iceland,605.834,1.157,604.677,607.176
2018-01-01,Iceland,593.471,27.264,566.207,
2018-02-01,Iceland,569.123,25.689,543.434,
2018-03-01,Iceland,702.455,32.535,669.92,
2018-04-01,Iceland,678.665,31.511,647.154,
2018-05-01,Iceland,867.281,31.899,835.382,
2018-06-01,Iceland,1122.121,32.475,1089.646,
2018-07-01,Iceland,1224.554,33.532,1191.022,
2018-08-01,Iceland,1227.716,34.582,1193.134,
2018-09-01,Iceland,1014.135,30.919,983.216,
2018-10-01,Iceland,881.91,33.105,848.805,
2018-11-01,Iceland,655.549,27.156,628.393,
2018-12-01,Iceland,629.406,23.878,605.528,
2014-01-01,Israel,,,,988.47
2014-02-01,Israel,,,,973.354
2014-03-01,Israel,,,,1194.018
2014-04-01,Israel,,,,1508.548
2014-05-01,Israel,,,,1495.81
2014-06-01,Israel,,,,1606.781
2014-07-01,Israel,,,,1639.618
2014-08-01,Israel,,,,1770.523
2014-09-01,Israel,,,,1410.511
2014-10-01,Israel,,,,1546.206
2014-11-01,Israel,,,,1114.709
2014-12-01,Israel,,,,1099.4
2015-01-01,Israel,,,,1026.458
2015-02-01,Israel,,,,985.005
2015-03-01,Israel,,,,1284.562
2015-04-01,Israel,,,,1476.288
2015-05-01,Israel,,,,1479.361
2015-06-01,Israel,,,,1558.743
2015-07-01,Israel,,,,1935.595
2015-08-01,Israel,,,,2204.274
2015-09-01,Israel,,,,1779.218
2015-10-01,Israel,,,,1626.117
2015-11-01,Israel,,,,1186.156
2015-12-01,Israel,,,,1215.017
2016-01-01,Israel,,,,1110.624
2016-02-01,Israel,,,,1108.742
2016-03-01,Israel,,,,1347.779
2016-04-01,Israel,,,,1566.205
2016-05-01,Israel,,,,1638.651
2016-06-01,Israel,,,,1675.444
2016-07-01,Israel,,,,2090.844
2016-08-01,Israel,,,,2300.395
2016-09-01,Israel,,,,1991.195
2016-10-01,Israel,,,,1843.832
2016-11-01,Israel,,,,1427.041
2016-12-01,Israel,,,,1357.207
2017-01-01,Israel,,,,1299.785
2017-02-01,Israel,,,,1222.892
2017-03-01,Israel,,,,1568.757
2017-04-01,Israel,,,,1933.23
2017-05-01,Israel,,,,1785.4
2017-06-01,Israel,,,,1986.183
2017-07-01,Israel,,,,2344.184
2017-08-01,Israel,,,,2667.746
2017-09-01,Israel,,,,2107.848
2017-10-01,Israel,,,,2190.148
2017-11-01,Israel,,,,1678.255
2017-12-01,Israel,,,,1610.158
2010-01-01,Italy,6698.291,1940.711,4757.58,8649.425
2010-02-01,Italy,6415.124,1939.762,4475.362,8356.669
2010-03-01,Italy,8049.844,2258.398,5791.446,10319.421
2010-04-01,Italy,7983.409,2252.394,5731.015,10232.167
2010-05-01,Italy,9723.619,2645.625,7077.994,12363.651
2010-06-01,Italy,10208.827,2773.869,7434.958,12960.887
2010-07-01,Italy,11618.856,3030.654,8588.202,14636.892
2010-08-01,Italy,12346.536,2955.507,9391.029,15294.989
2010-09-01,Italy,10860.953,2862.511,7998.442,13738.473
2010-10-01,Italy,9983.971,2654.007,7329.964,12659.63
2010-11-01,Italy,7654.898,2290.705,5364.193,9963.88
2010-12-01,Italy,7520.625,2335.763,5184.862,9872.149
2011-01-01,Italy,7466.518,2104.02,5362.498,9585.695
2011-02-01,Italy,6745.67,2001.624,4744.046,8757.814
2011-03-01,Italy,8515.864,2401.76,6114.104,10917.127
2011-04-01,Italy,9660.975,2599.31,7061.665,12247.391
2011-05-01,Italy,10282.959,2787.482,7495.477,13059.619
2011-06-01,Italy,10973.302,2994.152,7979.15,13930.525
2011-07-01,Italy,12510.013,3272.208,9237.805,15736.154
2011-08-01,Italy,12830.224,3163.115,9667.109,15943.778
2011-09-01,Italy,11512.1,3071.0,8441.1,14572.552
2011-10-01,Italy,10338.854,2770.698,7568.156,13101.662
2011-11-01,Italy,7661.389,2343.029,5318.36,10008.09
2011-12-01,Italy,7728.799,2419.482,5309.317,10143.898
2012-01-01,Italy,7388.814,2129.521,5259.293,9545.702
2012-02-01,Italy,6638.336,1927.704,4710.632,8583.453
2012-03-01,Italy,8414.87,2351.32,6063.55,10767.453
2012-04-01,Italy,9964.007,2595.144,7368.863,12557.283
2012-05-01,Italy,10391.146,2747.918,7643.228,13140.698
2012-06-01,Italy,11125.321,2924.122,8201.199,14038.576
2012-07-01,Italy,12650.094,3178.991,9471.103,15785.943
2012-08-01,Italy,12961.707,3007.594,9954.113,15911.768
2012-09-01,Italy,11701.236,2857.876,8843.36,14545.453
2012-10-01,Italy,10008.912,2474.244,7534.668,12485.296
2012-11-01,Italy,7454.552,2070.375,5384.177,9400.416
2012-12-01,Italy,7330.393,2071.481,5258.912,9323.351
2013-01-01,Italy,6867.147,1832.458,5034.689,8738.66
2013-02-01,Italy,6496.657,1753.209,4743.448,8279.55
2013-03-01,Italy,8249.254,2080.002,6169.252,10386.625
2013-04-01,Italy,9562.006,2350.794,7211.212,11961.431
2013-05-01,Italy,10467.693,2526.72,7940.973,13042.286
2013-06-01,Italy,11365.607,2805.791,8559.816,14195.685
2013-07-01,Italy,12541.097,3014.087,9527.01,15580.557
2013-08-01,Italy,12849.607,2840.487,10009.12,15696.031
2013-09-01,Italy,11661.396,2768.352,8893.044,14450.437
2013-10-01,Italy,10133.45,2388.647,7744.803,12556.793
2013-11-01,Italy,7527.223,2006.061,5521.162,9558.496
2013-12-01,Italy,7550.789,2049.727,5501.062,9623.597
2014-01-01,Italy,7120.013,1859.148,5260.865,9020.815
2014-02-01,Italy,6679.993,1773.094,4906.899,8497.047
2014-03-01,Italy,8342.385,2120.069,6222.316,10504.519
2014-04-01,Italy,10153.809,2377.044,7776.765,12523.517
2014-05-01,Italy,10903.623,2551.91,8351.713,13452.538
2014-06-01,Italy,11893.121,2867.044,9026.077,14738.968
2014-07-01,Italy,13192.302,3056.794,10135.508,16183.81
2014-08-01,Italy,13842.982,2918.278,10924.704,16749.033
2014-09-01,Italy,12263.28,2846.183,9417.097,15059.288
2014-10-01,Italy,10685.505,2512.489,8173.016,13166.554
2014-11-01,Italy,8030.292,2140.634,5889.658,10131.202
2014-12-01,Italy,8057.282,2153.338,5903.944,10181.718
2015-01-01,Italy,7597.063,1909.716,5687.347,9474.483
2015-02-01,Italy,7269.876,1856.398,5413.478,9093.851
2015-03-01,Italy,8920.973,2208.709,6712.264,11102.436
2015-04-01,Italy,10615.838,2484.78,8131.058,13053.566
2015-05-01,Italy,11528.761,2566.374,8962.387,14035.794
2015-06-01,Italy,12365.912,2831.091,9534.821,15102.229
2015-07-01,Italy,13848.766,3072.528,10776.238,16793.097
2015-08-01,Italy,14320.024,2910.093,11409.931,17092.448
2015-09-01,Italy,12903.907,2907.905,9996.002,15713.844
2015-10-01,Italy,11486.015,2600.12,8885.895,14038.233
2015-11-01,Italy,8468.135,2142.157,6325.978,10566.09
2015-12-01,Italy,8339.951,2166.776,6173.175,10447.373
2016-01-01,Italy,7987.426,1951.537,6035.889,9928.444
2016-02-01,Italy,8028.299,2005.843,6022.456,10027.058
2016-03-01,Italy,9523.753,2292.714,7231.039,11803.23
2016-04-01,Italy,10731.996,2402.926,8329.07,13114.84
2016-05-01,Italy,12064.223,2677.236,9386.987,14708.083
2016-06-01,Italy,12822.777,2903.489,9919.288,15644.112
2016-07-01,Italy,14709.974,3136.325,11573.649,17722.178
2016-08-01,Italy,14821.55,2982.513,11839.037,17683.634
2016-09-01,Italy,13485.628,2896.403,10589.225,16292.53
2016-10-01,Italy,11963.985,2559.04,9404.945,14483.779
2016-11-01,Italy,9049.063,2182.767,6866.296,11223.188
2016-12-01,Italy,9289.107,2281.135,7007.972,11567.316
2017-01-01,Italy,8758.824,2016.116,6742.708,10776.523
2017-02-01,Italy,8302.416,1903.669,6398.747,10205.417
2017-03-01,Italy,10061.923,2290.25,7771.673,12341.493
2017-04-01,Italy,12062.418,2461.021,9601.397,14477.007
2017-05-01,Italy,12846.063,2766.74,10079.323,15561.084
2017-06-01,Italy,13950.073,3026.533,10923.54,16863.499
2017-07-01,Italy,15881.795,3283.972,12597.823,18967.285
2017-08-01,Italy,15863.435,3082.416,12781.019,18746.244
2017-09-01,Italy,14585.368,3031.973,11553.395,17462.557
2017-10-01,Italy,12786.658,2700.567,10086.091,15754.131
2017-11-01,Italy,9554.246,2260.774,7293.472,11788.193
2017-12-01,Italy,9653.106,2296.582,7356.524,11915.338
2018-01-01,Italy,9328.838,2105.694,7223.144,
2018-02-01,Italy,8809.441,1976.303,6833.138,
2018-03-01,Italy,10748.537,2314.515,8434.022,
2018-04-01,Italy,12829.981,2584.445,10245.536,
2018-05-01,Italy,13681.588,2830.722,10850.866,
2018-06-01,Italy,14881.793,3082.364,11799.429,
2018-07-01,Italy,16502.851,3299.033,13203.818,
2018-08-01,Italy,16639.053,3136.519,13502.534,
2018-09-01,Italy,15406.592,3136.886,12269.706,
2018-10-01,Italy,13693.853,2836.139,10857.714,
2018-11-01,Italy,10434.69,2432.507,8002.183,
2018-12-01,Italy,10474.735,2447.377,8027.358,
2016-01-01,Jamaica,,,,370.345
2016-02-01,Jamaica,,,,343.155
2016-03-01,Jamaica,,,,397.459
2016-04-01,Jamaica,,,,353.573
2016-05-01,Jamaica,,,,304.101
2016-06-01,Jamaica,,,,323.843
2016-07-01,Jamaica,,,,382.175
2016-08-01,Jamaica,,,,329.907
2016-09-01,Jamaica,,,,225.536
2016-10-01,Jamaica,,,,241.065
2016-11-01,Jamaica,,,,304.9
2016-12-01,Jamaica,,,,376.214
2017-01-01,Jamaica,,,,390.723
2017-02-01,Jamaica,,,,351.41
2017-03-01,Jamaica,,,,395.382
2017-04-01,Jamaica,,,,380.393
2017-05-01,Jamaica,,,,324.741
2017-06-01,Jamaica,,,,352.47
2017-07-01,Jamaica,,,,421.506
2017-08-01,Jamaica,,,,376.478
2017-09-01,Jamaica,,,,248.989
2017-10-01,Jamaica,,,,274.209
2017-11-01,Jamaica,,,,344.929
2017-12-01,Jamaica,,,,423.328
2014-01-01,Japan,,,,6306.801
2014-02-01,Japan,,,,5979.662
2014-03-01,Japan,,,,7227.273
2014-04-01,Japan,,,,6215.064
2014-05-01,Japan,,,,6399.752
2014-06-01,Japan,,,,6221.08
2014-07-01,Japan,,,,6766.49
2014-08-01,Japan,,,,7734.886
2014-09-01,Japan,,,,6785.492
2014-10-01,Japan,,,,6735.026
2014-11-01,Japan,,,,6565.684
2014-12-01,Japan,,,,6423.369
2015-01-01,Japan,,,,6237.001
2015-02-01,Japan,,,,6322.994
2015-03-01,Japan,,,,7467.545
2015-04-01,Japan,,,,6820.726
2015-05-01,Japan,,,,7095.572
2015-06-01,Japan,,,,6789.149
2015-07-01,Japan,,,,7404.373
2015-08-01,Japan,,,,8323.231
2015-09-01,Japan,,,,7401.02
2015-10-01,Japan,,,,7456.541
2015-11-01,Japan,,,,6980.577
2015-12-01,Japan,,,,6977.545
2016-01-01,Japan,,,,7030.73
2016-02-01,Japan,,,,6991.909
2016-03-01,Japan,,,,7781.219
2016-04-01,Japan,,,,7224.02
2016-05-01,Japan,,,,7190.666
2016-06-01,Japan,,,,7148.138
2016-07-01,Japan,,,,7952.898
2016-08-01,Japan,,,,8632.57
2016-09-01,Japan,,,,7635.017
2016-10-01,Japan,,,,7747.256
2016-11-01,Japan,,,,7333.927
2016-12-01,Japan,,,,7382.432
2017-01-01,Japan,,,,7561.202
2017-02-01,Japan,,,,7232.642
2017-03-01,Japan,,,,8341.323
2017-04-01,Japan,,,,7672.689
2017-05-01,Japan,,,,7741.258
2017-06-01,Japan,,,,7540.994
2017-07-01,Japan,,,,8324.882
2017-08-01,Japan,,,,9152.747
2017-09-01,Japan,,,,8021.63
2017-10-01,Japan,,,,8153.767
2017-11-01,Japan,,,,8042.855
2017-12-01,Japan,,,,7944.87
2014-01-01,Cambodia,,,,602.683
2014-02-01,Cambodia,,,,575.253
2014-03-01,Cambodia,,,,511.346
2014-04-01,Cambodia,,,,423.073
2014-05-01,Cambodia,,,,371.656
2014-06-01,Cambodia,,,,341.332
2014-07-01,Cambodia,,,,417.094
2014-08-01,Cambodia,,,,462.824
2014-09-01,Cambodia,,,,382.773
2014-10-01,Cambodia,,,,448.815
2014-11-01,Cambodia,,,,538.849
2014-12-01,Cambodia,,,,608.865
2015-01-01,Cambodia,,,,666.974
2015-02-01,Cambodia,,,,626.319
2015-03-01,Cambodia,,,,583.234
2015-04-01,Cambodia,,,,488.726
2015-05-01,Cambodia,,,,440.931
2015-06-01,Cambodia,,,,404.201
2015-07-01,Cambodia,,,,484.905
2015-08-01,Cambodia,,,,527.95
2015-09-01,Cambodia,,,,429.219
2015-10-01,Cambodia,,,,494.523
2015-11-01,Cambodia,,,,591.871
2015-12-01,Cambodia,,,,636.728
2016-01-01,Cambodia,,,,696.131
2016-02-01,Cambodia,,,,684.93
2016-03-01,Cambodia,,,,619.113
2016-04-01,Cambodia,,,,509.691
2016-05-01,Cambodia,,,,459.088
2016-06-01,Cambodia,,,,443.854
2016-07-01,Cambodia,,,,537.537
2016-08-01,Cambodia,,,,571.048
2016-09-01,Cambodia,,,,493.865
2016-10-01,Cambodia,,,,562.389
2016-11-01,Cambodia,,,,682.052
2016-12-01,Cambodia,,,,764.042
2017-01-01,Cambodia,,,,833.092
2017-02-01,Cambodia,,,,779.587
2017-03-01,Cambodia,,,,747.177
2014-01-01,"Korea, Republic of",,,,8230.934
2014-02-01,"Korea, Republic of",,,,7819.702
2014-03-01,"Korea, Republic of",,,,8037.649
2014-04-01,"Korea, Republic of",,,,8919.063
2014-05-01,"Korea, Republic of",,,,8559.828
2014-06-01,"Korea, Republic of",,,,8815.809
2014-07-01,"Korea, Republic of",,,,9546.045
2014-08-01,"Korea, Republic of",,,,10466.835
2014-09-01,"Korea, Republic of",,,,9074.21
2014-10-01,"Korea, Republic of",,,,9958.899
2014-11-01,"Korea, Republic of",,,,8894.688
2014-12-01,"Korea, Republic of",,,,8627.794
2015-01-01,"Korea, Republic of",,,,9528.792
2015-02-01,"Korea, Republic of",,,,9120.053
2015-03-01,"Korea, Republic of",,,,9404.037
2015-04-01,"Korea, Republic of",,,,10401.118
2015-05-01,"Korea, Republic of",,,,10734.203
2015-06-01,"Korea, Republic of",,,,8034.695
2015-07-01,"Korea, Republic of",,,,9017.083
2015-08-01,"Korea, Republic of",,,,11029.81
2015-09-01,"Korea, Republic of",,,,9896.637
2015-10-01,"Korea, Republic of",,,,11198.01
2015-11-01,"Korea, Republic of",,,,10177.739
2015-12-01,"Korea, Republic of",,,,10028.718
2016-01-01,"Korea, Republic of",,,,10705.692
2016-02-01,"Korea, Republic of",,,,10506.878
2016-03-01,"Korea, Republic of",,,,10194.333
2016-04-01,"Korea, Republic of",,,,11147.32
2016-05-01,"Korea, Republic of",,,,11255.935
2016-06-01,"Korea, Republic of",,,,11476.67
2016-07-01,"Korea, Republic of",,,,12398.017
2016-08-01,"Korea, Republic of",,,,12863.985
2016-09-01,"Korea, Republic of",,,,11382.366
2016-10-01,"Korea, Republic of",,,,12120.884
2016-11-01,"Korea, Republic of",,,,10932.095
2016-12-01,"Korea, Republic of",,,,11154.082
2017-01-01,"Korea, Republic of",,,,12101.968
2017-02-01,"Korea, Republic of",,,,11219.43
2017-03-01,"Korea, Republic of",,,,11064.012
2017-04-01,"Korea, Republic of",,,,11679.304
2017-05-01,"Korea, Republic of",,,,11795.258
2017-06-01,"Korea, Republic of",,,,11814.121
2017-07-01,"Korea, Republic of",,,,12269.205
2017-08-01,"Korea, Republic of",,,,13020.441
2017-09-01,"Korea, Republic of",,,,11965.267
2017-10-01,"Korea, Republic of",,,,12412.224
2017-11-01,"Korea, Republic of",,,,11783.831
2017-12-01,"Korea, Republic of",,,,12026.094
2010-01-01,,,,,96.732
2010-02-01,,,,,76.734
2010-03-01,,,,,87.045
2010-04-01,,,,,83.548
2010-05-01,,,,,102.349
2010-06-01,,,,,111.614
2010-07-01,,,,,169.523
2011-01-01,,,,,107.749
2011-02-01,,,,,81.837
2011-03-01,,,,,90.585
2011-04-01,,,,,112.116
2011-05-01,,,,,103.87
2011-06-01,,,,,120.058
2011-07-01,,,,,185.811
2011-08-01,,,,,172.81
2011-09-01,,,,,122.949
2011-10-01,,,,,115.071
2011-12-01,,,,,113.157
2012-01-01,,,,,112.961
2012-02-01,,,,,80.196
2012-03-01,,,,,99.54
2012-04-01,,,,,119.484
2012-05-01,,,,,114.14
2012-06-01,,,,,131.983
2012-07-01,,,,,197.331
2012-08-01,,,,,196.047
2012-09-01,,,,,136.59
2012-10-01,,,,,117.935
2012-11-01,,,,,97.923
2012-12-01,,,,,123.004
2013-01-01,,,,,119.714
2013-02-01,,,,,102.217
2013-03-01,,,,,126.132
2013-04-01,,,,,134.272
2013-05-01,,,,,132.61
2013-06-01,,,,,141.1
2013-07-01,,,,,198.443
2013-08-01,,,,,221.196
2013-09-01,,,,,140.005
2013-10-01,,,,,124.943
2014-01-01,,,,,95.327
2014-02-01,,,,,83.154
2014-03-01,,,,,97.293
2014-04-01,,,,,114.757
2014-05-01,,,,,115.025
2014-06-01,,,,,120.614
2014-07-01,,,,,161.709
2014-08-01,,,,,193.446
2014-09-01,,,,,121.103
2014-10-01,,,,,114.268
2014-11-01,,,,,96.867
2014-12-01,,,,,113.709
2015-01-01,,,,,108.611
2015-02-01,,,,,88.28
2015-03-01,,,,,103.54
2015-04-01,,,,,128.125
2015-05-01,,,,,130.483
2015-06-01,,,,,131.949
2015-07-01,,,,,194.59
2015-08-01,,,,,215.47
2015-09-01,,,,,138.196
2015-10-01,,,,,127.737
2015-11-01,,,,,103.918
2015-12-01,,,,,108.507
2016-01-01,,,,,122.217
2016-02-01,,,,,107.961
2016-03-01,,,,,127.25
2016-04-01,,,,,146.134
2016-05-01,,,,,144.504
2016-06-01,,,,,141.179
2016-07-01,,,,,209.053
2016-08-01,,,,,216.972
2016-09-01,,,,,147.357
2016-10-01,,,,,147.892
2016-11-01,,,,,111.635
2016-12-01,,,,,134.792
2017-01-01,,,,,122.844
2017-02-01,,,,,108.27
2017-03-01,,,,,126.225
2017-04-01,,,,,172.339
2017-05-01,,,,,148.212
2017-06-01,,,,,144.424
2017-07-01,,,,,234.139
2017-08-01,,,,,241.56
2017-09-01,,,,,169.524
2017-10-01,,,,,150.366
2017-11-01,,,,,116.84
2017-12-01,,,,,150.393
2015-01-01,Saint Lucia,,,,78.403
2015-02-01,Saint Lucia,,,,73.365
2015-03-01,Saint Lucia,,,,81.894
2015-04-01,Saint Lucia,,,,73.693
2015-05-01,Saint Lucia,,,,67.987
2015-06-01,Saint Lucia,,,,62.428
2015-07-01,Saint Lucia,,,,73.587
2015-08-01,Saint Lucia,,,,72.543
2015-09-01,Saint Lucia,,,,46.368
2015-10-01,Saint Lucia,,,,57.23
2015-11-01,Saint Lucia,,,,62.152
2015-12-01,Saint Lucia,,,,74.278
2016-01-01,Saint Lucia,,,,79.122
2016-02-01,Saint Lucia,,,,73.773
2016-03-01,Saint Lucia,,,,82.398
2016-04-01,Saint Lucia,,,,73.784
2016-05-01,Saint Lucia,,,,69.626
2016-06-01,Saint Lucia,,,,63.701
2016-07-01,Saint Lucia,,,,76.984
2016-08-01,Saint Lucia,,,,74.098
2016-09-01,Saint Lucia,,,,49.57
2016-10-01,Saint Lucia,,,,57.655
2016-11-01,Saint Lucia,,,,62.783
2016-12-01,Saint Lucia,,,,77.202
2017-01-01,Saint Lucia,,,,80.934
2017-02-01,Saint Lucia,,,,76.592
2017-03-01,Saint Lucia,,,,83.742
2017-04-01,Saint Lucia,,,,82.537
2017-05-01,Saint Lucia,,,,70.337
2017-06-01,Saint Lucia,,,,71.532
2017-07-01,Saint Lucia,,,,82.949
2017-08-01,Saint Lucia,,,,79.909
2017-09-01,Saint Lucia,,,,50.184
2010-01-01,Lithuania,135.588,0.006,135.582,128.891
2010-02-01,Lithuania,126.238,0.008,126.23,120.266
2010-03-01,Lithuania,167.915,0.007,167.908,161.195
2010-04-01,Lithuania,141.447,0.005,141.442,134.967
2010-05-01,Lithuania,214.385,0.014,214.371,205.678
2010-06-01,Lithuania,241.179,,241.179,230.237
2010-07-01,Lithuania,251.326,0.145,251.181,239.337
2010-08-01,Lithuania,247.576,,247.576,237.53
2010-09-01,Lithuania,219.929,0.003,219.926,210.512
2010-10-01,Lithuania,204.246,0.024,204.222,195.839
2010-11-01,Lithuania,172.006,0.002,172.004,164.216
2010-12-01,Lithuania,160.999,0.006,160.993,154.943
2011-01-01,Lithuania,159.451,,159.451,151.828
2011-02-01,Lithuania,146.14,,146.14,139.277
2011-03-01,Lithuania,176.595,,176.595,168.362
2011-04-01,Lithuania,197.859,0.001,197.858,190.084
2011-05-01,Lithuania,254.462,,254.462,245.415
2011-06-01,Lithuania,269.354,,269.354,259.449
2011-07-01,Lithuania,277.276,0.004,277.272,266.19
2011-08-01,Lithuania,277.957,,277.957,266.9
2011-09-01,Lithuania,258.06,0.005,258.055,248.534
2011-10-01,Lithuania,247.729,0.004,247.725,240.053
2011-11-01,Lithuania,211.285,0.004,211.281,201.702
2011-12-01,Lithuania,215.823,0.008,215.815,207.291
2012-01-01,Lithuania,208.051,,208.051,208.224
2012-02-01,Lithuania,191.824,,191.824,191.94
2012-03-01,Lithuania,224.796,0.005,224.791,224.73
2012-04-01,Lithuania,246.725,0.004,246.721,246.817
2012-05-01,Lithuania,284.485,0.019,284.466,284.008
2012-06-01,Lithuania,325.816,,325.816,326.267
2012-07-01,Lithuania,338.86,0.021,338.839,338.824
2012-08-01,Lithuania,334.171,,334.171,334.066
2012-09-01,Lithuania,298.72,,298.72,298.801
2012-10-01,Lithuania,281.707,0.045,281.662,281.746
2012-11-01,Lithuania,218.118,0.011,218.107,217.454
2012-12-01,Lithuania,213.355,0.006,213.349,213.217
2013-01-01,Lithuania,208.858,,208.858,208.802
2013-02-01,Lithuania,188.677,0.005,188.672,188.87
2013-03-01,Lithuania,226.89,,226.89,226.832
2013-04-01,Lithuania,272.823,,272.823,273.279
2013-05-01,Lithuania,316.506,0.015,316.491,316.556
2013-06-01,Lithuania,349.189,0.03,349.159,349.268
2013-07-01,Lithuania,374.024,0.012,374.012,375.675
2013-08-01,Lithuania,370.828,0.01,370.818,371.904
2013-09-01,Lithuania,345.048,0.041,345.007,345.909
2013-10-01,Lithuania,343.298,0.009,343.289,344.983
2013-11-01,Lithuania,252.704,0.018,252.686,253.32
2013-12-01,Lithuania,233.513,0.008,233.505,234.308
2014-01-01,Lithuania,220.606,0.014,220.592,221.117
2014-02-01,Lithuania,201.503,,201.503,202.262
2014-03-01,Lithuania,240.029,,240.029,240.499
2014-04-01,Lithuania,314.497,,314.497,315.684
2014-05-01,Lithuania,374.149,,374.149,376.239
2014-06-01,Lithuania,390.726,0.157,390.569,392.3
2014-07-01,Lithuania,398.776,0.013,398.763,400.093
2014-08-01,Lithuania,398.92,,398.92,399.944
2014-09-01,Lithuania,364.973,,364.973,366.796
2014-10-01,Lithuania,358.264,,358.264,359.498
2014-11-01,Lithuania,274.198,0.012,274.186,274.079
2014-12-01,Lithuania,261.469,0.048,261.421,261.591
2015-01-01,Lithuania,256.974,,256.974,256.948
2015-02-01,Lithuania,240.974,,240.974,240.993
2015-03-01,Lithuania,284.033,0.006,284.027,284.073
2015-04-01,Lithuania,338.835,0.006,338.829,339.141
2015-05-01,Lithuania,398.327,,398.327,398.392
2015-06-01,Lithuania,409.294,0.036,409.258,408.928
2015-07-01,Lithuania,419.566,0.003,419.563,419.479
2015-08-01,Lithuania,434.365,0.029,434.336,434.122
2015-09-01,Lithuania,415.294,0.163,415.131,415.556
2015-10-01,Lithuania,415.821,0.012,415.809,416.057
2015-11-01,Lithuania,313.121,0.015,313.106,313.002
2015-12-01,Lithuania,300.785,0.073,300.712,300.925
2016-01-01,Lithuania,299.59,,299.59,299.619
2016-02-01,Lithuania,283.891,0.003,283.888,283.868
2016-03-01,Lithuania,330.386,0.005,330.381,330.53
2016-04-01,Lithuania,379.443,0.001,379.442,379.083
2016-05-01,Lithuania,449.543,0.119,449.424,449.636
2016-06-01,Lithuania,468.278,0.003,468.275,468.528
2016-07-01,Lithuania,472.843,0.003,472.84,472.535
2016-08-01,Lithuania,481.508,0.004,481.504,481.193
2016-09-01,Lithuania,459.864,0.01,459.854,459.801
2016-10-01,Lithuania,445.71,,445.71,445.736
2016-11-01,Lithuania,356.896,0.085,356.811,356.859
2016-12-01,Lithuania,359.609,0.146,359.463,359.694
2017-01-01,Lithuania,356.201,,356.201,356.039
2017-02-01,Lithuania,325.292,0.007,325.285,325.266
2017-03-01,Lithuania,382.151,0.002,382.149,382.038
2017-04-01,Lithuania,450.281,,450.281,450.31
2017-05-01,Lithuania,509.867,0.003,509.864,510.051
2017-06-01,Lithuania,527.185,,527.185,527.214
2017-07-01,Lithuania,408.258,0.002,408.256,407.974
2017-08-01,Lithuania,415.275,,415.275,414.657
2017-09-01,Lithuania,519.202,0.002,519.2,519.027
2017-10-01,Lithuania,529.37,0.006,529.364,528.958
2017-11-01,Lithuania,414.549,,414.549,414.39
2017-12-01,Lithuania,408.47,0.001,408.469,408.928
2018-01-01,Lithuania,406.445,,406.445,
2018-02-01,Lithuania,377.197,0.349,376.848,
2018-03-01,Lithuania,451.581,0.003,451.578,
2018-04-01,Lithuania,515.724,0.002,515.722,
2018-05-01,Lithuania,587.296,,587.296,
2018-06-01,Lithuania,610.41,0.005,610.405,
2018-07-01,Lithuania,614.984,,614.984,
2018-08-01,Lithuania,618.731,,618.731,
2018-09-01,Lithuania,584.801,0.009,584.792,
2018-10-01,Lithuania,580.99,,580.99,
2018-11-01,Lithuania,459.316,0.011,459.305,
2018-12-01,Lithuania,446.703,,446.703,
2010-01-01,Luxembourg,91.56,0.073,91.487,92.601
2010-02-01,Luxembourg,94.995,0.055,94.94,96.329
2010-03-01,Luxembourg,119.457,0.036,119.421,116.594
2010-04-01,Luxembourg,110.824,,110.824,112.233
2010-05-01,Luxembourg,148.029,,148.029,150.999
2010-06-01,Luxembourg,146.022,0.214,145.808,148.188
2010-07-01,Luxembourg,171.422,0.061,171.361,176.404
2010-08-01,Luxembourg,181.231,0.121,181.11,183.463
2010-09-01,Luxembourg,160.557,0.108,160.449,162.223
2010-10-01,Luxembourg,156.029,,156.029,155.762
2010-11-01,Luxembourg,125.126,0.021,125.105,125.977
2010-12-01,Luxembourg,108.444,0.233,108.211,109.254
2011-01-01,Luxembourg,102.426,,102.426,103.447
2011-02-01,Luxembourg,160.557,0.108,160.449,98.555
2011-03-01,Luxembourg,123.68,0.047,123.633,124.561
2011-04-01,Luxembourg,152.662,0.074,152.588,154.201
2011-05-01,Luxembourg,165.305,,165.305,166.758
2011-06-01,Luxembourg,162.27,,162.27,164.129
2011-07-01,Luxembourg,191.173,0.101,191.072,193.375
2011-08-01,Luxembourg,193.425,0.019,193.406,196.028
2011-09-01,Luxembourg,176.505,,176.505,178.229
2011-10-01,Luxembourg,161.359,,161.359,162.611
2011-11-01,Luxembourg,125.482,,125.482,126.325
2011-12-01,Luxembourg,121.936,0.217,121.719,123.012
2012-01-01,Luxembourg,105.222,0.003,105.219,106.856
2012-02-01,Luxembourg,113.572,0.04,113.532,115.288
2012-03-01,Luxembourg,136.146,0.167,135.979,137.716
2012-04-01,Luxembourg,161.565,0.004,161.561,163.57
2012-05-01,Luxembourg,164.146,,164.146,166.3
2012-06-01,Luxembourg,172.785,0.14,172.645,175.304
2012-07-01,Luxembourg,205.105,0.034,205.071,208.061
2012-08-01,Luxembourg,207.332,,207.332,210.217
2012-09-01,Luxembourg,194.734,0.096,194.638,197.322
2012-10-01,Luxembourg,163.337,0.137,163.2,165.178
2012-11-01,Luxembourg,141.639,,141.639,143.125
2012-12-01,Luxembourg,128.408,0.196,128.212,130.757
2013-01-01,Luxembourg,114.824,0.003,114.821,114.232
2013-02-01,Luxembourg,118.029,,118.029,119.403
2013-03-01,Luxembourg,160.224,0.072,160.152,162.164
2013-04-01,Luxembourg,173.688,0.23,173.458,175.093
2013-05-01,Luxembourg,200.642,0.039,200.603,202.567
2013-06-01,Luxembourg,202.249,0.427,201.822,204.228
2013-07-01,Luxembourg,231.127,0.14,230.987,233.453
2013-08-01,Luxembourg,243.204,0.158,243.046,246.327
2013-09-01,Luxembourg,220.863,0.09,220.773,223.068
2013-10-01,Luxembourg,201.148,0.029,201.119,202.688
2013-11-01,Luxembourg,153.638,0.152,153.486,154.565
2013-12-01,Luxembourg,149.691,0.204,149.487,151.293
2014-01-01,Luxembourg,137.003,,137.003,138.289
2014-02-01,Luxembourg,137.109,0.063,137.046,138.205
2014-03-01,Luxembourg,176.868,,176.868,178.168
2014-04-01,Luxembourg,212.059,0.018,212.041,214.806
2014-05-01,Luxembourg,226.912,0.047,226.865,228.993
2014-06-01,Luxembourg,238.155,0.081,238.074,240.755
2014-07-01,Luxembourg,241.377,,241.377,244.017
2014-08-01,Luxembourg,265.677,0.002,265.675,269.167
2014-09-01,Luxembourg,238.743,0.067,238.676,241.199
2014-10-01,Luxembourg,218.157,0.068,218.089,219.865
2014-11-01,Luxembourg,173.497,0.141,173.356,174.694
2014-12-01,Luxembourg,168.409,0.123,168.286,170.187
2015-01-01,Luxembourg,141.553,0.04,141.513,142.839
2015-02-01,Luxembourg,149.261,,149.261,150.276
2015-03-01,Luxembourg,177.748,0.121,177.627,179.052
2015-04-01,Luxembourg,233.869,0.064,233.805,236.21
2015-05-01,Luxembourg,248.165,0.047,248.118,250.589
2015-06-01,Luxembourg,244.206,0.042,244.164,246.612
2015-07-01,Luxembourg,269.176,0.055,269.121,271.905
2015-08-01,Luxembourg,290.356,,290.356,295.0
2015-09-01,Luxembourg,263.799,0.155,263.644,266.271
2015-10-01,Luxembourg,243.72,0.205,243.515,245.433
2015-11-01,Luxembourg,198.946,,198.946,200.413
2015-12-01,Luxembourg,190.952,0.232,190.72,192.752
2016-01-01,Luxembourg,165.143,,165.143,166.623
2016-02-01,Luxembourg,181.066,0.041,181.025,182.387
2016-03-01,Luxembourg,228.582,0.199,228.383,230.716
2016-04-01,Luxembourg,260.311,0.043,260.268,262.538
2016-05-01,Luxembourg,272.85,,272.85,275.613
2016-06-01,Luxembourg,262.18,0.042,262.138,264.534
2016-07-01,Luxembourg,294.609,0.225,294.384,298.0
2016-08-01,Luxembourg,295.591,,295.591,299.388
2016-09-01,Luxembourg,284.488,0.003,284.485,287.368
2016-10-01,Luxembourg,277.679,0.001,277.678,279.914
2016-11-01,Luxembourg,229.082,0.015,229.067,230.707
2016-12-01,Luxembourg,232.661,0.103,232.558,235.053
2017-01-01,Luxembourg,203.264,0.097,203.167,205.12
2017-02-01,Luxembourg,207.438,,207.438,208.989
2017-03-01,Luxembourg,241.937,0.04,241.897,243.807
2017-04-01,Luxembourg,316.249,,316.249,319.359
2017-05-01,Luxembourg,318.151,0.302,317.849,321.16
2017-06-01,Luxembourg,335.699,0.002,335.697,338.979
2017-07-01,Luxembourg,356.763,0.007,356.756,355.958
2017-08-01,Luxembourg,354.773,0.153,354.62,359.343
2017-09-01,Luxembourg,345.807,0.174,345.633,349.253
2017-10-01,Luxembourg,327.836,0.037,327.799,330.396
2017-11-01,Luxembourg,269.178,0.104,269.074,271.24
2017-12-01,Luxembourg,277.635,0.183,277.452,280.484
2018-01-01,Luxembourg,237.521,0.181,237.34,
2018-02-01,Luxembourg,240.671,0.074,240.597,
2018-03-01,Luxembourg,297.386,0.101,297.285,
2018-04-01,Luxembourg,353.19,0.024,353.166,
2018-05-01,Luxembourg,372.944,0.09,372.854,
2018-06-01,Luxembourg,363.841,,363.841,
2018-07-01,Luxembourg,392.348,0.03,392.318,
2018-08-01,Luxembourg,391.126,0.08,391.046,
2018-09-01,Luxembourg,379.181,,379.181,
2018-10-01,Luxembourg,367.383,,367.383,
2018-11-01,Luxembourg,298.653,,298.653,
2018-12-01,Luxembourg,294.56,0.177,294.383,
2010-01-01,Latvia,296.334,,296.334,297.829
2010-02-01,Latvia,271.425,0.038,271.387,271.955
2010-03-01,Latvia,343.938,0.019,343.919,344.602
2010-04-01,Latvia,296.259,0.041,296.218,296.43
2010-05-01,Latvia,409.865,,409.865,410.423
2010-06-01,Latvia,472.48,,472.48,473.388
2010-07-01,Latvia,520.701,,520.701,520.856
2010-08-01,Latvia,517.741,,517.741,518.644
2010-09-01,Latvia,453.749,,453.749,454.045
2010-10-01,Latvia,428.135,0.002,428.133,428.891
2010-11-01,Latvia,322.478,0.073,322.405,322.887
2010-12-01,Latvia,322.793,0.121,322.672,323.522
2011-01-01,Latvia,301.06,0.022,301.038,301.298
2011-02-01,Latvia,278.002,0.078,277.924,278.663
2011-03-01,Latvia,358.79,0.036,358.754,359.669
2011-04-01,Latvia,434.357,0.026,434.331,434.755
2011-05-01,Latvia,478.161,0.006,478.155,478.423
2011-06-01,Latvia,531.55,0.103,531.447,532.101
2011-07-01,Latvia,567.419,0.001,567.418,568.271
2011-08-01,Latvia,547.782,,547.782,548.797
2011-09-01,Latvia,480.465,,480.465,481.562
2011-10-01,Latvia,449.567,0.13,449.437,450.599
2011-11-01,Latvia,335.079,,335.079,335.491
2011-12-01,Latvia,336.128,0.016,336.112,337.297
2012-01-01,Latvia,316.624,,316.624,317.135
2012-02-01,Latvia,285.398,0.044,285.354,286.173
2012-03-01,Latvia,345.849,,345.849,346.896
2012-04-01,Latvia,395.847,,395.847,397.016
2012-05-01,Latvia,423.411,,423.411,424.063
2012-06-01,Latvia,470.617,,470.617,472.292
2012-07-01,Latvia,510.106,,510.106,512.208
2012-08-01,Latvia,496.021,0.004,496.017,497.259
2012-09-01,Latvia,446.674,,446.674,447.869
2012-10-01,Latvia,412.979,0.026,412.953,413.802
2012-11-01,Latvia,321.931,,321.931,323.128
2012-12-01,Latvia,329.073,0.258,328.815,329.923
2013-01-01,Latvia,311.273,0.009,311.264,312.04
2013-02-01,Latvia,281.77,0.128,281.642,282.625
2013-03-01,Latvia,353.815,,353.815,354.397
2013-04-01,Latvia,396.36,0.003,396.357,397.6
2013-05-01,Latvia,439.029,0.134,438.895,439.597
2013-06-01,Latvia,483.846,0.003,483.843,485.69
2013-07-01,Latvia,515.406,,515.406,516.549
2013-08-01,Latvia,493.887,,493.887,494.6
2013-09-01,Latvia,437.888,,437.888,439.644
2013-10-01,Latvia,412.213,0.001,412.212,412.795
2013-11-01,Latvia,329.092,,329.092,330.148
2013-12-01,Latvia,327.678,,327.678,328.334
2014-01-01,Latvia,308.448,,308.448,309.021
2014-02-01,Latvia,275.75,0.069,275.681,276.099
2014-03-01,Latvia,331.701,,331.701,332.193
2014-04-01,Latvia,397.08,,397.08,398.118
2014-05-01,Latvia,425.332,0.048,425.284,426.325
2014-06-01,Latvia,486.863,,486.863,488.851
2014-07-01,Latvia,513.811,,513.811,515.058
2014-08-01,Latvia,507.467,,507.467,508.82
2014-09-01,Latvia,448.863,,448.863,449.792
2014-10-01,Latvia,418.54,,418.54,419.413
2014-11-01,Latvia,345.5,0.028,345.472,346.207
2014-12-01,Latvia,342.927,,342.927,344.241
2015-01-01,Latvia,319.462,0.018,319.444,320.991
2015-02-01,Latvia,294.333,0.038,294.295,295.057
2015-03-01,Latvia,369.701,,369.701,371.104
2015-04-01,Latvia,407.212,,407.212,408.275
2015-05-01,Latvia,464.323,,464.323,465.782
2015-06-01,Latvia,514.698,,514.698,516.308
2015-07-01,Latvia,552.644,0.113,552.531,555.687
2015-08-01,Latvia,546.332,,546.332,548.112
2015-09-01,Latvia,469.108,0.002,469.106,470.355
2015-10-01,Latvia,446.661,,446.661,448.376
2015-11-01,Latvia,380.326,0.003,380.323,382.236
2015-12-01,Latvia,381.056,,381.056,382.141
2016-01-01,Latvia,352.601,0.22,352.381,353.93
2016-02-01,Latvia,334.73,0.006,334.724,336.219
2016-03-01,Latvia,414.207,,414.207,415.357
2016-04-01,Latvia,421.484,0.001,421.483,422.155
2016-05-01,Latvia,475.231,,475.231,476.6
2016-06-01,Latvia,519.845,0.017,519.828,522.584
2016-07-01,Latvia,555.092,0.001,555.091,556.303
2016-08-01,Latvia,557.813,0.021,557.792,559.057
2016-09-01,Latvia,493.663,0.082,493.581,494.729
2016-10-01,Latvia,476.052,0.011,476.041,477.399
2016-11-01,Latvia,383.505,0.016,383.489,385.505
2016-12-01,Latvia,399.937,0.599,399.338,403.303
2017-01-01,Latvia,368.759,0.013,368.746,369.666
2017-02-01,Latvia,343.039,0.04,342.999,344.509
2017-03-01,Latvia,418.807,0.015,418.792,419.337
2017-04-01,Latvia,486.257,,486.257,489.996
2017-05-01,Latvia,526.446,0.486,525.96,528.144
2017-06-01,Latvia,592.244,0.886,591.358,595.499
2017-07-01,Latvia,643.759,1.16,642.599,646.268
2017-08-01,Latvia,642.332,1.178,641.154,644.103
2017-09-01,Latvia,568.623,0.685,567.938,570.062
2017-10-01,Latvia,552.216,0.63,551.586,553.396
2017-11-01,Latvia,460.573,0.532,460.041,461.394
2017-12-01,Latvia,474.799,0.71,474.089,475.701
2018-01-01,Latvia,441.701,0.849,440.852,
2018-02-01,Latvia,403.849,0.64,403.209,
2018-03-01,Latvia,504.089,0.698,503.391,
2018-04-01,Latvia,568.391,0.71,567.681,
2018-05-01,Latvia,633.929,0.882,633.047,
2018-06-01,Latvia,684.229,0.937,683.292,
2018-07-01,Latvia,737.562,1.142,736.42,
2018-08-01,Latvia,733.741,1.379,732.362,
2018-09-01,Latvia,658.881,0.988,657.893,
2018-10-01,Latvia,643.939,0.982,642.957,
2018-11-01,Latvia,510.742,0.815,509.927,
2018-12-01,Latvia,516.028,0.595,515.433,
2014-01-01,Macao,,,,422.434
2014-02-01,Macao,,,,420.229
2014-03-01,Macao,,,,447.012
2014-04-01,Macao,,,,451.243
2014-05-01,Macao,,,,435.387
2014-06-01,Macao,,,,438.873
2014-07-01,Macao,,,,492.885
2014-08-01,Macao,,,,528.919
2014-09-01,Macao,,,,441.955
2014-10-01,Macao,,,,463.371
2014-11-01,Macao,,,,458.672
2014-12-01,Macao,,,,480.461
2015-01-01,Macao,,,,435.805
2015-02-01,Macao,,,,479.738
2015-03-01,Macao,,,,448.661
2015-04-01,Macao,,,,480.254
2015-05-01,Macao,,,,486.527
2015-06-01,Macao,,,,456.002
2015-07-01,Macao,,,,510.793
2015-08-01,Macao,,,,575.849
2015-09-01,Macao,,,,441.342
2015-10-01,Macao,,,,479.036
2015-11-01,Macao,,,,488.724
2015-12-01,Macao,,,,548.728
2016-01-01,Macao,,,,539.024
2016-02-01,Macao,,,,589.917
2016-03-01,Macao,,,,516.586
2016-04-01,Macao,,,,535.847
2016-05-01,Macao,,,,528.467
2016-06-01,Macao,,,,542.036
2016-07-01,Macao,,,,610.809
2016-08-01,Macao,,,,633.605
2016-09-01,Macao,,,,499.823
2016-10-01,Macao,,,,512.848
2016-11-01,Macao,,,,518.903
2016-12-01,Macao,,,,600.691
2017-01-01,Macao,,,,590.827
2017-02-01,Macao,,,,539.011
2017-03-01,Macao,,,,531.692
2017-04-01,Macao,,,,569.948
2017-05-01,Macao,,,,560.211
2017-06-01,Macao,,,,559.529
2017-07-01,Macao,,,,668.02
2017-08-01,Macao,,,,688.202
2017-09-01,Macao,,,,547.565
2017-10-01,Macao,,,,612.666
2017-11-01,Macao,,,,614.502
2017-12-01,Macao,,,,683.63
2010-01-01,Morocco,,,,1023.958
2010-02-01,Morocco,,,,973.546
2010-03-01,Morocco,,,,1190.742
2010-04-01,Morocco,,,,1219.763
2010-05-01,Morocco,,,,1227.669
2010-06-01,Morocco,,,,1240.683
2010-07-01,Morocco,,,,1555.043
2010-08-01,Morocco,,,,1484.035
2010-09-01,Morocco,,,,1296.378
2010-10-01,Morocco,,,,1377.657
2010-11-01,Morocco,,,,1250.066
2010-12-01,Morocco,,,,1234.261
2011-01-01,Morocco,,,,1187.952
2011-02-01,Morocco,,,,1084.633
2011-03-01,Morocco,,,,1227.078
2011-04-01,Morocco,,,,1377.335
2011-05-01,Morocco,,,,1205.564
2011-06-01,Morocco,,,,1256.008
2011-07-01,Morocco,,,,1652.613
2011-08-01,Morocco,,,,1389.602
2011-09-01,Morocco,,,,1311.877
2011-10-01,Morocco,,,,1347.824
2011-11-01,Morocco,,,,1145.559
2011-12-01,Morocco,,,,1146.904
2012-01-01,Morocco,,,,1059.553
2012-02-01,Morocco,,,,1012.152
2012-03-01,Morocco,,,,1160.726
2012-04-01,Morocco,,,,1282.155
2012-05-01,Morocco,,,,1184.723
2012-06-01,Morocco,,,,1219.115
2012-07-01,Morocco,,,,1480.24
2012-08-01,Morocco,,,,1467.963
2012-09-01,Morocco,,,,1344.168
2012-10-01,Morocco,,,,1296.264
2012-11-01,Morocco,,,,1171.531
2012-12-01,Morocco,,,,1138.107
2013-01-01,Morocco,,,,1081.677
2013-02-01,Morocco,,,,986.664
2013-03-01,Morocco,,,,1241.557
2013-04-01,Morocco,,,,1359.419
2013-05-01,Morocco,,,,1349.495
2013-06-01,Morocco,,,,1364.366
2013-07-01,Morocco,,,,1371.834
2013-08-01,Morocco,,,,1750.283
2013-09-01,Morocco,,,,1525.708
2013-10-01,Morocco,,,,1516.928
2013-11-01,Morocco,,,,1231.525
2013-12-01,Morocco,,,,1303.723
2014-01-01,Morocco,,,,1242.397
2014-02-01,Morocco,,,,1146.41
2014-03-01,Morocco,,,,1406.455
2014-04-01,Morocco,,,,1489.481
2014-05-01,Morocco,,,,1442.293
2014-06-01,Morocco,,,,1410.828
2014-07-01,Morocco,,,,1316.481
2014-08-01,Morocco,,,,1827.291
2014-09-01,Morocco,,,,1544.118
2014-10-01,Morocco,,,,1500.462
2014-11-01,Morocco,,,,1239.373
2014-12-01,Morocco,,,,1270.023
2010-01-01,"Moldova, Republic of",,,,55.37
2010-02-01,"Moldova, Republic of",,,,43.014
2010-03-01,"Moldova, Republic of",,,,50.957
2010-04-01,"Moldova, Republic of",,,,59.379
2010-05-01,"Moldova, Republic of",,,,82.758
2010-06-01,"Moldova, Republic of",,,,94.16
2010-07-01,"Moldova, Republic of",,,,108.861
2010-08-01,"Moldova, Republic of",,,,123.657
2010-09-01,"Moldova, Republic of",,,,104.753
2010-10-01,"Moldova, Republic of",,,,84.229
2010-11-01,"Moldova, Republic of",,,,64.871
2010-12-01,"Moldova, Republic of",,,,65.028
2011-01-01,"Moldova, Republic of",,,,66.894
2011-02-01,"Moldova, Republic of",,,,48.896
2011-03-01,"Moldova, Republic of",,,,55.778
2011-04-01,"Moldova, Republic of",,,,70.686
2011-05-01,"Moldova, Republic of",,,,95.331
2011-07-01,"Moldova, Republic of",,,,121.89
2011-08-01,"Moldova, Republic of",,,,131.653
2011-09-01,"Moldova, Republic of",,,,115.171
2011-10-01,"Moldova, Republic of",,,,89.671
2011-11-01,"Moldova, Republic of",,,,71.289
2011-12-01,"Moldova, Republic of",,,,69.478
2012-01-01,"Moldova, Republic of",,,,74.362
2012-02-01,"Moldova, Republic of",,,,56.099
2012-03-01,"Moldova, Republic of",,,,63.191
2012-04-01,"Moldova, Republic of",,,,85.696
2012-05-01,"Moldova, Republic of",,,,101.296
2012-06-01,"Moldova, Republic of",,,,128.753
2012-07-01,"Moldova, Republic of",,,,146.439
2012-08-01,"Moldova, Republic of",,,,158.195
2012-09-01,"Moldova, Republic of",,,,141.15
2012-10-01,"Moldova, Republic of",,,,105.099
2012-11-01,"Moldova, Republic of",,,,79.048
2012-12-01,"Moldova, Republic of",,,,80.786
2013-01-01,"Moldova, Republic of",,,,83.017
2013-02-01,"Moldova, Republic of",,,,63.347
2013-03-01,"Moldova, Republic of",,,,73.148
2013-04-01,"Moldova, Republic of",,,,83.694
2013-05-01,"Moldova, Republic of",,,,124.727
2013-06-01,"Moldova, Republic of",,,,131.744
2013-07-01,"Moldova, Republic of",,,,145.704
2013-08-01,"Moldova, Republic of",,,,157.785
2013-09-01,"Moldova, Republic of",,,,141.446
2013-10-01,"Moldova, Republic of",,,,116.418
2013-11-01,"Moldova, Republic of",,,,96.959
2013-12-01,"Moldova, Republic of",,,,102.512
2014-01-01,"Moldova, Republic of",,,,107.817
2014-02-01,"Moldova, Republic of",,,,82.286
2014-03-01,"Moldova, Republic of",,,,99.315
2014-04-01,"Moldova, Republic of",,,,118.672
2014-05-01,"Moldova, Republic of",,,,151.503
2014-06-01,"Moldova, Republic of",,,,174.638
2014-07-01,"Moldova, Republic of",,,,194.196
2014-08-01,"Moldova, Republic of",,,,213.304
2014-09-01,"Moldova, Republic of",,,,196.175
2014-10-01,"Moldova, Republic of",,,,156.455
2014-11-01,"Moldova, Republic of",,,,139.561
2014-12-01,"Moldova, Republic of",,,,147.247
2015-01-01,"Moldova, Republic of",,,,151.984
2015-02-01,"Moldova, Republic of",,,,111.089
2015-03-01,"Moldova, Republic of",,,,117.093
2015-04-01,"Moldova, Republic of",,,,159.981
2015-05-01,"Moldova, Republic of",,,,199.626
2015-06-01,"Moldova, Republic of",,,,242.398
2015-07-01,"Moldova, Republic of",,,,264.542
2015-08-01,"Moldova, Republic of",,,,276.775
2015-09-01,"Moldova, Republic of",,,,217.995
2015-10-01,"Moldova, Republic of",,,,172.592
2015-11-01,"Moldova, Republic of",,,,149.845
2015-12-01,"Moldova, Republic of",,,,155.242
2016-01-01,"Moldova, Republic of",,,,159.157
2016-02-01,"Moldova, Republic of",,,,117.033
2016-03-01,"Moldova, Republic of",,,,132.124
2016-04-01,"Moldova, Republic of",,,,143.336
2016-05-01,"Moldova, Republic of",,,,191.511
2016-06-01,"Moldova, Republic of",,,,216.522
2016-07-01,"Moldova, Republic of",,,,247.457
2016-08-01,"Moldova, Republic of",,,,270.797
2016-09-01,"Moldova, Republic of",,,,228.543
2016-10-01,"Moldova, Republic of",,,,190.885
2016-11-01,"Moldova, Republic of",,,,148.861
2016-12-01,"Moldova, Republic of",,,,160.04
2017-01-01,"Moldova, Republic of",,,,173.593
2017-02-01,"Moldova, Republic of",,,,138.027
2017-03-01,"Moldova, Republic of",,,,155.18
2017-04-01,"Moldova, Republic of",,,,204.838
2017-05-01,"Moldova, Republic of",,,,232.54
2017-06-01,"Moldova, Republic of",,,,301.715
2017-07-01,"Moldova, Republic of",,,,333.515
2017-08-01,"Moldova, Republic of",,,,344.359
2017-09-01,"Moldova, Republic of",,,,282.152
2017-10-01,"Moldova, Republic of",,,,217.292
2017-11-01,"Moldova, Republic of",,,,175.935
2017-12-01,"Moldova, Republic of",,,,185.507
2010-01-01,Mexico,,,,6102.397
2010-02-01,Mexico,,,,5542.941
2010-03-01,Mexico,,,,6741.286
2010-04-01,Mexico,,,,6123.535
2010-05-01,Mexico,,,,6096.881
2010-06-01,Mexico,,,,6054.861
2010-07-01,Mexico,,,,7310.595
2010-08-01,Mexico,,,,6583.4
2010-09-01,Mexico,,,,4743.232
2010-10-01,Mexico,,,,5426.041
2010-11-01,Mexico,,,,5637.136
2010-12-01,Mexico,,,,6277.659
2011-01-01,Mexico,,,,6018.416
2011-02-01,Mexico,,,,5420.638
2011-03-01,Mexico,,,,6483.605
2011-04-01,Mexico,,,,6345.263
2011-05-01,Mexico,,,,6254.279
2011-06-01,Mexico,,,,6064.402
2011-07-01,Mexico,,,,7407.147
2011-08-01,Mexico,,,,6714.314
2011-09-01,Mexico,,,,5527.863
2011-10-01,Mexico,,,,6062.972
2011-11-01,Mexico,,,,6348.42
2011-12-01,Mexico,,,,7201.469
2012-01-01,Mexico,,,,6721.795
2012-02-01,Mexico,,,,6218.789
2012-03-01,Mexico,,,,7216.357
2012-04-01,Mexico,,,,6828.103
2012-05-01,Mexico,,,,6532.574
2012-06-01,Mexico,,,,6746.488
2012-07-01,Mexico,,,,8091.279
2012-08-01,Mexico,,,,7331.999
2012-09-01,Mexico,,,,5977.083
2012-10-01,Mexico,,,,6482.893
2012-11-01,Mexico,,,,6856.759
2012-12-01,Mexico,,,,7702.077
2013-01-01,Mexico,,,,7200.831
2013-02-01,Mexico,,,,6379.328
2013-03-01,Mexico,,,,7724.195
2013-04-01,Mexico,,,,7088.108
2013-05-01,Mexico,,,,7107.439
2013-06-01,Mexico,,,,7312.773
2013-07-01,Mexico,,,,8837.47
2013-08-01,Mexico,,,,8041.569
2013-09-01,Mexico,,,,6474.406
2013-10-01,Mexico,,,,7001.649
2013-11-01,Mexico,,,,7492.878
2013-12-01,Mexico,,,,8412.984
2014-01-01,Mexico,,,,8023.454
2014-02-01,Mexico,,,,7003.728
2014-03-01,Mexico,,,,8149.667
2014-04-01,Mexico,,,,8010.315
2014-05-01,Mexico,,,,7982.339
2014-06-01,Mexico,,,,7874.58
2014-07-01,Mexico,,,,9357.507
2014-08-01,Mexico,,,,8729.981
2014-09-01,Mexico,,,,6839.073
2014-10-01,Mexico,,,,7599.098
2014-11-01,Mexico,,,,8189.383
2014-12-01,Mexico,,,,9058.706
2015-01-01,Mexico,,,,8553.474
2015-02-01,Mexico,,,,7686.629
2015-03-01,Mexico,,,,9268.583
2015-04-01,Mexico,,,,8990.08
2015-05-01,Mexico,,,,8965.636
2015-06-01,Mexico,,,,8986.396
2015-07-01,Mexico,,,,10629.827
2015-08-01,Mexico,,,,9926.741
2015-09-01,Mexico,,,,7894.611
2015-10-01,Mexico,,,,8610.431
2015-11-01,Mexico,,,,9153.843
2015-12-01,Mexico,,,,10050.617
2016-01-01,Mexico,,,,9609.057
2016-02-01,Mexico,,,,6332.182
2016-03-01,Mexico,,,,7515.221
2016-04-01,Mexico,,,,6961.919
2016-05-01,Mexico,,,,7219.807
2016-06-01,Mexico,,,,7375.107
2016-07-01,Mexico,,,,8729.152
2016-08-01,Mexico,,,,2484.483
2016-09-01,Mexico,,,,1897.746
2016-10-01,Mexico,,,,2073.146
2016-11-01,Mexico,,,,2314.675
2016-12-01,Mexico,,,,2693.564
2017-01-01,Mexico,,,,2708.879
2017-02-01,Mexico,,,,2371.409
2017-03-01,Mexico,,,,2717.507
2017-04-01,Mexico,,,,2758.623
2017-05-01,Mexico,,,,2552.127
2017-06-01,Mexico,,,,2638.917
2017-07-01,Mexico,,,,3041.299
2017-08-01,Mexico,,,,2732.939
2017-09-01,Mexico,,,,2008.819
2011-01-01,North Macedonia,,,,45.075
2011-02-01,North Macedonia,,,,38.401
2011-03-01,North Macedonia,,,,44.329
2011-04-01,North Macedonia,,,,55.19
2011-05-01,North Macedonia,,,,59.612
2011-06-01,North Macedonia,,,,68.814
2011-07-01,North Macedonia,,,,97.625
2011-08-01,North Macedonia,,,,90.398
2011-09-01,North Macedonia,,,,75.684
2011-10-01,North Macedonia,,,,70.883
2011-11-01,North Macedonia,,,,56.216
2011-12-01,North Macedonia,,,,61.693
2012-01-01,North Macedonia,,,,61.428
2012-02-01,North Macedonia,,,,47.767
2012-03-01,North Macedonia,,,,56.159
2012-04-01,North Macedonia,,,,66.05
2012-05-01,North Macedonia,,,,67.92
2012-06-01,North Macedonia,,,,77.126
2012-07-01,North Macedonia,,,,96.929
2012-08-01,North Macedonia,,,,93.877
2012-09-01,North Macedonia,,,,76.278
2012-10-01,North Macedonia,,,,64.641
2012-11-01,North Macedonia,,,,62.502
2012-12-01,North Macedonia,,,,64.85
2013-01-01,North Macedonia,,,,63.44
2013-02-01,North Macedonia,,,,54.285
2013-03-01,North Macedonia,,,,68.434
2013-04-01,North Macedonia,,,,74.381
2013-05-01,North Macedonia,,,,87.992
2013-06-01,North Macedonia,,,,96.337
2013-07-01,North Macedonia,,,,112.967
2013-08-01,North Macedonia,,,,115.023
2013-09-01,North Macedonia,,,,95.829
2013-10-01,North Macedonia,,,,88.922
2013-11-01,North Macedonia,,,,71.763
2013-12-01,North Macedonia,,,,55.034
2014-01-01,North Macedonia,,,,62.473
2014-02-01,North Macedonia,,,,65.223
2014-03-01,North Macedonia,,,,76.589
2014-04-01,North Macedonia,,,,105.749
2014-05-01,North Macedonia,,,,109.7
2014-06-01,North Macedonia,,,,116.782
2014-07-01,North Macedonia,,,,132.354
2014-08-01,North Macedonia,,,,143.556
2014-09-01,North Macedonia,,,,115.986
2014-10-01,North Macedonia,,,,107.668
2014-11-01,North Macedonia,,,,86.893
2014-12-01,North Macedonia,,,,87.536
2015-01-01,North Macedonia,,,,88.293
2015-02-01,North Macedonia,,,,80.095
2015-03-01,North Macedonia,,,,95.747
2015-04-01,North Macedonia,,,,110.002
2015-05-01,North Macedonia,,,,117.658
2015-06-01,North Macedonia,,,,118.714
2015-07-01,North Macedonia,,,,164.666
2015-08-01,North Macedonia,,,,173.821
2015-09-01,North Macedonia,,,,146.29
2015-10-01,North Macedonia,,,,132.895
2015-11-01,North Macedonia,,,,110.287
2015-12-01,North Macedonia,,,,117.917
2016-01-01,North Macedonia,,,,109.338
2016-02-01,North Macedonia,,,,102.358
2016-03-01,North Macedonia,,,,120.973
2016-04-01,North Macedonia,,,,142.701
2016-05-01,North Macedonia,,,,148.806
2016-06-01,North Macedonia,,,,143.614
2016-07-01,North Macedonia,,,,173.886
2016-08-01,North Macedonia,,,,175.027
2016-09-01,North Macedonia,,,,152.639
2016-10-01,North Macedonia,,,,143.106
2016-11-01,North Macedonia,,,,121.083
2016-12-01,North Macedonia,,,,126.841
2017-01-01,North Macedonia,,,,127.544
2017-02-01,North Macedonia,,,,110.461
2017-03-01,North Macedonia,,,,136.459
2017-04-01,North Macedonia,,,,156.643
2017-05-01,North Macedonia,,,,164.263
2017-06-01,North Macedonia,,,,170.047
2017-07-01,North Macedonia,,,,230.288
2017-08-01,North Macedonia,,,,248.647
2017-09-01,North Macedonia,,,,207.64
2017-10-01,North Macedonia,,,,184.393
2017-11-01,North Macedonia,,,,145.718
2017-12-01,North Macedonia,,,,150.529
2010-01-01,Malta,147.697,,147.697,147.697
2010-02-01,Malta,148.497,,148.497,148.497
2010-03-01,Malta,206.541,,206.541,206.543
2010-04-01,Malta,239.553,,239.553,239.553
2010-05-01,Malta,307.181,0.008,307.173,307.292
2010-06-01,Malta,331.346,0.001,331.345,331.344
2010-07-01,Malta,401.969,,401.969,401.969
2010-08-01,Malta,427.924,,427.924,427.924
2010-09-01,Malta,373.574,,373.574,373.61
2010-10-01,Malta,331.918,,331.918,331.91
2010-11-01,Malta,202.718,,202.718,202.718
2010-12-01,Malta,174.63,,174.63,174.63
2011-01-01,Malta,169.673,,169.673,169.673
2011-02-01,Malta,174.877,,174.877,174.877
2011-03-01,Malta,240.447,,240.447,240.36
2011-04-01,Malta,300.123,,300.123,300.123
2011-05-01,Malta,325.326,0.091,325.235,325.053
2011-06-01,Malta,345.885,,345.885,345.885
2011-07-01,Malta,415.785,0.005,415.78,415.78
2011-08-01,Malta,427.575,,427.575,427.575
2011-09-01,Malta,382.528,,382.528,382.389
2011-10-01,Malta,346.552,,346.552,346.48
2011-11-01,Malta,204.499,,204.499,204.503
2011-12-01,Malta,173.544,0.02,173.524,173.528
2012-01-01,Malta,165.969,,165.969,165.969
2012-02-01,Malta,169.801,0.112,169.689,169.689
2012-03-01,Malta,222.042,,222.042,222.042
2012-04-01,Malta,304.27,0.072,304.198,304.198
2012-05-01,Malta,344.254,,344.254,344.065
2012-06-01,Malta,375.404,0.05,375.354,376.128
2012-07-01,Malta,445.374,0.002,445.372,445.232
2012-08-01,Malta,461.917,,461.917,461.281
2012-09-01,Malta,408.212,0.185,408.027,408.039
2012-10-01,Malta,348.711,,348.711,348.711
2012-11-01,Malta,211.538,,211.538,211.538
2012-12-01,Malta,192.855,,192.855,173.524
2013-01-01,Malta,179.424,0.181,179.243,179.243
2013-02-01,Malta,176.821,,176.821,176.818
2013-03-01,Malta,249.36,,249.36,249.227
2013-04-01,Malta,331.729,0.33,331.399,331.399
2013-05-01,Malta,377.948,,377.948,377.948
2013-06-01,Malta,411.953,,411.953,411.851
2013-07-01,Malta,471.21,,471.21,471.21
2013-08-01,Malta,507.646,,507.646,507.646
2013-09-01,Malta,452.294,,452.294,452.294
2013-10-01,Malta,409.751,,409.751,409.751
2013-11-01,Malta,249.133,,249.133,249.133
2013-12-01,Malta,214.76,,214.76,214.76
2014-01-01,Malta,199.354,,199.354,199.354
2014-02-01,Malta,193.334,0.004,193.33,193.225
2014-03-01,Malta,263.404,,263.404,263.404
2014-04-01,Malta,376.94,,376.94,376.935
2014-05-01,Malta,402.098,,402.098,402.289
2014-06-01,Malta,424.329,,424.329,424.329
2014-07-01,Malta,511.411,,511.411,515.624
2014-08-01,Malta,551.45,,551.45,551.451
2014-09-01,Malta,463.215,,463.215,463.215
2014-10-01,Malta,421.724,,421.724,421.723
2014-11-01,Malta,256.261,,256.261,256.262
2014-12-01,Malta,226.512,,226.512,226.512
2015-01-01,Malta,209.516,,209.516,208.903
2015-02-01,Malta,208.896,,208.896,208.896
2015-03-01,Malta,275.334,,275.334,275.334
2015-04-01,Malta,393.315,0.123,393.192,392.676
2015-05-01,Malta,441.921,,441.921,441.943
2015-06-01,Malta,459.298,,459.298,459.28
2015-07-01,Malta,548.107,,548.107,547.973
2015-08-01,Malta,585.218,,585.218,585.218
2015-09-01,Malta,502.896,,502.896,502.896
2015-10-01,Malta,464.557,,464.557,464.557
2015-11-01,Malta,283.648,0.136,283.512,283.498
2015-12-01,Malta,246.851,,246.851,246.851
2016-01-01,Malta,236.555,,236.555,236.552
2016-02-01,Malta,236.648,,236.648,236.648
2016-03-01,Malta,327.525,,327.525,327.524
2016-04-01,Malta,415.413,,415.413,415.409
2016-05-01,Malta,476.921,0.346,476.575,476.575
2016-06-01,Malta,490.381,,490.381,490.381
2016-07-01,Malta,580.475,,580.475,580.474
2016-08-01,Malta,598.366,,598.366,598.515
2016-09-01,Malta,531.962,,531.962,531.962
2016-10-01,Malta,512.794,,512.794,512.739
2016-11-01,Malta,347.081,,347.081,347.081
2016-12-01,Malta,326.325,,326.325,326.309
2017-01-01,Malta,296.876,,296.876,301.289
2017-02-01,Malta,296.25,,296.25,296.25
2017-03-01,Malta,384.308,,384.308,384.416
2017-04-01,Malta,530.576,,530.576,530.576
2017-05-01,Malta,547.696,,547.696,548.354
2017-06-01,Malta,578.615,,578.615,578.827
2017-07-01,Malta,674.358,,674.358,675.111
2017-08-01,Malta,693.249,,693.249,696.053
2017-09-01,Malta,626.127,,626.127,629.008
2017-10-01,Malta,596.426,0.007,596.419,598.748
2017-11-01,Malta,405.724,,405.724,407.993
2017-12-01,Malta,377.526,,377.526,379.567
2018-01-01,Malta,351.55,,351.55,
2018-02-01,Malta,349.482,0.115,349.367,
2018-03-01,Malta,471.234,0.001,471.233,
2018-04-01,Malta,591.311,0.028,591.283,
2018-05-01,Malta,643.107,0.155,642.952,
2018-06-01,Malta,662.901,,662.901,
2018-07-01,Malta,756.015,,756.015,
2018-08-01,Malta,759.478,,759.478,
2018-09-01,Malta,706.581,0.061,706.52,
2018-10-01,Malta,646.195,,646.195,
2018-11-01,Malta,453.546,,453.546,
2018-12-01,Malta,414.417,,414.417,
2011-01-01,Montenegro,,,,53.001
2011-02-01,Montenegro,,,,42.174
2011-03-01,Montenegro,,,,49.514
2011-04-01,Montenegro,,,,67.842
2011-05-01,Montenegro,,,,90.308
2011-06-01,Montenegro,,,,157.444
2011-07-01,Montenegro,,,,224.056
2011-08-01,Montenegro,,,,226.862
2011-09-01,Montenegro,,,,162.577
2011-10-01,Montenegro,,,,78.808
2011-11-01,Montenegro,,,,53.912
2011-12-01,Montenegro,,,,52.337
2012-01-01,Montenegro,,,,50.503
2012-02-01,Montenegro,,,,36.166
2012-03-01,Montenegro,,,,55.287
2012-04-01,Montenegro,,,,73.374
2012-05-01,Montenegro,,,,98.875
2012-06-01,Montenegro,,,,187.261
2012-07-01,Montenegro,,,,240.117
2012-08-01,Montenegro,,,,243.544
2012-09-01,Montenegro,,,,190.314
2012-10-01,Montenegro,,,,81.274
2012-11-01,Montenegro,,,,55.98
2012-12-01,Montenegro,,,,49.554
2013-01-01,Montenegro,,,,49.209
2013-02-01,Montenegro,,,,40.631
2013-03-01,Montenegro,,,,57.539
2013-04-01,Montenegro,,,,69.398
2013-05-01,Montenegro,,,,110.684
2013-06-01,Montenegro,,,,253.461
2013-07-01,Montenegro,,,,285.18
2013-08-01,Montenegro,,,,304.682
2013-09-01,Montenegro,,,,220.854
2013-10-01,Montenegro,,,,89.211
2013-11-01,Montenegro,,,,55.123
2013-12-01,Montenegro,,,,52.968
2014-01-01,Montenegro,,,,51.986
2014-02-01,Montenegro,,,,44.079
2014-03-01,Montenegro,,,,57.664
2014-04-01,Montenegro,,,,80.829
2014-05-01,Montenegro,,,,114.324
2014-06-01,Montenegro,,,,231.292
2014-07-01,Montenegro,,,,298.379
2014-08-01,Montenegro,,,,312.503
2014-09-01,Montenegro,,,,204.484
2014-10-01,Montenegro,,,,92.992
2014-11-01,Montenegro,,,,62.575
2014-12-01,Montenegro,,,,61.023
2015-01-01,Montenegro,,,,59.711
2015-02-01,Montenegro,,,,48.523
2015-03-01,Montenegro,,,,61.798
2015-04-01,Montenegro,,,,82.656
2015-05-01,Montenegro,,,,115.255
2015-06-01,Montenegro,,,,206.708
2015-07-01,Montenegro,,,,301.869
2015-08-01,Montenegro,,,,326.732
2015-09-01,Montenegro,,,,215.021
2015-10-01,Montenegro,,,,93.496
2015-11-01,Montenegro,,,,64.213
2015-12-01,Montenegro,,,,61.916
2016-01-01,Montenegro,,,,59.603
2016-02-01,Montenegro,,,,53.765
2016-03-01,Montenegro,,,,65.309
2016-04-01,Montenegro,,,,88.543
2016-05-01,Montenegro,,,,123.398
2016-06-01,Montenegro,,,,239.281
2016-07-01,Montenegro,,,,342.931
2016-08-01,Montenegro,,,,350.76
2016-09-01,Montenegro,,,,269.325
2016-10-01,Montenegro,,,,122.701
2016-11-01,Montenegro,,,,69.858
2016-12-01,Montenegro,,,,70.3
2017-01-01,Montenegro,,,,65.486
2017-02-01,Montenegro,,,,61.037
2017-03-01,Montenegro,,,,76.26
2017-04-01,Montenegro,,,,114.826
2017-05-01,Montenegro,,,,155.503
2017-06-01,Montenegro,,,,301.652
2017-07-01,Montenegro,,,,395.52
2017-08-01,Montenegro,,,,397.14
2017-09-01,Montenegro,,,,302.36
2017-10-01,Montenegro,,,,141.246
2017-11-01,Montenegro,,,,86.657
2017-12-01,Montenegro,,,,87.175
2010-01-01,Martinique,,,,147.122
2010-02-01,Martinique,,,,151.415
2010-03-01,Martinique,,,,148.014
2010-04-01,Martinique,,,,136.197
2010-05-01,Martinique,,,,124.879
2010-06-01,Martinique,,,,117.06
2010-07-01,Martinique,,,,176.401
2010-08-01,Martinique,,,,189.651
2010-09-01,Martinique,,,,96.099
2010-10-01,Martinique,,,,110.052
2010-11-01,Martinique,,,,120.164
2010-12-01,Martinique,,,,154.376
2011-01-01,Martinique,,,,153.746
2011-02-01,Martinique,,,,140.873
2011-03-01,Martinique,,,,157.303
2011-04-01,Martinique,,,,150.388
2011-05-01,Martinique,,,,128.156
2011-06-01,Martinique,,,,126.381
2011-07-01,Martinique,,,,184.838
2011-08-01,Martinique,,,,193.893
2011-09-01,Martinique,,,,99.457
2011-10-01,Martinique,,,,113.946
2011-11-01,Martinique,,,,118.818
2011-12-01,Martinique,,,,159.751
2012-01-01,Martinique,,,,157.457
2012-02-01,Martinique,,,,159.973
2012-03-01,Martinique,,,,148.15
2012-04-01,Martinique,,,,148.421
2012-05-01,Martinique,,,,115.056
2012-06-01,Martinique,,,,104.916
2012-07-01,Martinique,,,,173.32
2012-08-01,Martinique,,,,186.106
2012-09-01,Martinique,,,,94.28
2012-10-01,Martinique,,,,92.796
2012-11-01,Martinique,,,,113.622
2012-12-01,Martinique,,,,144.327
2013-01-01,Martinique,,,,154.805
2013-02-01,Martinique,,,,153.412
2013-03-01,Martinique,,,,160.304
2013-04-01,Martinique,,,,145.041
2013-05-01,Martinique,,,,127.785
2013-06-01,Martinique,,,,112.515
2013-07-01,Martinique,,,,166.145
2013-08-01,Martinique,,,,186.798
2013-09-01,Martinique,,,,95.957
2013-10-01,Martinique,,,,111.489
2013-11-01,Martinique,,,,118.849
2013-12-01,Martinique,,,,155.734
2014-01-01,Martinique,,,,163.486
2014-02-01,Martinique,,,,158.784
2014-03-01,Martinique,,,,168.819
2014-04-01,Martinique,,,,152.737
2014-05-01,Martinique,,,,122.671
2014-06-01,Martinique,,,,115.153
2014-07-01,Martinique,,,,161.147
2014-08-01,Martinique,,,,178.072
2014-09-01,Martinique,,,,87.733
2014-10-01,Martinique,,,,114.163
2014-11-01,Martinique,,,,109.312
2014-12-01,Martinique,,,,151.262
2015-01-01,Martinique,,,,154.625
2015-02-01,Martinique,,,,162.547
2015-03-01,Martinique,,,,157.544
2015-05-01,Martinique,,,,123.755
2015-06-01,Martinique,,,,113.351
2014-01-01,Malaysia,,,,4234.803
2014-02-01,Malaysia,,,,3864.293
2014-03-01,Malaysia,,,,4233.863
2014-04-01,Malaysia,,,,3974.216
2014-05-01,Malaysia,,,,3962.712
2014-06-01,Malaysia,,,,4181.321
2014-07-01,Malaysia,,,,3808.216
2014-08-01,Malaysia,,,,4023.937
2014-09-01,Malaysia,,,,3817.733
2014-10-01,Malaysia,,,,3968.169
2014-11-01,Malaysia,,,,4010.719
2014-12-01,Malaysia,,,,4850.427
2015-01-01,Malaysia,,,,3997.0
2015-02-01,Malaysia,,,,3755.0
2015-03-01,Malaysia,,,,4225.0
2015-04-01,Malaysia,,,,3976.0
2015-05-01,Malaysia,,,,4099.0
2015-06-01,Malaysia,,,,3999.0
2015-07-01,Malaysia,,,,4188.0
2015-08-01,Malaysia,,,,4210.0
2015-09-01,Malaysia,,,,3852.0
2015-10-01,Malaysia,,,,3819.0
2015-11-01,Malaysia,,,,3981.0
2015-12-01,Malaysia,,,,4838.0
2016-01-01,Malaysia,,,,4184.0
2016-02-01,Malaysia,,,,4046.0
2016-03-01,Malaysia,,,,4281.0
2016-04-01,Malaysia,,,,4120.0
2016-05-01,Malaysia,,,,4265.0
2016-06-01,Malaysia,,,,3896.0
2016-07-01,Malaysia,,,,4664.0
2016-08-01,Malaysia,,,,4513.0
2016-09-01,Malaysia,,,,4429.0
2016-10-01,Malaysia,,,,4362.0
2016-11-01,Malaysia,,,,4453.0
2016-12-01,Malaysia,,,,5330.0
2017-01-01,Malaysia,,,,4823.0
2017-02-01,Malaysia,,,,4393.0
2017-03-01,Malaysia,,,,4843.0
2014-01-01,Nigeria,1127.808,736.052,391.756,
2014-02-01,Nigeria,1079.118,767.459,311.659,
2014-03-01,Nigeria,1209.681,848.331,361.35,
2014-04-01,Nigeria,1292.869,919.015,373.854,
2014-05-01,Nigeria,1253.932,877.76,376.172,
2014-06-01,Nigeria,1285.676,913.612,372.064,
2014-07-01,Nigeria,1270.454,859.45,411.004,
2014-08-01,Nigeria,1305.687,886.482,419.205,
2014-09-01,Nigeria,1350.451,903.264,447.187,
2014-10-01,Nigeria,1355.697,910.096,445.601,
2014-11-01,Nigeria,1315.893,983.371,332.522,
2014-12-01,Nigeria,1488.479,1075.912,412.567,
2015-01-01,Nigeria,1188.364,804.099,384.265,
2015-02-01,Nigeria,1005.231,741.626,263.605,
2015-03-01,Nigeria,1193.747,855.344,338.403,
2015-04-01,Nigeria,1218.149,839.558,378.591,
2015-05-01,Nigeria,1132.781,792.662,340.119,
2015-06-01,Nigeria,1139.927,805.044,334.883,
2015-07-01,Nigeria,1212.746,823.227,389.519,
2015-08-01,Nigeria,1293.565,873.62,419.945,
2015-09-01,Nigeria,1259.625,853.326,406.299,
2015-10-01,Nigeria,1238.153,880.785,357.368,
2015-11-01,Nigeria,1234.565,899.972,334.593,
2015-12-01,Nigeria,1327.687,928.0,399.687,
2016-01-01,Nigeria,1289.394,905.64,383.754,
2016-02-01,Nigeria,1186.536,886.486,300.05,
2016-03-01,Nigeria,1349.922,995.742,354.18,
2016-04-01,Nigeria,1373.204,1018.24,354.964,
2016-05-01,Nigeria,1317.368,967.834,349.534,
2016-06-01,Nigeria,1210.077,877.998,332.079,
2016-07-01,Nigeria,1268.971,902.94,366.031,
2016-08-01,Nigeria,1398.856,962.792,436.064,
2016-09-01,Nigeria,1193.425,815.961,377.464,
2016-10-01,Nigeria,1201.646,867.788,333.858,
2016-11-01,Nigeria,1216.699,926.077,290.622,
2016-12-01,Nigeria,1226.499,844.11,382.389,
2017-01-01,Nigeria,1063.85,723.619,340.231,
2017-02-01,Nigeria,986.043,727.809,258.234,
2017-03-01,Nigeria,952.053,680.772,271.281,
2017-04-01,Nigeria,1047.097,738.796,308.301,
2017-05-01,Nigeria,1171.054,852.15,318.904,
2017-06-01,Nigeria,1097.294,788.665,308.629,
2017-07-01,Nigeria,1266.945,921.346,345.599,
2017-08-01,Nigeria,1454.197,1017.559,436.638,
2017-09-01,Nigeria,1343.172,925.991,417.181,
2017-10-01,Nigeria,1280.367,960.679,319.688,
2017-11-01,Nigeria,1335.844,1014.903,320.941,
2017-12-01,Nigeria,1442.253,1031.163,411.09,
2018-01-01,Nigeria,1255.609,888.191,367.418,
2018-02-01,Nigeria,1195.557,917.493,278.064,
2018-03-01,Nigeria,1402.133,1067.204,334.929,
2018-04-01,Nigeria,1456.259,1091.059,365.2,
2018-05-01,Nigeria,1375.403,1034.432,340.971,
2018-06-01,Nigeria,1366.98,1005.263,361.717,
2018-07-01,Nigeria,1463.257,1067.108,396.149,
2018-08-01,Nigeria,1531.859,1108.827,423.032,
2018-09-01,Nigeria,1489.942,1078.786,411.156,
2018-10-01,Nigeria,1481.28,1137.047,344.233,
2018-11-01,Nigeria,1511.401,1152.296,359.105,
2018-12-01,Nigeria,1700.758,1243.933,456.825,
2010-01-01,Netherlands,3116.393,0.096,3116.297,3127.92
2010-02-01,Netherlands,3051.339,0.268,3051.071,3057.078
2010-03-01,Netherlands,3700.319,0.112,3700.207,3707.048
2010-04-01,Netherlands,3215.276,0.346,3214.93,3216.379
2010-05-01,Netherlands,4449.154,0.409,4448.745,4442.203
2010-06-01,Netherlands,4444.855,0.518,4444.337,4440.536
2010-07-01,Netherlands,5124.275,0.167,5124.108,5115.247
2010-08-01,Netherlands,5059.637,0.358,5059.279,5053.099
2010-09-01,Netherlands,4625.749,0.598,4625.151,4618.925
2010-10-01,Netherlands,4667.985,0.139,4667.846,4664.948
2010-11-01,Netherlands,3721.69,0.087,3721.603,3725.06
2010-12-01,Netherlands,3442.207,0.528,3441.679,3444.304
2011-01-01,Netherlands,3468.655,0.041,3468.614,3473.07
2011-02-01,Netherlands,3253.563,0.035,3253.528,3255.885
2011-03-01,Netherlands,3924.284,0.093,3924.191,3925.78
2011-04-01,Netherlands,4469.15,0.036,4469.114,4471.791
2011-05-01,Netherlands,4919.483,0.058,4919.425,4922.712
2011-06-01,Netherlands,4942.149,0.211,4941.938,4943.003
2011-07-01,Netherlands,5629.703,0.047,5629.656,5631.955
2011-08-01,Netherlands,5542.202,0.076,5542.126,5543.93
2011-09-01,Netherlands,5131.716,0.087,5131.629,5129.506
2011-10-01,Netherlands,5026.206,0.02,5026.186,5027.292
2011-11-01,Netherlands,3809.048,0.149,3808.899,3814.042
2011-12-01,Netherlands,3779.133,0.023,3779.11,3781.493
2012-01-01,Netherlands,3677.552,0.092,3677.46,3685.06
2012-02-01,Netherlands,3553.952,0.12,3553.832,3563.256
2012-03-01,Netherlands,4180.715,0.188,4180.527,4189.192
2012-04-01,Netherlands,4571.306,0.563,4570.743,4581.823
2012-05-01,Netherlands,5030.683,0.062,5030.621,5049.215
2012-06-01,Netherlands,5080.549,0.249,5080.3,5100.425
2012-07-01,Netherlands,5761.608,0.192,5761.416,5781.063
2012-08-01,Netherlands,5673.309,0.171,5673.138,5690.026
2012-09-01,Netherlands,5241.635,0.038,5241.597,5257.106
2012-10-01,Netherlands,5102.217,0.127,5102.09,5112.06
2012-11-01,Netherlands,3946.561,0.034,3946.527,3951.024
2012-12-01,Netherlands,3860.122,0.019,3860.103,3866.341
2013-01-01,Netherlands,3671.843,,3671.843,3677.097
2013-02-01,Netherlands,3565.772,0.224,3565.548,3570.291
2013-03-01,Netherlands,4344.687,0.028,4344.659,4351.145
2013-04-01,Netherlands,4781.04,0.014,4781.026,4787.83
2013-05-01,Netherlands,5443.543,0.044,5443.499,5461.984
2013-06-01,Netherlands,5407.814,0.057,5407.757,5426.52
2013-07-01,Netherlands,5936.543,0.01,5936.533,5958.575
2013-08-01,Netherlands,5945.765,0.029,5945.736,5964.982
2013-09-01,Netherlands,5480.775,0.099,5480.676,5500.228
2013-10-01,Netherlands,5291.811,0.157,5291.654,5304.149
2013-11-01,Netherlands,4101.916,0.509,4101.407,4109.482
2013-12-01,Netherlands,4105.762,0.034,4105.728,4109.923
2014-01-01,Netherlands,3938.947,0.016,3938.931,3941.65
2014-02-01,Netherlands,3772.322,0.015,3772.307,3775.502
2014-03-01,Netherlands,4492.598,0.084,4492.514,4496.918
2014-04-01,Netherlands,5077.273,0.027,5077.246,5081.079
2014-05-01,Netherlands,5621.495,0.252,5621.243,5633.379
2014-06-01,Netherlands,5645.814,0.112,5645.702,5654.595
2014-07-01,Netherlands,6073.347,0.075,6073.272,6054.156
2014-08-01,Netherlands,6263.574,0.011,6263.563,6239.547
2014-09-01,Netherlands,5805.826,0.024,5805.802,5786.331
2014-10-01,Netherlands,5611.791,0.029,5611.762,5594.812
2014-11-01,Netherlands,4323.723,0.05,4323.673,4324.129
2014-12-01,Netherlands,4336.293,0.015,4336.278,4337.426
2015-01-01,Netherlands,4069.046,0.585,4068.461,4069.129
2015-02-01,Netherlands,3977.418,0.075,3977.343,3973.52
2015-03-01,Netherlands,4654.178,0.105,4654.073,4648.946
2015-04-01,Netherlands,5320.956,0.141,5320.815,5305.745
2015-05-01,Netherlands,6067.655,0.032,6067.623,6050.57
2015-06-01,Netherlands,5962.631,0.073,5962.558,5958.367
2015-07-01,Netherlands,6571.92,0.201,6571.719,6554.555
2015-08-01,Netherlands,6592.365,0.142,6592.223,6591.163
2015-09-01,Netherlands,6119.316,0.033,6119.283,6102.902
2015-10-01,Netherlands,5930.716,0.192,5930.524,5927.548
2015-11-01,Netherlands,4700.429,0.02,4700.409,4693.576
2015-12-01,Netherlands,4604.308,0.012,4604.296,4654.151
2016-01-01,Netherlands,4489.479,0.04,4489.439,4490.546
2016-02-01,Netherlands,4512.292,0.028,4512.264,4512.991
2016-03-01,Netherlands,5252.915,0.353,5252.562,5252.706
2016-04-01,Netherlands,5840.393,0.058,5840.335,5847.947
2016-05-01,Netherlands,6411.912,0.026,6411.886,6427.933
2016-06-01,Netherlands,6207.078,0.07,6207.008,6216.863
2016-07-01,Netherlands,7078.863,0.229,7078.634,7087.87
2016-08-01,Netherlands,7119.431,0.084,7119.347,7126.488
2016-09-01,Netherlands,6576.72,0.541,6576.179,6583.738
2016-10-01,Netherlands,6449.416,0.021,6449.395,6459.104
2016-11-01,Netherlands,5165.683,0.125,5165.558,5171.699
2016-12-01,Netherlands,5213.813,0.062,5213.751,5220.891
2017-01-01,Netherlands,5026.444,0.37,5026.074,5036.116
2017-02-01,Netherlands,4790.354,0.146,4790.208,4798.851
2017-03-01,Netherlands,5720.426,0.024,5720.402,5725.781
2017-04-01,Netherlands,6528.026,0.013,6528.013,6538.964
2017-05-01,Netherlands,6993.121,0.104,6993.017,7000.679
2017-06-01,Netherlands,6907.804,0.063,6907.741,6898.066
2017-07-01,Netherlands,7536.772,0.071,7536.701,7523.655
2017-08-01,Netherlands,7611.207,0.878,7610.329,7596.204
2017-09-01,Netherlands,7047.173,0.168,7047.005,7034.52
2017-10-01,Netherlands,6978.713,0.235,6978.478,6965.954
2017-11-01,Netherlands,5660.201,0.019,5660.182,5663.667
2017-12-01,Netherlands,5440.063,0.039,5440.024,5444.843
2018-01-01,Netherlands,5413.261,0.66,5412.601,
2018-02-01,Netherlands,5239.287,0.056,5239.231,
2018-03-01,Netherlands,6154.614,0.305,6154.309,
2018-04-01,Netherlands,6733.655,0.012,6733.643,
2018-05-01,Netherlands,7265.322,0.081,7265.241,
2018-06-01,Netherlands,7238.055,0.525,7237.53,
2018-07-01,Netherlands,7695.851,0.241,7695.61,
2018-08-01,Netherlands,7789.704,0.033,7789.671,
2018-09-01,Netherlands,7297.962,0.253,7297.709,
2018-10-01,Netherlands,7265.97,0.241,7265.729,
2018-11-01,Netherlands,5805.354,0.054,5805.3,
2018-12-01,Netherlands,5745.02,0.125,5744.895,
2010-01-01,Norway,1935.96,928.13,1007.83,2804.403
2010-02-01,Norway,2028.942,985.092,1043.85,2979.204
2010-03-01,Norway,2398.396,1125.21,1273.186,3488.951
2010-04-01,Norway,1734.707,783.068,951.639,2502.86
2010-05-01,Norway,2583.839,1122.224,1461.615,3673.011
2010-06-01,Norway,2904.892,1198.539,1706.353,4025.176
2010-07-01,Norway,2959.234,982.918,1976.316,3935.255
2010-08-01,Norway,2853.185,1154.758,1698.427,3966.367
2010-09-01,Norway,2809.223,1245.83,1563.393,4019.321
2010-10-01,Norway,2827.636,1275.865,1551.771,4047.671
2010-11-01,Norway,2391.644,1174.476,1217.168,3523.66
2010-12-01,Norway,2090.791,981.055,1109.736,3045.244
2011-01-01,Norway,2096.677,992.937,1103.74,3059.121
2011-02-01,Norway,2150.526,1030.541,1119.985,3138.459
2011-03-01,Norway,2569.396,1246.973,1322.423,3774.246
2011-04-01,Norway,2549.22,1090.538,1458.682,3611.751
2011-05-01,Norway,2877.185,1294.635,1582.55,4135.539
2011-06-01,Norway,3134.77,1284.549,1850.221,4406.859
2011-07-01,Norway,3180.199,1012.946,2167.253,4203.863
2011-08-01,Norway,2977.648,1186.271,1791.377,4133.876
2011-09-01,Norway,3016.375,1322.355,1694.02,4283.273
2011-10-01,Norway,3024.297,1342.668,1681.629,4318.975
2011-11-01,Norway,2575.743,1269.288,1306.455,3817.817
2011-12-01,Norway,2251.486,1042.403,1209.083,3281.494
2012-01-01,Norway,2252.515,1087.428,1165.087,3277.299
2012-02-01,Norway,2410.988,1148.38,1262.608,3491.208
2012-03-01,Norway,2798.324,1311.565,1486.759,4054.746
2012-04-01,Norway,2654.649,1131.791,1522.858,3715.143
2012-05-01,Norway,3063.575,1374.171,1689.404,4349.384
2012-06-01,Norway,3242.581,1283.919,1958.662,4465.761
2012-07-01,Norway,3457.613,1095.0,2362.613,4475.469
2012-08-01,Norway,3215.461,1257.308,1958.153,4421.045
2012-09-01,Norway,3207.642,1329.288,1878.354,4479.387
2012-10-01,Norway,3179.052,1402.222,1776.83,4484.219
2012-11-01,Norway,2754.849,1322.665,1432.184,4001.761
2012-12-01,Norway,2354.976,1039.91,1315.066,3345.692
2013-01-01,Norway,2353.346,1100.242,1253.104,3493.804
2013-02-01,Norway,2481.438,1136.93,1344.508,3647.016
2013-03-01,Norway,2787.842,1198.467,1589.375,4014.078
2013-04-01,Norway,2967.096,1334.811,1632.285,4352.557
2013-05-01,Norway,3200.069,1328.268,1871.801,4567.067
2013-06-01,Norway,3562.969,1357.775,2205.194,4948.305
2013-07-01,Norway,3794.724,1100.563,2694.161,4910.774
2013-08-01,Norway,3458.703,1249.303,2209.4,4737.165
2013-09-01,Norway,3393.453,1383.45,2010.003,4806.156
2013-10-01,Norway,3347.082,1432.39,1914.692,4811.178
2013-11-01,Norway,2826.119,1312.197,1513.922,4159.716
2013-12-01,Norway,2513.523,1077.692,1435.831,3610.166
2014-01-01,Norway,2495.009,1134.024,1360.985,3685.989
2014-02-01,Norway,2539.066,1131.343,1407.723,3725.729
2014-03-01,Norway,2957.999,1321.278,1636.721,4336.706
2014-04-01,Norway,3067.109,1265.62,1801.489,4404.912
2014-05-01,Norway,3256.373,1342.241,1914.132,4669.974
2014-06-01,Norway,3781.196,1451.492,2329.704,5306.121
2014-07-01,Norway,3832.517,1116.66,2715.857,5025.193
2014-08-01,Norway,3510.699,1265.887,2244.812,4840.781
2014-09-01,Norway,3448.621,1387.525,2061.096,4906.703
2014-10-01,Norway,3393.742,1433.62,1960.122,4888.725
2014-11-01,Norway,2809.41,1289.432,1519.978,4149.704
2014-12-01,Norway,2511.454,1075.043,1436.411,3658.42
2015-01-01,Norway,2424.874,1071.358,1353.516,3529.673
2015-02-01,Norway,2556.072,1122.487,1433.585,3710.428
2015-03-01,Norway,2932.322,1290.187,1642.135,4251.958
2015-04-01,Norway,2983.248,1245.829,1737.419,4260.747
2015-05-01,Norway,3274.36,1325.626,1948.734,4636.784
2015-06-01,Norway,3702.865,1432.537,2270.328,5174.409
2015-07-01,Norway,3860.82,1145.571,2715.249,5050.062
2015-08-01,Norway,3538.347,1268.949,2269.398,4846.126
2015-09-01,Norway,3460.537,1370.528,2090.009,4866.535
2015-10-01,Norway,3380.538,1400.898,1979.64,4815.127
2015-11-01,Norway,2861.991,1319.721,1542.27,4209.244
2015-12-01,Norway,2527.078,1070.676,1456.402,3632.035
2016-01-01,Norway,2463.567,1086.712,1376.855,3580.202
2016-02-01,Norway,2687.167,1202.056,1485.111,3906.308
2016-03-01,Norway,2985.088,1247.846,1737.242,4262.804
2016-04-01,Norway,2943.188,1263.112,1680.076,4225.676
2016-05-01,Norway,3330.222,1354.238,1975.984,4714.507
2016-06-01,Norway,3672.794,1415.679,2257.115,5119.111
2016-07-01,Norway,3779.389,1099.229,2680.16,4956.704
2016-08-01,Norway,3535.817,1293.806,2242.011,4905.45
2016-09-01,Norway,3441.932,1425.855,2016.077,4926.381
2016-10-01,Norway,3431.93,1389.49,2042.44,4846.823
2016-11-01,Norway,2848.087,1301.402,1546.685,4162.351
2016-12-01,Norway,2608.365,1102.924,1505.441,3733.679
2017-01-01,Norway,2559.648,1137.687,1421.961,3717.808
2017-02-01,Norway,2631.931,1167.136,1464.795,3814.625
2017-03-01,Norway,3089.413,1390.427,1698.986,4500.903
2017-04-01,Norway,3058.976,1225.205,1833.771,4325.418
2017-05-01,Norway,3362.704,1397.179,1965.525,4807.612
2017-06-01,Norway,3770.376,1458.488,2311.888,5277.654
2017-07-01,Norway,3940.583,1152.761,2787.822,5143.15
2017-08-01,Norway,3675.007,1333.111,2341.896,5060.443
2017-09-01,Norway,3535.065,1413.16,2121.905,4986.67
2017-10-01,Norway,3507.313,1452.907,2054.406,4949.971
2017-11-01,Norway,2943.422,1350.008,1593.414,4311.514
2017-12-01,Norway,2665.34,1113.066,1552.274,3813.707
2018-01-01,Norway,2630.822,1153.23,1477.592,
2018-02-01,Norway,2733.297,1191.879,1541.418,
2018-03-01,Norway,3130.773,1305.05,1825.723,
2018-04-01,Norway,3239.034,1379.696,1859.338,
2018-05-01,Norway,3500.881,1404.315,2096.566,
2018-06-01,Norway,3820.443,1440.067,2380.376,
2018-07-01,Norway,4104.197,1207.977,2896.22,
2018-08-01,Norway,3817.279,1391.818,2425.461,
2018-09-01,Norway,3646.874,1452.017,2194.857,
2018-10-01,Norway,3596.184,1487.855,2108.329,
2018-11-01,Norway,3055.466,1382.33,1673.136,
2018-12-01,Norway,2754.855,1132.055,1622.8,
2014-01-01,New Zealand,,,,2386.248
2014-02-01,New Zealand,,,,2282.814
2014-03-01,New Zealand,,,,2396.97
2014-04-01,New Zealand,,,,2289.104
2014-05-01,New Zealand,,,,2151.33
2014-06-01,New Zealand,,,,2029.599
2014-07-01,New Zealand,,,,2389.964
2014-08-01,New Zealand,,,,2289.493
2014-09-01,New Zealand,,,,2251.802
2014-10-01,New Zealand,,,,2430.835
2014-11-01,New Zealand,,,,2394.32
2014-12-01,New Zealand,,,,2585.846
2015-01-01,New Zealand,,,,2517.83
2015-02-01,New Zealand,,,,2396.61
2015-03-01,New Zealand,,,,2581.519
2015-04-01,New Zealand,,,,2493.684
2015-05-01,New Zealand,,,,2215.74
2015-06-01,New Zealand,,,,2121.806
2015-07-01,New Zealand,,,,2518.881
2015-08-01,New Zealand,,,,2399.107
2015-09-01,New Zealand,,,,2374.395
2015-10-01,New Zealand,,,,2568.735
2015-11-01,New Zealand,,,,2586.289
2015-12-01,New Zealand,,,,2837.437
2016-01-01,New Zealand,,,,2715.197
2016-02-01,New Zealand,,,,2736.318
2016-03-01,New Zealand,,,,2850.331
2016-04-01,New Zealand,,,,2713.143
2016-05-01,New Zealand,,,,2423.921
2016-06-01,New Zealand,,,,2348.328
2016-07-01,New Zealand,,,,2759.642
2016-08-01,New Zealand,,,,2613.084
2016-09-01,New Zealand,,,,2633.249
2016-10-01,New Zealand,,,,2807.12
2016-11-01,New Zealand,,,,2788.986
2016-12-01,New Zealand,,,,3093.259
2017-01-01,New Zealand,,,,2933.936
2017-02-01,New Zealand,,,,2794.158
2017-03-01,New Zealand,,,,3016.922
2017-04-01,New Zealand,,,,2916.924
2017-05-01,New Zealand,,,,2601.706
2017-06-01,New Zealand,,,,2525.505
2017-07-01,New Zealand,,,,2974.599
2017-08-01,New Zealand,,,,2729.133
2017-09-01,New Zealand,,,,2704.317
2017-10-01,New Zealand,,,,3001.099
2017-11-01,New Zealand,,,,3011.313
2017-12-01,New Zealand,,,,3264.527
2014-01-01,Oman,,,,848.404
2014-02-01,Oman,,,,757.072
2014-03-01,Oman,,,,801.023
2014-04-01,Oman,,,,809.108
2014-05-01,Oman,,,,791.093
2014-06-01,Oman,,,,810.571
2014-07-01,Oman,,,,739.855
2014-08-01,Oman,,,,930.706
2014-09-01,Oman,,,,760.434
2014-10-01,Oman,,,,778.651
2014-11-01,Oman,,,,715.924
2014-12-01,Oman,,,,819.305
2015-01-01,Oman,,,,933.465
2015-02-01,Oman,,,,810.142
2015-03-01,Oman,,,,884.16
2015-04-01,Oman,,,,889.574
2015-05-01,Oman,,,,888.517
2015-06-01,Oman,,,,874.058
2015-07-01,Oman,,,,967.133
2015-08-01,Oman,,,,1158.942
2015-09-01,Oman,,,,986.014
2015-10-01,Oman,,,,940.305
2015-11-01,Oman,,,,933.008
2015-12-01,Oman,,,,1077.44
2016-01-01,Oman,,,,1117.081
2016-02-01,Oman,,,,982.124
2016-03-01,Oman,,,,1054.698
2016-04-01,Oman,,,,1057.987
2016-05-01,Oman,,,,1050.335
2016-06-01,Oman,,,,959.113
2016-07-01,Oman,,,,1218.091
2016-08-01,Oman,,,,1380.708
2016-09-01,Oman,,,,1118.707
2016-10-01,Oman,,,,1024.64
2016-11-01,Oman,,,,1068.208
2016-12-01,Oman,,,,1199.455
2017-01-01,Oman,,,,1279.658
2017-02-01,Oman,,,,1153.536
2017-03-01,Oman,,,,1241.415
2017-04-01,Oman,,,,1258.256
2017-05-01,Oman,,,,1196.239
2017-06-01,Oman,,,,1141.703
2017-07-01,Oman,,,,1532.559
2017-08-01,Oman,,,,1590.14
2010-01-01,Panama,,,,423.539
2010-02-01,Panama,,,,395.727
2010-03-01,Panama,,,,435.151
2010-04-01,Panama,,,,382.444
2010-05-01,Panama,,,,388.152
2010-06-01,Panama,,,,388.56
2010-07-01,Panama,,,,473.107
2010-08-01,Panama,,,,438.974
2010-09-01,Panama,,,,360.705
2010-10-01,Panama,,,,425.99
2010-11-01,Panama,,,,444.269
2010-12-01,Panama,,,,485.792
2011-01-01,Panama,,,,505.344
2011-02-01,Panama,,,,437.979
2011-03-01,Panama,,,,481.22
2011-04-01,Panama,,,,433.622
2011-05-01,Panama,,,,451.908
2011-06-01,Panama,,,,462.424
2011-07-01,Panama,,,,535.604
2011-08-01,Panama,,,,499.392
2011-09-01,Panama,,,,463.078
2011-10-01,Panama,,,,507.678
2011-11-01,Panama,,,,507.726
2011-12-01,Panama,,,,558.586
2012-01-01,Panama,,,,596.192
2012-02-01,Panama,,,,548.606
2012-03-01,Panama,,,,569.964
2012-04-01,Panama,,,,539.73
2012-05-01,Panama,,,,523.857
2012-06-01,Panama,,,,557.618
2012-07-01,Panama,,,,632.68
2012-08-01,Panama,,,,599.396
2012-09-01,Panama,,,,564.064
2012-10-01,Panama,,,,570.387
2012-11-01,Panama,,,,603.558
2012-12-01,Panama,,,,656.556
2013-01-01,Panama,,,,695.752
2013-02-01,Panama,,,,609.32
2013-03-01,Panama,,,,643.229
2013-04-01,Panama,,,,588.644
2013-05-01,Panama,,,,609.1
2013-06-01,Panama,,,,620.046
2013-07-01,Panama,,,,688.438
2013-08-01,Panama,,,,676.086
2013-09-01,Panama,,,,619.521
2013-10-01,Panama,,,,639.27
2013-11-01,Panama,,,,661.304
2013-12-01,Panama,,,,733.618
2014-01-01,Panama,,,,1118.237
2014-02-01,Panama,,,,968.39
2014-03-01,Panama,,,,1016.152
2014-04-01,Panama,,,,993.021
2014-05-01,Panama,,,,1026.43
2014-06-01,Panama,,,,1062.805
2014-07-01,Panama,,,,1155.316
2014-08-01,Panama,,,,1158.92
2014-09-01,Panama,,,,986.829
2014-10-01,Panama,,,,1069.406
2014-11-01,Panama,,,,1055.247
2014-12-01,Panama,,,,1171.414
2015-01-01,Panama,,,,1219.661
2015-02-01,Panama,,,,1066.613
2015-03-01,Panama,,,,1112.482
2015-04-01,Panama,,,,1057.828
2015-05-01,Panama,,,,1091.2
2015-06-01,Panama,,,,1095.146
2015-07-01,Panama,,,,1209.128
2015-08-01,Panama,,,,1155.243
2015-09-01,Panama,,,,1016.785
2015-10-01,Panama,,,,1066.121
2015-11-01,Panama,,,,1085.222
2015-12-01,Panama,,,,1259.244
2016-01-01,Panama,,,,1303.426
2016-02-01,Panama,,,,1134.77
2016-03-01,Panama,,,,1172.352
2016-04-01,Panama,,,,1092.054
2016-05-01,Panama,,,,1114.575
2016-06-01,Panama,,,,1185.675
2016-07-01,Panama,,,,1402.701
2016-08-01,Panama,,,,1327.024
2016-09-01,Panama,,,,1192.54
2016-10-01,Panama,,,,1261.504
2016-11-01,Panama,,,,1211.557
2016-12-01,Panama,,,,1343.759
2017-01-01,Panama,,,,1384.999
2017-02-01,Panama,,,,1160.173
2017-03-01,Panama,,,,1238.165
2017-04-01,Panama,,,,1231.828
2017-05-01,Panama,,,,1237.592
2017-06-01,Panama,,,,1293.752
2017-07-01,Panama,,,,1458.204
2017-08-01,Panama,,,,1415.032
2017-09-01,Panama,,,,1244.025
2017-10-01,Panama,,,,1303.717
2017-11-01,Panama,,,,1271.41
2017-12-01,Panama,,,,1377.168
2010-01-01,Peru,,,,1216.921
2010-02-01,Peru,,,,1116.428
2010-03-01,Peru,,,,1144.068
2010-04-01,Peru,,,,1123.416
2010-05-01,Peru,,,,1273.039
2010-06-01,Peru,,,,1243.353
2010-07-01,Peru,,,,1382.833
2010-08-01,Peru,,,,1466.937
2010-09-01,Peru,,,,1300.114
2010-10-01,Peru,,,,1471.976
2010-11-01,Peru,,,,1369.746
2010-12-01,Peru,,,,1370.072
2011-01-01,Peru,,,,1455.089
2011-02-01,Peru,,,,1329.741
2011-03-01,Peru,,,,1362.17
2011-04-01,Peru,,,,1326.818
2011-05-01,Peru,,,,1447.697
2011-06-01,Peru,,,,1383.478
2011-07-01,Peru,,,,1640.488
2011-08-01,Peru,,,,1667.828
2011-09-01,Peru,,,,1199.735
2011-10-01,Peru,,,,1542.622
2011-11-01,Peru,,,,1438.858
2011-12-01,Peru,,,,1489.642
2012-01-01,Peru,,,,1553.87
2012-02-01,Peru,,,,1579.699
2012-03-01,Peru,,,,1602.95
2012-04-01,Peru,,,,1566.498
2012-05-01,Peru,,,,1664.535
2012-06-01,Peru,,,,1590.197
2012-07-01,Peru,,,,1748.763
2012-08-01,Peru,,,,1808.177
2012-09-01,Peru,,,,2249.508
2012-10-01,Peru,,,,1761.371
2012-11-01,Peru,,,,1654.844
2012-12-01,Peru,,,,1697.307
2013-01-01,Peru,,,,161.256
2013-02-01,Peru,,,,156.183
2013-03-01,Peru,,,,174.48
2013-04-01,Peru,,,,170.85
2013-05-01,Peru,,,,200.533
2013-06-01,Peru,,,,188.009
2013-07-01,Peru,,,,220.168
2013-08-01,Peru,,,,233.525
2013-09-01,Peru,,,,202.157
2013-10-01,Peru,,,,227.59
2013-11-01,Peru,,,,184.889
2013-12-01,Peru,,,,175.63
2014-01-01,Peru,,,,1996.185
2014-02-01,Peru,,,,1924.886
2014-03-01,Peru,,,,1976.743
2014-04-01,Peru,,,,1913.366
2014-05-01,Peru,,,,2065.642
2014-06-01,Peru,,,,1973.033
2014-07-01,Peru,,,,2237.33
2014-08-01,Peru,,,,2389.89
2014-09-01,Peru,,,,2191.807
2014-10-01,Peru,,,,2330.686
2014-11-01,Peru,,,,2146.778
2014-12-01,Peru,,,,2173.427
2015-01-01,Peru,,,,2206.021
2015-02-01,Peru,,,,2139.82
2015-03-01,Peru,,,,2142.851
2015-04-01,Peru,,,,2096.367
2015-05-01,Peru,,,,2291.267
2015-06-01,Peru,,,,2139.536
2015-07-01,Peru,,,,2441.965
2015-08-01,Peru,,,,2626.9154
2015-09-01,Peru,,,,2387.96
2015-10-01,Peru,,,,2579.08
2015-11-01,Peru,,,,2316.718
2015-12-01,Peru,,,,2351.843
2016-01-01,Peru,,,,2402.608
2016-02-01,Peru,,,,2379.368
2016-03-01,Peru,,,,2355.08
2016-04-01,Peru,,,,2210.981
2016-05-01,Peru,,,,2549.033
2016-06-01,Peru,,,,2409.529
2016-07-01,Peru,,,,2768.223
2016-08-01,Peru,,,,2855.061
2016-09-01,Peru,,,,2557.139
2016-10-01,Peru,,,,2750.47
2016-11-01,Peru,,,,2477.123
2016-12-01,Peru,,,,2509.074
2017-01-01,Peru,,,,2577.19
2017-02-01,Peru,,,,2426.982
2017-03-01,Peru,,,,2465.488
2017-04-01,Peru,,,,2418.518
2017-05-01,Peru,,,,2589.592
2017-06-01,Peru,,,,2660.045
2017-07-01,Peru,,,,2987.064
2017-08-01,Peru,,,,3177.901
2017-09-01,Peru,,,,2855.437
2017-10-01,Peru,,,,3055.658
2017-11-01,Peru,,,,2791.029
2017-12-01,Peru,,,,2890.248
2014-01-01,Philippines,,,,3121.603
2014-02-01,Philippines,,,,2669.706
2014-03-01,Philippines,,,,3028.643
2014-04-01,Philippines,,,,3369.345
2014-05-01,Philippines,,,,3447.172
2014-06-01,Philippines,,,,2875.374
2014-07-01,Philippines,,,,2662.423
2014-08-01,Philippines,,,,2732.742
2014-09-01,Philippines,,,,2450.581
2014-10-01,Philippines,,,,2751.661
2014-11-01,Philippines,,,,2742.966
2014-12-01,Philippines,,,,3085.063
2015-01-01,Philippines,,,,3200.531
2015-02-01,Philippines,,,,2768.217
2015-03-01,Philippines,,,,3192.221
2015-04-01,Philippines,,,,3414.912
2015-05-01,Philippines,,,,3584.662
2015-06-01,Philippines,,,,3029.239
2015-07-01,Philippines,,,,2996.116
2015-08-01,Philippines,,,,3069.788
2015-09-01,Philippines,,,,2770.923
2015-10-01,Philippines,,,,2813.748
2015-11-01,Philippines,,,,2713.497
2015-12-01,Philippines,,,,3249.779
2016-01-01,Philippines,,,,3548.584
2016-02-01,Philippines,,,,3234.338
2016-03-01,Philippines,,,,3440.369
2016-04-01,Philippines,,,,3674.448
2016-05-01,Philippines,,,,3715.637
2016-06-01,Philippines,,,,3378.647
2016-07-01,Philippines,,,,3327.505
2016-08-01,Philippines,,,,3197.257
2016-09-01,Philippines,,,,2914.638
2016-10-01,Philippines,,,,3145.692
2016-11-01,Philippines,,,,3237.463
2016-12-01,Philippines,,,,3652.936
2017-01-01,Philippines,,,,3865.861
2017-02-01,Philippines,,,,3323.033
2017-03-01,Philippines,,,,3604.743
2017-04-01,Philippines,,,,3981.616
2017-05-01,Philippines,,,,4007.391
2017-06-01,Philippines,,,,3507.847
2017-07-01,Philippines,,,,3582.72
2017-08-01,Philippines,,,,3526.445
2017-09-01,Philippines,,,,3149.045
2017-10-01,Philippines,,,,3489.588
2017-11-01,Philippines,,,,3526.816
2017-12-01,Philippines,,,,3971.937
2010-01-01,Poland,1102.669,65.126,1037.543,1209.078
2010-02-01,Poland,1080.644,61.782,1018.862,1180.787
2010-03-01,Poland,1303.859,72.882,1230.977,1424.958
2010-04-01,Poland,1139.301,52.542,1086.759,1239.613
2010-05-01,Poland,1643.95,77.015,1566.935,1787.826
2010-06-01,Poland,1901.034,85.635,1815.399,2072.044
2010-07-01,Poland,2144.399,94.841,2049.558,2341.109
2010-08-01,Poland,2113.598,91.047,2022.551,2306.907
2010-09-01,Poland,1902.745,87.046,1815.699,2110.952
2010-10-01,Poland,1639.194,97.286,1541.908,1807.364
2010-11-01,Poland,1240.583,81.514,1159.069,1363.544
2010-12-01,Poland,1171.139,76.135,1095.004,1288.705
2011-01-01,Poland,1248.411,73.738,1174.673,1312.655
2011-02-01,Poland,1153.059,68.887,1084.172,1212.761
2011-03-01,Poland,1376.838,88.01,1288.828,1457.093
2011-04-01,Poland,1544.777,85.835,1458.942,1621.714
2011-05-01,Poland,1831.676,96.546,1735.13,1921.844
2011-06-01,Poland,2067.128,97.262,1969.866,2157.48
2011-07-01,Poland,2331.393,101.113,2230.28,2417.748
2011-08-01,Poland,2313.378,99.299,2214.079,2396.636
2011-09-01,Poland,2216.804,119.206,2097.598,2322.185
2011-10-01,Poland,1769.415,102.522,1666.893,1875.217
2011-11-01,Poland,1404.737,91.567,1313.17,1486.422
2011-12-01,Poland,1378.056,95.511,1282.545,1456.317
2012-01-01,Poland,1333.854,87.57,1246.284,1431.388
2012-02-01,Poland,1280.964,91.794,1189.17,1381.352
2012-03-01,Poland,1485.978,110.628,1375.35,1606.69
2012-04-01,Poland,1790.288,173.068,1617.22,1961.723
2012-05-01,Poland,2084.217,224.932,1859.285,2364.978
2012-06-01,Poland,2339.536,254.041,2085.495,2668.084
2012-07-01,Poland,2541.746,240.605,2301.141,2866.956
2012-08-01,Poland,2326.622,137.396,2189.226,2641.589
2012-09-01,Poland,2160.44,139.822,2020.618,2486.749
2012-10-01,Poland,1761.707,128.424,1633.283,2071.445
2012-11-01,Poland,1326.305,101.149,1225.156,1597.125
2012-12-01,Poland,1369.108,90.048,1279.06,1592.452
2013-01-01,Poland,1400.616,87.922,1312.694,1507.392
2013-02-01,Poland,1347.05,84.6,1262.45,1451.471
2013-03-01,Poland,1576.466,95.833,1480.633,1694.129
2013-04-01,Poland,1861.526,91.646,1769.88,1977.48
2013-05-01,Poland,2139.072,101.799,2037.273,2271.463
2013-06-01,Poland,2343.424,109.844,2233.58,2499.344
2013-07-01,Poland,2647.047,112.845,2534.202,2789.686
2013-08-01,Poland,2624.66,106.468,2518.192,2767.563
2013-09-01,Poland,2440.27,120.072,2320.198,2591.486
2013-10-01,Poland,1946.844,117.312,1829.532,2239.006
2013-11-01,Poland,1509.086,99.201,1409.885,1743.582
2013-12-01,Poland,1438.423,89.995,1348.428,1653.807
2014-01-01,Poland,1512.769,90.098,1422.671,1607.757
2014-02-01,Poland,1454.63,87.1,1367.53,1558.917
2014-03-01,Poland,1679.867,102.972,1576.895,1790.018
2014-04-01,Poland,1916.665,115.249,1801.416,2037.746
2014-05-01,Poland,2274.462,130.616,2143.846,2412.399
2014-06-01,Poland,2611.773,137.218,2474.555,2755.488
2014-07-01,Poland,2896.96,149.978,2746.982,3054.793
2014-08-01,Poland,2917.421,141.58,2775.841,3034.206
2014-09-01,Poland,2685.396,142.823,2542.573,2841.179
2014-10-01,Poland,2218.452,135.639,2082.813,2355.11
2014-11-01,Poland,1811.495,128.438,1683.057,1944.185
2014-12-01,Poland,1734.532,116.469,1618.063,1854.269
2015-01-01,Poland,1718.995,101.604,1617.391,1824.461
2015-02-01,Poland,1701.417,103.451,1597.966,1808.247
2015-03-01,Poland,1957.806,127.396,1830.41,2090.502
2015-04-01,Poland,2213.72,123.202,2090.518,2349.077
2015-05-01,Poland,2565.308,142.438,2422.87,2717.602
2015-06-01,Poland,2967.02,154.769,2812.251,3137.631
2015-07-01,Poland,3254.547,160.957,3093.59,3425.83
2015-08-01,Poland,3186.422,157.372,3029.05,3355.249
2015-09-01,Poland,2927.441,147.618,2779.823,3086.423
2015-10-01,Poland,2427.35,136.348,2291.002,2568.27
2015-11-01,Poland,2004.618,119.546,1885.072,2127.097
2015-12-01,Poland,1982.795,112.949,1869.846,2073.677
2016-01-01,Poland,1955.253,105.217,1850.036,2065.601
2016-02-01,Poland,1949.7,114.985,1834.715,2067.343
2016-03-01,Poland,2204.92,132.88,2072.04,2339.175
2016-04-01,Poland,2439.266,165.752,2273.514,2571.908
2016-05-01,Poland,2797.539,169.351,2628.188,2935.368
2016-06-01,Poland,3171.901,168.23,3003.671,3357.269
2016-07-01,Poland,3502.298,166.977,3335.321,3681.662
2016-08-01,Poland,3482.817,167.774,3315.043,3663.461
2016-09-01,Poland,3284.762,167.317,3117.445,3462.402
2016-10-01,Poland,2761.278,157.834,2603.444,2936.426
2016-11-01,Poland,2359.552,163.366,2196.186,2507.562
2016-12-01,Poland,2357.456,154.454,2203.002,2539.055
2017-01-01,Poland,2309.994,142.441,2167.553,2454.661
2017-02-01,Poland,2222.509,147.627,2074.882,2372.285
2017-03-01,Poland,2560.537,171.974,2388.563,2734.935
2017-04-01,Poland,2817.652,179.269,2638.383,3005.327
2017-05-01,Poland,3221.586,205.794,3015.792,3424.038
2017-06-01,Poland,3687.329,209.884,3477.445,3644.214
2017-07-01,Poland,4120.443,221.368,3899.075,4076.883
2017-08-01,Poland,4090.307,212.891,3877.416,4046.661
2017-09-01,Poland,3848.917,216.776,3632.141,3847.649
2017-10-01,Poland,3309.933,211.834,3098.099,3270.282
2017-11-01,Poland,2754.558,149.935,2604.623,2674.758
2017-12-01,Poland,2740.903,142.296,2598.607,2656.273
2018-01-01,Poland,2714.128,130.176,2583.952,
2018-02-01,Poland,2607.804,130.157,2477.647,
2018-03-01,Poland,2987.001,151.055,2835.946,
2018-04-01,Poland,3338.71,151.653,3187.057,
2018-05-01,Poland,3802.3,163.239,3639.061,
2018-06-01,Poland,4387.537,169.342,4218.195,
2018-07-01,Poland,4847.39,171.122,4676.268,
2018-08-01,Poland,4836.935,167.491,4669.444,
2018-09-01,Poland,4485.095,178.145,4306.95,
2018-10-01,Poland,3741.323,182.49,3558.833,
2018-11-01,Poland,3030.334,154.03,2876.304,
2018-12-01,Poland,2976.977,160.747,2816.23,
2010-01-01,Portugal,1472.232,204.91,1267.322,1628.838
2010-02-01,Portugal,1433.205,172.897,1260.308,1561.083
2010-03-01,Portugal,1772.63,210.073,1562.557,1929.69
2010-04-01,Portugal,1917.346,252.717,1664.629,2116.701
2010-05-01,Portugal,2250.234,244.779,2005.455,2450.472
2010-06-01,Portugal,2404.705,261.178,2143.527,2613.376
2010-07-01,Portugal,2925.232,327.044,2598.188,3183.088
2010-08-01,Portugal,3161.435,395.044,2766.391,3476.467
2010-09-01,Portugal,2681.895,296.025,2385.87,2921.694
2010-10-01,Portugal,2431.524,252.131,2179.393,2631.236
2010-11-01,Portugal,1620.822,186.705,1434.117,1768.094
2010-12-01,Portugal,1664.24,210.738,1453.502,1833.622
2011-01-01,Portugal,1592.77,189.047,1403.723,1739.465
2011-02-01,Portugal,1453.116,155.447,1297.669,1573.727
2011-03-01,Portugal,1891.305,207.046,1684.259,2049.282
2011-04-01,Portugal,2444.347,275.826,2168.521,2660.845
2011-05-01,Portugal,2535.168,259.867,2275.301,2742.799
2011-06-01,Portugal,2635.513,263.78,2371.733,2840.849
2011-07-01,Portugal,3128.15,319.435,2808.715,3371.501
2011-08-01,Portugal,3260.928,363.268,2897.66,3542.652
2011-09-01,Portugal,2865.02,284.524,2580.496,3090.075
2011-10-01,Portugal,2529.331,226.588,2302.743,2720.893
2011-11-01,Portugal,1585.061,168.004,1417.057,1722.774
2011-12-01,Portugal,1658.998,186.542,1472.456,1814.826
2012-01-01,Portugal,1598.125,186.118,1412.007,1739.157
2012-02-01,Portugal,1553.792,162.791,1391.001,1685.49
2012-03-01,Portugal,1911.105,196.305,1714.8,2064.303
2012-04-01,Portugal,2425.516,247.419,2178.097,2621.697
2012-05-01,Portugal,2522.044,233.99,2288.054,2705.151
2012-06-01,Portugal,2708.721,250.084,2458.637,2907.569
2012-07-01,Portugal,3204.945,310.578,2894.367,3442.435
2012-08-01,Portugal,3315.357,354.615,2960.742,3590.898
2012-09-01,Portugal,2941.023,284.807,2656.216,3168.996
2012-10-01,Portugal,2574.315,228.041,2346.274,2761.751
2012-11-01,Portugal,1716.05,171.574,1544.476,1849.916
2012-12-01,Portugal,1715.261,185.357,1529.904,1863.091
2013-01-01,Portugal,1616.042,178.033,1438.009,1754.998
2013-02-01,Portugal,1555.465,156.557,1398.908,1626.201
2013-03-01,Portugal,2025.485,196.475,1829.01,1930.497
2013-04-01,Portugal,2425.026,226.492,2198.534,2379.149
2013-05-01,Portugal,2766.882,245.978,2520.904,2728.256
2013-06-01,Portugal,2869.982,259.596,2610.386,2839.152
2013-07-01,Portugal,3343.127,315.657,3027.47,3296.794
2013-08-01,Portugal,3515.661,359.794,3155.867,3461.731
2013-09-01,Portugal,3095.8,283.309,2812.491,3055.261
2013-10-01,Portugal,2756.451,233.027,2523.424,2729.699
2013-11-01,Portugal,1843.126,183.781,1659.345,1817.206
2013-12-01,Portugal,1881.099,199.177,1681.922,1867.996
2014-01-01,Portugal,1752.776,182.533,1570.243,1895.586
2014-02-01,Portugal,1674.701,158.925,1515.776,1795.819
2014-03-01,Portugal,2108.793,194.653,1914.14,2262.653
2014-04-01,Portugal,2811.629,264.652,2546.977,3019.063
2014-05-01,Portugal,3021.24,251.299,2769.941,3207.968
2014-06-01,Portugal,3151.622,267.421,2884.201,3343.401
2014-07-01,Portugal,3642.049,332.096,3309.953,3847.317
2014-08-01,Portugal,3853.854,371.381,3482.473,4080.235
2014-09-01,Portugal,3392.435,291.291,3101.144,3591.416
2014-10-01,Portugal,3030.231,242.276,2787.955,3207.134
2014-11-01,Portugal,2048.082,193.28,1854.802,2192.876
2014-12-01,Portugal,2073.209,212.444,1860.765,2234.12
2015-01-01,Portugal,2000.508,202.736,1797.772,2151.818
2015-02-01,Portugal,1928.087,185.239,1742.848,2066.66
2015-03-01,Portugal,2420.023,238.679,2181.344,2600.996
2015-04-01,Portugal,3025.639,301.77,2723.869,3266.332
2015-05-01,Portugal,3292.913,304.072,2988.841,3513.178
2015-06-01,Portugal,3519.61,343.726,3175.884,3755.221
2015-07-01,Portugal,3991.036,433.78,3557.256,4219.638
2015-08-01,Portugal,4181.933,459.662,3722.271,4418.651
2015-09-01,Portugal,3713.303,377.532,3335.771,3933.04
2015-10-01,Portugal,3361.709,295.108,3066.601,3595.565
2015-11-01,Portugal,2301.991,254.155,2047.836,2495.727
2015-12-01,Portugal,2269.062,265.912,2003.15,2471.011
2016-01-01,Portugal,2180.275,248.653,1931.622,2368.081
2016-02-01,Portugal,2217.209,240.102,1977.107,2397.153
2016-03-01,Portugal,2722.606,301.509,2421.097,2947.08
2016-04-01,Portugal,3251.85,339.55,2912.3,3504.862
2016-05-01,Portugal,3724.11,372.608,3351.502,4002.125
2016-06-01,Portugal,3904.732,412.736,3491.996,4186.216
2016-07-01,Portugal,4480.139,473.11,4007.029,4788.232
2016-08-01,Portugal,4690.153,563.465,4126.688,4931.578
2016-09-01,Portugal,4257.952,477.665,3780.287,4508.019
2016-10-01,Portugal,3958.885,388.06,3570.825,4252.386
2016-11-01,Portugal,2763.566,319.481,2444.085,3018.957
2016-12-01,Portugal,2778.567,334.876,2443.691,3041.151
2017-01-01,Portugal,2631.63,318.443,2313.187,2881.49
2017-02-01,Portugal,2620.955,296.122,2324.833,2851.594
2017-03-01,Portugal,3176.774,347.19,2829.584,3442.677
2017-04-01,Portugal,4160.684,430.436,3730.248,4482.897
2017-05-01,Portugal,4369.288,421.024,3948.264,4681.847
2017-06-01,Portugal,4637.108,464.94,4172.168,4956.741
2017-07-01,Portugal,5167.344,532.121,4635.223,5516.362
2017-08-01,Portugal,5257.066,546.634,4710.432,5603.345
2017-09-01,Portugal,4880.541,475.844,4404.697,5210.332
2017-10-01,Portugal,4473.343,423.273,4050.07,4786.41
2017-11-01,Portugal,3151.693,342.024,2809.669,3408.32
2017-12-01,Portugal,3146.631,357.085,2789.546,3409.032
2018-01-01,Portugal,2954.239,337.479,2616.76,
2018-02-01,Portugal,2903.202,312.36,2590.842,
2018-03-01,Portugal,3626.533,385.49,3241.043,
2018-04-01,Portugal,4405.749,430.13,3975.619,
2018-05-01,Portugal,4766.547,458.104,4308.443,
2018-06-01,Portugal,4935.177,483.9,4451.277,
2018-07-01,Portugal,5382.07,537.035,4845.035,
2018-08-01,Portugal,5466.565,572.94,4893.625,
2018-09-01,Portugal,5121.503,498.914,4622.589,
2018-10-01,Portugal,4791.15,452.471,4338.679,
2018-11-01,Portugal,3361.153,348.361,3012.792,
2018-12-01,Portugal,3304.59,352.846,2951.744,
2010-01-01,Paraguay,,,,71.173
2010-02-01,Paraguay,,,,58.446
2010-03-01,Paraguay,,,,61.372
2010-04-01,Paraguay,,,,56.461
2010-05-01,Paraguay,,,,58.779
2010-06-01,Paraguay,,,,56.579
2010-07-01,Paraguay,,,,74.075
2010-08-01,Paraguay,,,,71.34
2010-09-01,Paraguay,,,,64.33
2010-10-01,Paraguay,,,,65.769
2010-11-01,Paraguay,,,,67.188
2010-12-01,Paraguay,,,,73.684
2011-01-01,Paraguay,,,,77.432
2011-02-01,Paraguay,,,,66.692
2011-03-01,Paraguay,,,,66.458
2011-04-01,Paraguay,,,,70.311
2011-05-01,Paraguay,,,,73.199
2011-06-01,Paraguay,,,,62.347
2011-07-01,Paraguay,,,,79.65
2011-08-01,Paraguay,,,,75.393
2011-09-01,Paraguay,,,,71.86
2011-10-01,Paraguay,,,,76.552
2011-11-01,Paraguay,,,,77.008
2011-12-01,Paraguay,,,,85.46
2012-01-01,Paraguay,,,,99.698
2012-02-01,Paraguay,,,,82.938
2012-03-01,Paraguay,,,,81.719
2012-04-01,Paraguay,,,,82.412
2012-05-01,Paraguay,,,,78.073
2012-06-01,Paraguay,,,,70.558
2012-07-01,Paraguay,,,,83.012
2012-08-01,Paraguay,,,,70.181
2012-09-01,Paraguay,,,,65.876
2012-10-01,Paraguay,,,,69.019
2012-11-01,Paraguay,,,,71.652
2012-12-01,Paraguay,,,,76.953
2013-01-01,Paraguay,,,,84.554
2013-02-01,Paraguay,,,,70.47
2013-03-01,Paraguay,,,,77.812
2013-04-01,Paraguay,,,,69.454
2013-05-01,Paraguay,,,,73.131
2013-06-01,Paraguay,,,,67.444
2013-07-01,Paraguay,,,,80.757
2013-08-01,Paraguay,,,,71.731
2013-09-01,Paraguay,,,,70.979
2013-10-01,Paraguay,,,,70.189
2013-11-01,Paraguay,,,,72.767
2013-12-01,Paraguay,,,,81.536
2014-01-01,Paraguay,,,,89.508
2014-02-01,Paraguay,,,,76.927
2014-03-01,Paraguay,,,,75.231
2014-04-01,Paraguay,,,,74.663
2014-05-01,Paraguay,,,,76.006
2014-06-01,Paraguay,,,,74.735
2014-07-01,Paraguay,,,,92.018
2014-08-01,Paraguay,,,,81.173
2014-09-01,Paraguay,,,,76.54
2014-10-01,Paraguay,,,,78.285
2014-11-01,Paraguay,,,,71.626
2014-12-01,Paraguay,,,,79.313
2015-01-01,Paraguay,,,,91.311
2015-02-01,Paraguay,,,,77.563
2015-03-01,Paraguay,,,,80.767
2015-04-01,Paraguay,,,,69.077
2015-05-01,Paraguay,,,,73.981
2015-06-01,Paraguay,,,,66.609
2015-07-01,Paraguay,,,,82.805
2015-08-01,Paraguay,,,,77.417
2015-09-01,Paraguay,,,,74.578
2015-10-01,Paraguay,,,,76.477
2015-11-01,Paraguay,,,,78.351
2015-12-01,Paraguay,,,,89.884
2016-01-01,Paraguay,,,,97.786
2016-02-01,Paraguay,,,,85.204
2016-03-01,Paraguay,,,,91.448
2016-04-01,Paraguay,,,,79.619
2016-05-01,Paraguay,,,,82.26
2016-06-01,Paraguay,,,,82.026
2016-07-01,Paraguay,,,,99.416
2016-08-01,Paraguay,,,,95.119
2016-09-01,Paraguay,,,,91.072
2016-10-01,Paraguay,,,,92.115
2016-11-01,Paraguay,,,,84.773
2016-12-01,Paraguay,,,,95.962
2017-01-01,Paraguay,,,,111.027
2017-02-01,Paraguay,,,,97.053
2017-03-01,Paraguay,,,,94.57
2017-04-01,Paraguay,,,,92.607
2017-05-01,Paraguay,,,,92.88
2017-06-01,Paraguay,,,,88.639
2017-07-01,Paraguay,,,,121.562
2017-08-01,Paraguay,,,,105.845
2010-01-01,Romania,590.93,48.44,542.49,633.189
2010-02-01,Romania,528.116,52.108,476.008,568.529
2010-03-01,Romania,657.611,65.905,591.706,714.697
2010-04-01,Romania,647.471,59.214,588.257,720.801
2010-05-01,Romania,731.926,66.907,665.019,814.192
2010-06-01,Romania,820.277,68.123,752.154,909.75
2010-07-01,Romania,926.526,67.717,858.809,1024.922
2010-08-01,Romania,974.094,62.082,912.012,1073.224
2010-09-01,Romania,889.422,68.184,821.238,988.149
2010-10-01,Romania,747.422,64.094,683.328,829.24
2010-11-01,Romania,663.658,69.617,594.041,746.73
2010-12-01,Romania,671.496,53.168,618.328,743.033
2011-01-01,Romania,657.421,46.968,610.453,697.862
2011-02-01,Romania,581.679,51.99,529.689,625.571
2011-03-01,Romania,681.002,60.9,620.102,729.826
2011-04-01,Romania,803.467,61.033,742.434,853.279
2011-05-01,Romania,856.53,68.614,787.916,913.227
2011-06-01,Romania,916.668,67.16,849.508,972.056
2011-07-01,Romania,991.844,64.363,927.481,1045.277
2011-08-01,Romania,1019.269,61.517,957.752,1075.656
2011-09-01,Romania,970.996,71.489,899.507,1016.589
2011-10-01,Romania,841.676,70.365,771.311,869.643
2011-11-01,Romania,677.046,62.972,614.074,703.498
2011-12-01,Romania,689.858,48.768,641.09,706.576
2012-01-01,Romania,657.077,44.728,612.349,684.756
2012-02-01,Romania,541.357,46.233,495.124,572.479
2012-03-01,Romania,685.541,62.959,622.582,725.3
2012-04-01,Romania,812.732,55.646,757.086,848.21
2012-05-01,Romania,847.431,61.825,785.606,901.678
2012-06-01,Romania,916.364,58.215,858.149,956.019
2012-07-01,Romania,1028.325,58.513,969.812,1069.864
2012-08-01,Romania,1054.823,51.975,1002.848,989.645
2012-09-01,Romania,975.672,60.777,914.895,909.709
2012-10-01,Romania,815.672,61.304,754.368,776.5
2012-11-01,Romania,659.907,52.85,607.057,637.714
2012-12-01,Romania,679.325,41.291,638.034,706.324
2013-01-01,Romania,661.326,41.699,619.627,676.243
2013-02-01,Romania,571.487,43.984,527.503,600.959
2013-03-01,Romania,714.931,49.78,665.151,737.736
2013-04-01,Romania,776.647,50.849,725.798,799.894
2013-05-01,Romania,897.016,51.417,845.599,911.059
2013-06-01,Romania,957.116,51.61,905.506,969.579
2013-07-01,Romania,1054.749,47.149,1007.6,1056.772
2013-08-01,Romania,1073.249,38.202,1035.047,1062.935
2013-09-01,Romania,1004.498,50.933,953.565,1019.848
2013-10-01,Romania,844.809,52.502,792.307,863.493
2013-11-01,Romania,726.004,48.956,677.048,748.989
2013-12-01,Romania,735.101,38.801,696.3,744.453
2014-01-01,Romania,682.187,31.244,650.943,689.744
2014-02-01,Romania,624.684,37.198,587.486,643.243
2014-03-01,Romania,726.588,44.098,682.49,745.111
2014-04-01,Romania,869.071,42.192,826.879,882.457
2014-05-01,Romania,920.899,46.838,874.061,942.863
2014-06-01,Romania,1044.96,47.735,997.225,1056.439
2014-07-01,Romania,1151.537,42.436,1109.101,1157.145
2014-08-01,Romania,1165.977,32.736,1133.241,1164.247
2014-09-01,Romania,1094.131,45.587,1048.544,1107.402
2014-10-01,Romania,966.097,51.107,914.99,992.361
2014-11-01,Romania,818.137,45.47,772.667,838.023
2014-12-01,Romania,843.219,35.36,807.859,851.868
2015-01-01,Romania,800.361,32.937,767.424,812.294
2015-02-01,Romania,748.383,37.035,711.348,765.104
2015-03-01,Romania,879.055,42.218,836.837,897.609
2015-04-01,Romania,1025.725,40.435,985.29,1036.083
2015-05-01,Romania,1066.544,43.514,1023.03,1076.395
2015-06-01,Romania,1186.761,44.838,1141.923,1196.29
2015-07-01,Romania,1311.14,41.108,1270.032,1315.769
2015-08-01,Romania,1329.863,35.132,1294.731,1330.684
2015-09-01,Romania,1239.299,46.337,1192.962,1285.717
2015-10-01,Romania,1090.903,49.743,1041.16,1138.677
2015-11-01,Romania,954.481,50.643,903.838,1003.819
2015-12-01,Romania,948.196,42.212,905.984,961.963
2016-01-01,Romania,923.427,42.128,881.299,939.398
2016-02-01,Romania,913.013,53.573,859.44,942.808
2016-03-01,Romania,1042.398,64.838,977.56,1076.69
2016-04-01,Romania,1140.023,62.056,1077.967,1171.702
2016-05-01,Romania,1272.96,64.736,1208.224,1302.65
2016-06-01,Romania,1363.854,69.496,1294.358,1400.413
2016-07-01,Romania,1539.062,65.856,1473.206,1573.116
2016-08-01,Romania,1596.717,68.305,1528.412,1638.68
2016-09-01,Romania,1528.916,89.618,1439.298,1624.774
2016-10-01,Romania,1385.783,98.482,1287.301,1490.643
2016-11-01,Romania,1197.198,112.865,1084.333,1315.825
2016-12-01,Romania,1250.368,103.407,1146.961,1357.837
2017-01-01,Romania,1182.716,94.064,1088.652,1279.57
2017-02-01,Romania,1117.225,105.471,1011.754,1224.374
2017-03-01,Romania,1293.256,121.711,1171.545,1422.344
2017-04-01,Romania,1465.165,108.891,1356.274,1589.125
2017-05-01,Romania,1537.76,122.568,1415.192,1673.647
2017-06-01,Romania,1634.786,116.49,1518.296,1823.587
2017-07-01,Romania,1830.763,114.486,1716.277,2024.29
2017-08-01,Romania,1888.352,115.627,1772.725,2077.02
2017-09-01,Romania,1756.433,122.791,1633.642,1951.744
2017-10-01,Romania,1620.942,125.096,1495.846,1806.836
2017-11-01,Romania,1309.112,122.146,1186.966,1470.431
2017-12-01,Romania,1298.264,100.072,1198.192,1448.903
2018-01-01,Romania,1266.284,93.283,1173.001,
2018-02-01,Romania,1178.797,100.453,1078.344,
2018-03-01,Romania,1376.662,113.855,1262.807,
2018-04-01,Romania,1565.377,110.76,1454.617,
2018-05-01,Romania,1618.372,128.479,1489.893,
2018-06-01,Romania,1748.978,120.308,1628.67,
2018-07-01,Romania,1991.333,128.285,1863.048,
2018-08-01,Romania,2044.878,127.191,1917.687,
2018-09-01,Romania,1912.541,130.962,1781.579,
2018-10-01,Romania,1739.489,134.627,1604.862,
2018-11-01,Romania,1439.472,127.697,1311.775,
2018-12-01,Romania,1435.275,104.007,1331.268,
2010-01-01,Russian Federation,,,,4446.431
2010-02-01,Russian Federation,,,,3981.488
2010-03-01,Russian Federation,,,,4692.706
2010-04-01,Russian Federation,,,,4818.679
2010-05-01,Russian Federation,,,,5944.538
2010-06-01,Russian Federation,,,,6963.178
2010-07-01,Russian Federation,,,,7946.246
2010-08-01,Russian Federation,,,,8014.373
2010-09-01,Russian Federation,,,,7097.615
2010-10-01,Russian Federation,,,,6287.477
2010-11-01,Russian Federation,,,,5327.761
2010-12-01,Russian Federation,,,,5096.711
2011-01-01,Russian Federation,,,,5006.669
2011-02-01,Russian Federation,,,,4265.052
2011-03-01,Russian Federation,,,,5106.882
2011-04-01,Russian Federation,,,,5626.616
2011-05-01,Russian Federation,,,,6610.226
2011-06-01,Russian Federation,,,,7825.323
2011-07-01,Russian Federation,,,,8948.219
2011-08-01,Russian Federation,,,,9206.114
2011-09-01,Russian Federation,,,,8125.773
2011-10-01,Russian Federation,,,,6821.971
2011-11-01,Russian Federation,,,,5951.064
2011-12-01,Russian Federation,,,,5914.869
2012-01-01,Russian Federation,,,,5797.276
2012-02-01,Russian Federation,,,,5212.24
2012-03-01,Russian Federation,,,,6016.628
2012-04-01,Russian Federation,,,,6574.405
2012-05-01,Russian Federation,,,,7411.206
2012-06-01,Russian Federation,,,,8926.637
2012-07-01,Russian Federation,,,,9989.744
2012-08-01,Russian Federation,,,,10253.73
2012-09-01,Russian Federation,,,,8056.066
2012-10-01,Russian Federation,,,,6725.471
2012-11-01,Russian Federation,,,,5664.54
2012-12-01,Russian Federation,,,,5780.766
2013-01-01,Russian Federation,,,,5832.223
2013-02-01,Russian Federation,,,,5287.934
2013-03-01,Russian Federation,,,,6327.858
2013-04-01,Russian Federation,,,,6976.061
2013-05-01,Russian Federation,,,,7789.549
2013-06-01,Russian Federation,,,,9128.74
2013-07-01,Russian Federation,,,,10613.221
2013-08-01,Russian Federation,,,,10897.965
2013-09-01,Russian Federation,,,,9626.972
2013-10-01,Russian Federation,,,,8182.502
2013-11-01,Russian Federation,,,,7034.741
2013-12-01,Russian Federation,,,,6829.383
2014-01-01,Russian Federation,,,,6833.098
2014-02-01,Russian Federation,,,,6186.11
2014-03-01,Russian Federation,,,,7257.068
2014-04-01,Russian Federation,,,,7660.067
2014-05-01,Russian Federation,,,,8884.738
2014-06-01,Russian Federation,,,,10696.684
2014-07-01,Russian Federation,,,,11700.474
2014-08-01,Russian Federation,,,,12012.323
2014-09-01,Russian Federation,,,,9966.509
2014-10-01,Russian Federation,,,,8406.888
2014-11-01,Russian Federation,,,,7150.285
2014-12-01,Russian Federation,,,,7016.24
2015-01-01,Russian Federation,,,,6723.366
2015-02-01,Russian Federation,,,,5853.744
2015-03-01,Russian Federation,,,,6909.739
2015-04-01,Russian Federation,,,,7359.516
2015-05-01,Russian Federation,,,,8870.016
2015-06-01,Russian Federation,,,,10002.495
2015-07-01,Russian Federation,,,,11447.137
2015-08-01,Russian Federation,,,,11708.336
2015-09-01,Russian Federation,,,,9838.177
2015-10-01,Russian Federation,,,,8060.755
2015-11-01,Russian Federation,,,,6265.074
2015-12-01,Russian Federation,,,,6212.076
2016-01-01,Russian Federation,,,,7128.412
2016-02-01,Russian Federation,,,,6595.896
2016-03-01,Russian Federation,,,,7463.848
2016-04-01,Russian Federation,,,,7703.916
2016-05-01,Russian Federation,,,,8896.143
2016-06-01,Russian Federation,,,,10991.697
2016-07-01,Russian Federation,,,,12833.465
2016-08-01,Russian Federation,,,,13063.661
2016-09-01,Russian Federation,,,,11686.119
2016-10-01,Russian Federation,,,,9727.775
2016-11-01,Russian Federation,,,,8212.385
2016-12-01,Russian Federation,,,,8417.127
2017-01-01,Russian Federation,,,,8971.192
2017-02-01,Russian Federation,,,,8419.282
2017-03-01,Russian Federation,,,,9408.195
2017-04-01,Russian Federation,,,,10121.107
2017-05-01,Russian Federation,,,,11713.202
2017-06-01,Russian Federation,,,,13829.827
2017-07-01,Russian Federation,,,,15678.803
2017-08-01,Russian Federation,,,,13548.317
2017-09-01,Russian Federation,,,,11939.786
2017-10-01,Russian Federation,,,,10146.937
2017-11-01,Russian Federation,,,,8521.978
2017-12-01,Russian Federation,,,,8363.697
2014-01-01,Singapore,,,,4597.0
2014-02-01,Singapore,,,,4109.0
2014-03-01,Singapore,,,,4494.0
2014-04-01,Singapore,,,,4384.0
2014-05-01,Singapore,,,,4369.0
2014-06-01,Singapore,,,,4655.0
2014-07-01,Singapore,,,,4582.0
2014-08-01,Singapore,,,,4649.0
2014-09-01,Singapore,,,,4256.0
2014-10-01,Singapore,,,,4490.0
2014-11-01,Singapore,,,,4416.0
2014-12-01,Singapore,,,,5093.0
2015-01-01,Singapore,,,,4420.0
2015-02-01,Singapore,,,,4121.0
2015-03-01,Singapore,,,,4535.0
2015-04-01,Singapore,,,,4391.0
2015-05-01,Singapore,,,,4480.0
2015-06-01,Singapore,,,,4700.0
2015-07-01,Singapore,,,,4894.0
2015-08-01,Singapore,,,,4955.0
2015-09-01,Singapore,,,,4422.0
2015-10-01,Singapore,,,,4601.0
2015-11-01,Singapore,,,,4637.0
2015-12-01,Singapore,,,,5290.0
2016-01-01,Singapore,,,,4860.0
2016-02-01,Singapore,,,,4600.0
2016-03-01,Singapore,,,,4900.0
2016-04-01,Singapore,,,,4790.0
2016-05-01,Singapore,,,,4780.0
2016-06-01,Singapore,,,,4840.0
2016-07-01,Singapore,,,,5180.0
2016-08-01,Singapore,,,,4920.0
2016-09-01,Singapore,,,,4580.0
2016-10-01,Singapore,,,,4770.0
2016-11-01,Singapore,,,,4780.0
2016-12-01,Singapore,,,,5680.0
2017-01-01,Singapore,,,,5260.0
2017-02-01,Singapore,,,,4670.0
2017-03-01,Singapore,,,,5110.0
2017-04-01,Singapore,,,,5170.0
2017-05-01,Singapore,,,,5000.0
2017-06-01,Singapore,,,,5210.0
2017-07-01,Singapore,,,,5420.0
2017-08-01,Singapore,,,,5270.0
2017-09-01,Singapore,,,,4930.0
2017-10-01,Singapore,,,,5160.0
2017-11-01,Singapore,,,,5170.0
2017-12-01,Singapore,,,,5860.0
2010-01-01,El Salvador,,,,177.761
2010-02-01,El Salvador,,,,145.617
2010-03-01,El Salvador,,,,171.134
2010-04-01,El Salvador,,,,153.378
2010-05-01,El Salvador,,,,161.215
2010-06-01,El Salvador,,,,141.344
2010-07-01,El Salvador,,,,205.445
2010-08-01,El Salvador,,,,183.861
2010-09-01,El Salvador,,,,139.466
2010-10-01,El Salvador,,,,135.127
2010-11-01,El Salvador,,,,185.754
2010-12-01,El Salvador,,,,176.224
2011-01-01,El Salvador,,,,185.88
2011-02-01,El Salvador,,,,141.699
2011-03-01,El Salvador,,,,178.825
2011-04-01,El Salvador,,,,166.66
2011-05-01,El Salvador,,,,167.559
2011-06-01,El Salvador,,,,175.22
2011-07-01,El Salvador,,,,180.463
2011-08-01,El Salvador,,,,170.903
2011-09-01,El Salvador,,,,152.692
2011-10-01,El Salvador,,,,150.312
2011-11-01,El Salvador,,,,162.206
2012-01-01,El Salvador,,,,184.34
2012-02-01,El Salvador,,,,160.443
2012-03-01,El Salvador,,,,182.855
2012-04-01,El Salvador,,,,172.987
2012-05-01,El Salvador,,,,165.888
2012-06-01,El Salvador,,,,168.861
2012-07-01,El Salvador,,,,195.388
2012-08-01,El Salvador,,,,188.708
2012-09-01,El Salvador,,,,146.489
2012-10-01,El Salvador,,,,153.908
2012-11-01,El Salvador,,,,194.77
2012-12-01,El Salvador,,,,197.103
2013-01-01,El Salvador,,,,187.331
2013-02-01,El Salvador,,,,142.953
2013-03-01,El Salvador,,,,202.891
2013-04-01,El Salvador,,,,187.268
2013-05-01,El Salvador,,,,177.547
2013-06-01,El Salvador,,,,196.307
2013-07-01,El Salvador,,,,233.225
2013-08-01,El Salvador,,,,230.592
2013-09-01,El Salvador,,,,175.13
2013-10-01,El Salvador,,,,183.175
2013-11-01,El Salvador,,,,215.604
2013-12-01,El Salvador,,,,222.978
2014-01-01,El Salvador,,,,225.951
2014-02-01,El Salvador,,,,195.595
2014-03-01,El Salvador,,,,221.371
2014-04-01,El Salvador,,,,209.281
2014-05-01,El Salvador,,,,211.453
2014-06-01,El Salvador,,,,193.2
2014-07-01,El Salvador,,,,212.833
2014-08-01,El Salvador,,,,207.928
2014-09-01,El Salvador,,,,167.377
2014-10-01,El Salvador,,,,192.526
2014-11-01,El Salvador,,,,191.776
2014-12-01,El Salvador,,,,210.285
2015-01-01,El Salvador,,,,214.903
2015-02-01,El Salvador,,,,183.686
2015-03-01,El Salvador,,,,194.59
2015-04-01,El Salvador,,,,214.205
2015-05-01,El Salvador,,,,206.583
2015-06-01,El Salvador,,,,233.777
2015-07-01,El Salvador,,,,254.42
2015-08-01,El Salvador,,,,265.199
2015-09-01,El Salvador,,,,193.072
2015-10-01,El Salvador,,,,213.609
2015-11-01,El Salvador,,,,267.373
2015-12-01,El Salvador,,,,270.204
2016-01-01,El Salvador,,,,249.195
2016-02-01,El Salvador,,,,204.581
2016-03-01,El Salvador,,,,252.415
2016-04-01,El Salvador,,,,220.86
2016-05-01,El Salvador,,,,237.985
2016-06-01,El Salvador,,,,249.81
2016-07-01,El Salvador,,,,291.525
2016-08-01,El Salvador,,,,272.998
2016-09-01,El Salvador,,,,224.997
2016-10-01,El Salvador,,,,237.04
2016-11-01,El Salvador,,,,241.838
2016-12-01,El Salvador,,,,287.311
2017-01-01,El Salvador,,,,252.867
2017-02-01,El Salvador,,,,221.121
2017-03-01,El Salvador,,,,251.911
2017-04-01,El Salvador,,,,264.744
2017-05-01,El Salvador,,,,251.008
2017-06-01,El Salvador,,,,265.625
2010-01-01,Serbia,,,,156.472
2010-02-01,Serbia,,,,136.604
2010-03-01,Serbia,,,,167.372
2010-04-01,Serbia,,,,173.005
2010-05-01,Serbia,,,,219.751
2010-06-01,Serbia,,,,258.384
2010-07-01,Serbia,,,,352.992
2010-08-01,Serbia,,,,358.75
2010-09-01,Serbia,,,,274.383
2010-10-01,Serbia,,,,226.017
2010-11-01,Serbia,,,,182.651
2010-12-01,Serbia,,,,192.349
2011-01-01,Serbia,,,,178.732
2011-02-01,Serbia,,,,162.813
2011-03-01,Serbia,,,,188.826
2011-04-01,Serbia,,,,240.282
2011-05-01,Serbia,,,,262.974
2011-06-01,Serbia,,,,301.782
2011-07-01,Serbia,,,,384.256
2011-08-01,Serbia,,,,382.787
2011-09-01,Serbia,,,,316.711
2011-10-01,Serbia,,,,272.673
2011-11-01,Serbia,,,,215.017
2011-12-01,Serbia,,,,217.684
2012-01-01,Serbia,,,,214.579
2012-02-01,Serbia,,,,173.606
2012-03-01,Serbia,,,,216.025
2012-04-01,Serbia,,,,267.354
2012-05-01,Serbia,,,,284.522
2012-06-01,Serbia,,,,325.896
2012-07-01,Serbia,,,,409.807
2012-08-01,Serbia,,,,411.34
2012-09-01,Serbia,,,,339.4
2012-10-01,Serbia,,,,275.583
2012-11-01,Serbia,,,,221.078
2012-12-01,Serbia,,,,224.869
2013-01-01,Serbia,,,,210.05
2013-02-01,Serbia,,,,173.396
2013-03-01,Serbia,,,,220.278
2013-04-01,Serbia,,,,251.873
2013-05-01,Serbia,,,,300.993
2013-06-01,Serbia,,,,350.453
2013-07-01,Serbia,,,,432.78
2013-08-01,Serbia,,,,441.088
2013-09-01,Serbia,,,,349.589
2013-10-01,Serbia,,,,294.35
2013-11-01,Serbia,,,,251.047
2013-12-01,Serbia,,,,267.297
2014-01-01,Serbia,,,,270.784
2014-02-01,Serbia,,,,232.065
2014-03-01,Serbia,,,,282.447
2014-04-01,Serbia,,,,368.171
2014-05-01,Serbia,,,,383.773
2014-06-01,Serbia,,,,451.324
2014-07-01,Serbia,,,,539.823
2014-08-01,Serbia,,,,576.461
2014-09-01,Serbia,,,,485.383
2014-10-01,Serbia,,,,406.757
2014-11-01,Serbia,,,,314.696
2014-12-01,Serbia,,,,326.893
2015-01-01,Serbia,,,,308.381
2015-02-01,Serbia,,,,264.813
2015-03-01,Serbia,,,,315.283
2015-04-01,Serbia,,,,381.401
2015-05-01,Serbia,,,,406.121
2015-06-01,Serbia,,,,461.49
2015-07-01,Serbia,,,,564.629
2015-08-01,Serbia,,,,574.654
2015-09-01,Serbia,,,,491.656
2015-10-01,Serbia,,,,401.542
2015-11-01,Serbia,,,,299.115
2015-12-01,Serbia,,,,307.079
2016-01-01,Serbia,,,,290.58
2016-02-01,Serbia,,,,266.734
2016-03-01,Serbia,,,,313.41
2016-04-01,Serbia,,,,365.891
2016-05-01,Serbia,,,,416.332
2016-06-01,Serbia,,,,460.452
2016-07-01,Serbia,,,,589.633
2016-08-01,Serbia,,,,590.647
2016-09-01,Serbia,,,,519.881
2016-10-01,Serbia,,,,439.589
2016-11-01,Serbia,,,,331.98
2016-12-01,Serbia,,,,344.638
2017-01-01,Serbia,,,,329.714
2017-02-01,Serbia,,,,325.184
2017-03-01,Serbia,,,,367.311
2017-04-01,Serbia,,,,444.576
2017-05-01,Serbia,,,,460.219
2017-06-01,Serbia,,,,534.648
2017-07-01,Serbia,,,,662.361
2017-08-01,Serbia,,,,672.271
2017-09-01,Serbia,,,,596.345
2017-10-01,Serbia,,,,512.522
2017-11-01,Serbia,,,,377.213
2017-12-01,Serbia,,,,392.026
2010-01-01,Slovakia,100.151,3.718,96.433,104.303
2010-02-01,Slovakia,98.6,3.861,94.739,102.557
2010-03-01,Slovakia,118.586,4.136,114.45,123.077
2010-04-01,Slovakia,99.046,3.311,95.735,102.837
2010-05-01,Slovakia,135.27,3.352,131.918,139.328
2010-06-01,Slovakia,206.75,3.909,202.841,211.539
2010-07-01,Slovakia,285.183,3.328,281.855,289.253
2010-08-01,Slovakia,280.18,3.75,276.43,285.054
2010-09-01,Slovakia,212.657,3.605,209.052,217.762
2010-10-01,Slovakia,152.733,3.365,149.368,156.793
2010-11-01,Slovakia,100.387,3.239,97.148,104.523
2010-12-01,Slovakia,92.301,2.681,89.62,95.738
2011-01-01,Slovakia,87.902,2.434,85.468,90.729
2011-02-01,Slovakia,84.172,2.529,81.643,87.27
2011-03-01,Slovakia,109.41,2.936,106.474,113.068
2011-04-01,Slovakia,112.56,2.75,109.81,115.543
2011-05-01,Slovakia,125.364,3.598,121.766,129.806
2011-06-01,Slovakia,201.383,3.287,198.096,205.774
2011-07-01,Slovakia,297.661,2.655,295.006,301.323
2011-08-01,Slovakia,288.675,2.758,285.917,291.973
2011-09-01,Slovakia,207.901,2.839,205.062,211.837
2011-10-01,Slovakia,131.389,2.868,128.521,135.16
2011-11-01,Slovakia,83.21,3.037,80.173,87.561
2011-12-01,Slovakia,78.56,2.443,76.117,81.441
2012-01-01,Slovakia,71.757,2.123,69.634,73.769
2012-02-01,Slovakia,69.899,2.249,67.65,72.156
2012-03-01,Slovakia,85.778,2.699,83.079,90.513
2012-04-01,Slovakia,100.7,2.731,97.969,107.194
2012-05-01,Slovakia,111.205,2.935,108.27,117.367
2012-06-01,Slovakia,180.483,2.775,177.708,189.022
2012-07-01,Slovakia,265.09,2.906,262.184,273.899
2012-08-01,Slovakia,258.506,2.821,255.685,275.639
2012-09-01,Slovakia,185.096,2.601,182.495,194.073
2012-10-01,Slovakia,109.71,2.885,106.825,121.425
2012-11-01,Slovakia,59.878,1.663,58.215,65.252
2012-12-01,Slovakia,65.095,1.279,63.816,71.562
2013-01-01,Slovakia,55.993,2.434,53.559,61.975
2013-02-01,Slovakia,53.125,2.587,50.538,57.293
2013-03-01,Slovakia,71.454,2.695,68.759,81.04
2013-04-01,Slovakia,98.937,2.453,96.484,107.976
2013-05-01,Slovakia,110.277,2.698,107.579,116.882
2013-06-01,Slovakia,185.694,3.013,182.681,189.72
2013-07-01,Slovakia,276.905,0.704,276.201,281.146
2013-08-01,Slovakia,262.225,1.044,261.181,265.915
2013-09-01,Slovakia,181.768,0.349,181.419,183.601
2013-10-01,Slovakia,112.649,0.678,111.971,114.235
2013-11-01,Slovakia,72.152,0.367,71.785,72.839
2013-12-01,Slovakia,75.97,0.696,75.274,77.621
2014-01-01,Slovakia,67.546,1.533,66.013,179.3332121
2014-02-01,Slovakia,60.235,1.627,58.608,14.412
2014-03-01,Slovakia,74.434,1.514,72.92,16.689
2014-04-01,Slovakia,97.31,1.985,95.325,335.671
2014-05-01,Slovakia,105.317,1.612,103.705,18.876
2014-06-01,Slovakia,184.032,2.632,181.4,40.481
2014-07-01,Slovakia,302.119,1.799,300.32,306.346
2014-08-01,Slovakia,287.902,1.678,286.224,291.958
2014-09-01,Slovakia,199.914,2.313,197.601,204.265
2014-10-01,Slovakia,114.021,2.143,111.878,117.75
2014-11-01,Slovakia,88.618,1.737,86.881,91.04
2014-12-01,Slovakia,89.842,1.617,88.225,95.554
2015-01-01,Slovakia,82.613,1.474,81.139,85.014
2015-02-01,Slovakia,80.303,1.776,78.527,82.325
2015-03-01,Slovakia,100.387,1.457,98.93,102.801
2015-04-01,Slovakia,115.763,1.853,113.91,118.359
2015-05-01,Slovakia,124.913,1.705,123.208,127.222
2015-06-01,Slovakia,212.577,2.212,210.365,215.102
2015-07-01,Slovakia,321.313,1.389,319.924,324.168
2015-08-01,Slovakia,315.727,1.246,314.481,317.394
2015-09-01,Slovakia,215.955,2.033,213.922,218.412
2015-10-01,Slovakia,137.974,2.006,135.968,141.585
2015-11-01,Slovakia,115.177,2.312,112.865,118.367
2015-12-01,Slovakia,120.954,2.123,118.831,124.011
2016-01-01,Slovakia,119.327,1.769,117.558,121.364
2016-02-01,Slovakia,116.256,2.804,113.452,118.324
2016-03-01,Slovakia,127.283,2.283,125.0,130.536
2016-04-01,Slovakia,144.646,2.035,142.611,146.899
2016-05-01,Slovakia,157.114,2.116,154.998,161.173
2016-06-01,Slovakia,202.929,2.866,200.063,208.079
2016-07-01,Slovakia,320.954,1.34,319.614,324.554
2016-08-01,Slovakia,319.938,1.461,318.477,322.161
2016-09-01,Slovakia,231.816,1.937,229.879,234.19
2016-10-01,Slovakia,162.512,1.734,160.778,164.976
2016-11-01,Slovakia,125.568,2.458,123.11,128.562
2016-12-01,Slovakia,129.918,2.097,127.821,132.376
2017-01-01,Slovakia,121.538,1.785,119.753,124.245
2017-02-01,Slovakia,111.195,2.112,109.083,114.897
2017-03-01,Slovakia,133.759,2.478,131.281,135.856
2017-04-01,Slovakia,149.353,1.578,147.775,151.12
2017-05-01,Slovakia,159.894,1.917,157.977,162.358
2017-06-01,Slovakia,231.068,2.12,228.948,234.207
2017-07-01,Slovakia,380.555,1.813,378.742,383.925
2017-08-01,Slovakia,375.234,1.789,373.445,377.191
2017-09-01,Slovakia,269.858,1.945,267.913,272.791
2017-10-01,Slovakia,176.187,1.98,174.207,179.081
2017-11-01,Slovakia,146.118,2.674,143.444,149.271
2017-12-01,Slovakia,147.892,2.011,145.881,151.982
2018-01-01,Slovakia,142.392,2.106,140.286,
2018-02-01,Slovakia,132.061,1.966,130.095,
2018-03-01,Slovakia,158.736,1.857,156.879,
2018-04-01,Slovakia,185.312,1.524,183.788,
2018-05-01,Slovakia,189.501,1.471,188.03,
2018-06-01,Slovakia,285.75,2.019,283.731,
2018-07-01,Slovakia,437.365,1.011,436.354,
2018-08-01,Slovakia,428.605,1.096,427.509,
2018-09-01,Slovakia,302.818,1.75,301.068,
2018-10-01,Slovakia,197.906,2.087,195.819,
2018-11-01,Slovakia,166.346,2.247,164.099,
2018-12-01,Slovakia,167.302,1.55,165.752,
2010-01-01,Slovenia,77.426,,77.426,77.807
2010-02-01,Slovenia,73.821,,73.821,74.227
2010-03-01,Slovenia,87.937,,87.937,88.554
2010-04-01,Slovenia,49.478,,49.478,49.726
2010-05-01,Slovenia,122.92,,122.92,123.446
2010-06-01,Slovenia,143.262,,143.262,143.998
2010-07-01,Slovenia,188.943,,188.943,189.537
2010-08-01,Slovenia,196.193,,196.193,196.639
2010-09-01,Slovenia,156.074,0.011,156.063,156.847
2010-10-01,Slovenia,121.76,0.072,121.688,122.29
2010-11-01,Slovenia,84.918,,84.918,85.456
2010-12-01,Slovenia,79.609,,79.609,80.124
2011-01-01,Slovenia,76.725,,76.725,77.242
2011-02-01,Slovenia,73.379,,73.379,73.833
2011-03-01,Slovenia,88.116,0.053,88.063,88.558
2011-04-01,Slovenia,105.974,0.066,105.908,106.537
2011-05-01,Slovenia,117.676,,117.676,118.225
2011-06-01,Slovenia,142.041,,142.041,142.693
2011-07-01,Slovenia,172.26,,172.26,172.646
2011-08-01,Slovenia,167.795,,167.795,168.82
2011-09-01,Slovenia,147.196,,147.196,148.982
2011-10-01,Slovenia,112.567,,112.567,112.677
2011-11-01,Slovenia,82.91,,82.91,83.008
2011-12-01,Slovenia,72.153,,72.153,72.153
2012-01-01,Slovenia,66.588,,66.588,66.588
2012-02-01,Slovenia,68.612,,68.612,68.708
2012-03-01,Slovenia,82.513,,82.513,82.513
2012-04-01,Slovenia,93.078,,93.078,93.078
2012-05-01,Slovenia,100.19,,100.19,100.19
2012-06-01,Slovenia,116.17,,116.17,116.17
2012-07-01,Slovenia,143.571,,143.571,143.606
2012-08-01,Slovenia,135.835,,135.835,135.835
2012-09-01,Slovenia,126.808,,126.808,126.808
2012-10-01,Slovenia,94.825,,94.825,94.825
2012-11-01,Slovenia,76.379,,76.379,76.379
2012-12-01,Slovenia,63.308,,63.308,63.308
2013-01-01,Slovenia,64.366,,64.366,64.434
2013-02-01,Slovenia,65.692,,65.692,65.656
2013-03-01,Slovenia,81.785,,81.785,82.153
2013-04-01,Slovenia,97.807,,97.807,98.081
2013-05-01,Slovenia,115.488,,115.488,115.488
2013-06-01,Slovenia,128.936,,128.936,129.032
2013-07-01,Slovenia,152.199,,152.199,152.266
2013-08-01,Slovenia,153.564,,153.564,153.64
2013-09-01,Slovenia,135.136,,135.136,135.529
2013-10-01,Slovenia,109.756,,109.756,110.146
2013-11-01,Slovenia,83.513,,83.513,83.63
2013-12-01,Slovenia,77.524,,77.524,77.524
2014-01-01,Slovenia,75.317,,75.317,75.317
2014-02-01,Slovenia,75.132,,75.132,75.132
2014-03-01,Slovenia,86.324,,86.324,86.324
2014-04-01,Slovenia,99.129,,99.129,99.129
2014-05-01,Slovenia,107.401,,107.401,107.401
2014-06-01,Slovenia,127.746,,127.746,127.837
2014-07-01,Slovenia,147.871,,147.871,147.871
2014-08-01,Slovenia,162.798,,162.798,162.867
2014-09-01,Slovenia,143.071,,143.071,143.071
2014-10-01,Slovenia,117.44,,117.44,117.491
2014-11-01,Slovenia,84.507,,84.507,84.507
2014-12-01,Slovenia,80.392,,80.392,80.432
2015-01-01,Slovenia,73.096,,73.096,73.096
2015-02-01,Slovenia,72.252,,72.252,72.265
2015-03-01,Slovenia,90.902,,90.902,90.902
2015-04-01,Slovenia,112.31,,112.31,112.31
2015-05-01,Slovenia,128.07,,128.07,128.411
2015-06-01,Slovenia,149.291,,149.291,149.541
2015-07-01,Slovenia,171.445,,171.445,171.772
2015-08-01,Slovenia,179.59,,179.59,179.773
2015-09-01,Slovenia,157.02,0.132,156.888,157.508
2015-10-01,Slovenia,127.953,,127.953,128.478
2015-11-01,Slovenia,93.8,,93.8,93.944
2015-12-01,Slovenia,80.274,,80.274,80.304
2016-01-01,Slovenia,73.494,,73.494,73.567
2016-02-01,Slovenia,77.976,,77.976,77.976
2016-03-01,Slovenia,93.923,,93.923,93.923
2016-04-01,Slovenia,100.549,,100.549,100.549
2016-05-01,Slovenia,116.499,,116.499,116.499
2016-06-01,Slovenia,135.757,,135.757,135.757
2016-07-01,Slovenia,163.219,,163.219,163.267
2016-08-01,Slovenia,165.069,,165.069,165.137
2016-09-01,Slovenia,151.446,,151.446,151.658
2016-10-01,Slovenia,131.941,,131.941,132.081
2016-11-01,Slovenia,98.97,,98.97,99.082
2016-12-01,Slovenia,95.309,,95.309,95.335
2017-01-01,Slovenia,89.396,,89.396,89.396
2017-02-01,Slovenia,89.864,,89.864,89.995
2017-03-01,Slovenia,108.964,,108.964,108.964
2017-04-01,Slovenia,132.239,,132.239,132.239
2017-05-01,Slovenia,146.257,,146.257,146.257
2017-06-01,Slovenia,155.99,,155.99,156.092
2017-07-01,Slovenia,198.138,,198.138,198.138
2017-08-01,Slovenia,196.416,,196.416,196.416
2017-09-01,Slovenia,180.38,,180.38,180.38
2017-10-01,Slovenia,153.588,,153.588,153.641
2017-11-01,Slovenia,121.52,,121.52,121.52
2017-12-01,Slovenia,109.381,,109.381,110.007
2018-01-01,Slovenia,100.366,,100.366,
2018-02-01,Slovenia,99.125,,99.125,
2018-03-01,Slovenia,129.806,,129.806,
2018-04-01,Slovenia,157.514,,157.514,
2018-05-01,Slovenia,167.716,,167.716,
2018-06-01,Slovenia,175.795,,175.795,
2018-07-01,Slovenia,199.129,,199.129,
2018-08-01,Slovenia,202.259,,202.259,
2018-09-01,Slovenia,191.453,,191.453,
2018-10-01,Slovenia,161.433,,161.433,
2018-11-01,Slovenia,117.375,,117.375,
2018-12-01,Slovenia,108.596,,108.596,
2010-01-01,Sweden,1750.487,416.197,1334.29,2107.887
2010-02-01,Sweden,1805.106,500.617,1304.489,2230.51
2010-03-01,Sweden,2213.762,620.589,1593.173,2747.89
2010-04-01,Sweden,1611.699,363.159,1248.54,1918.456
2010-05-01,Sweden,2424.184,565.374,1858.81,2904.677
2010-06-01,Sweden,2556.704,519.314,2037.39,2998.005
2010-07-01,Sweden,2403.868,340.095,2063.773,2680.033
2010-08-01,Sweden,2504.682,468.258,2036.424,2895.591
2010-09-01,Sweden,2599.314,599.448,1999.866,3107.879
2010-10-01,Sweden,2533.992,611.917,1922.075,3052.701
2010-11-01,Sweden,2224.991,604.654,1620.337,2755.744
2010-12-01,Sweden,2017.975,510.77,1507.205,2464.895
2011-01-01,Sweden,1953.084,461.523,1491.561,2347.069
2011-02-01,Sweden,1944.805,522.275,1422.53,2389.911
2011-03-01,Sweden,2344.965,635.912,1709.053,2884.872
2011-04-01,Sweden,2426.121,578.272,1847.849,2903.265
2011-05-01,Sweden,2776.014,692.965,2083.049,3350.513
2011-06-01,Sweden,2817.887,564.668,2253.219,3284.396
2011-07-01,Sweden,2700.228,399.269,2300.959,3042.726
2011-08-01,Sweden,2698.423,516.576,2181.847,3124.256
2011-09-01,Sweden,2816.92,656.457,2160.463,3353.114
2011-10-01,Sweden,2727.798,671.283,2056.515,3288.969
2011-11-01,Sweden,2366.802,665.08,1701.722,2930.908
2011-12-01,Sweden,2159.2,565.565,1593.635,2643.83
2012-01-01,Sweden,2063.957,520.777,1543.18,5137.484
2012-02-01,Sweden,2095.665,577.553,1518.112,5301.2
2012-03-01,Sweden,2459.172,672.41,1786.762,6213.728
2012-04-01,Sweden,2516.209,600.828,1915.381,6197.638
2012-05-01,Sweden,2806.208,683.221,2122.987,6936.382
2012-06-01,Sweden,2877.018,558.438,2318.58,6856.692
2012-07-01,Sweden,2729.52,397.654,2331.866,6261.704
2012-08-01,Sweden,2754.328,526.709,2227.619,6548.35
2012-09-01,Sweden,2810.983,636.771,2174.212,6883.164
2012-10-01,Sweden,2765.716,683.715,2082.001,6854.058
2012-11-01,Sweden,2393.372,671.986,1721.386,6088.162
2012-12-01,Sweden,2078.701,488.036,1590.665,5114.138
2013-01-01,Sweden,2031.207,497.631,1533.576,2516.557
2013-02-01,Sweden,2028.734,532.475,1496.259,2542.938
2013-03-01,Sweden,2404.753,605.886,1798.867,2992.278
2013-04-01,Sweden,2580.425,624.125,1956.3,3186.532
2013-05-01,Sweden,2910.807,692.591,2218.216,3589.594
2013-06-01,Sweden,3014.715,558.653,2456.062,3569.639
2013-07-01,Sweden,2963.348,421.1,2542.248,3386.992
2013-08-01,Sweden,2941.941,535.027,2406.914,3473.217
2013-09-01,Sweden,2959.758,672.026,2287.732,3622.927
2013-10-01,Sweden,2900.813,706.293,2194.52,3588.009
2013-11-01,Sweden,2459.147,677.268,1781.879,3118.119
2013-12-01,Sweden,2247.577,540.58,1706.997,2775.459
2014-01-01,Sweden,2171.02,532.187,1638.833,2689.931
2014-02-01,Sweden,2142.331,564.918,1577.413,2687.795
2014-03-01,Sweden,2515.145,660.022,1855.123,3158.605
2014-04-01,Sweden,2707.337,628.325,2079.012,3329.087
2014-05-01,Sweden,2978.26,678.956,2299.304,3651.612
2014-06-01,Sweden,3237.905,644.197,2593.708,3876.258
2014-07-01,Sweden,3105.789,439.05,2666.739,3543.705
2014-08-01,Sweden,3070.232,560.08,2510.152,3626.474
2014-09-01,Sweden,3033.431,693.742,2339.689,3721.914
2014-10-01,Sweden,3013.014,725.61,2287.404,3732.308
2014-11-01,Sweden,2481.019,674.194,1806.825,3142.329
2014-12-01,Sweden,2310.56,554.46,1756.1,2853.36
2015-01-01,Sweden,2201.578,513.791,1687.787,2711.581
2015-02-01,Sweden,2205.212,560.57,1644.642,2757.487
2015-03-01,Sweden,2598.818,669.911,1928.907,3257.887
2015-04-01,Sweden,2767.361,640.906,2126.455,3401.939
2015-05-01,Sweden,3060.472,675.39,2385.082,3737.988
2015-06-01,Sweden,3289.8,635.044,2654.756,3935.739
2015-07-01,Sweden,3282.679,459.563,2823.116,3758.88
2015-08-01,Sweden,3211.651,578.437,2633.214,3800.056
2015-09-01,Sweden,3232.347,716.848,2515.499,3957.854
2015-10-01,Sweden,3118.744,714.459,2404.285,3832.173
2015-11-01,Sweden,2626.889,712.134,1914.755,3331.942
2015-12-01,Sweden,2415.712,569.799,1845.913,2978.765
2016-01-01,Sweden,2327.305,523.972,1803.333,2846.618
2016-02-01,Sweden,2426.724,614.077,1812.647,3030.996
2016-03-01,Sweden,2824.061,669.809,2154.252,3485.122
2016-04-01,Sweden,2857.043,690.817,2166.226,3534.72
2016-05-01,Sweden,3248.608,712.881,2535.727,3958.111
2016-06-01,Sweden,3379.659,615.244,2764.415,4001.225
2016-07-01,Sweden,3482.287,490.362,2991.925,3990.51
2016-08-01,Sweden,3355.74,589.035,2766.705,3952.347
2016-09-01,Sweden,3361.783,732.609,2629.174,4096.795
2016-10-01,Sweden,3227.602,735.701,2491.901,3958.709
2016-11-01,Sweden,2799.992,711.81,2088.182,3507.321
2016-12-01,Sweden,2661.754,615.289,2046.465,3276.963
2017-01-01,Sweden,2548.194,564.502,1983.692,3104.786
2017-02-01,Sweden,2516.505,609.54,1906.965,3113.492
2017-03-01,Sweden,2960.279,723.294,2236.985,3669.282
2017-04-01,Sweden,3124.891,638.226,2486.665,3780.192
2017-05-01,Sweden,3553.039,741.344,2811.695,4279.427
2017-06-01,Sweden,3681.663,638.762,3042.901,4372.196
2017-07-01,Sweden,3790.568,522.499,3268.069,4329.312
2017-08-01,Sweden,3637.417,617.4,3020.017,4261.857
2017-09-01,Sweden,3557.4,727.001,2830.399,4289.127
2017-10-01,Sweden,3423.537,759.065,2664.472,4177.062
2017-11-01,Sweden,2929.925,724.019,2205.906,3644.23
2017-12-01,Sweden,2732.795,593.718,2139.077,3321.225
2018-01-01,Sweden,2645.161,567.594,2077.567,
2018-02-01,Sweden,2603.039,596.902,2006.137,
2018-03-01,Sweden,3142.067,685.707,2456.36,
2018-04-01,Sweden,3235.259,670.78,2564.479,
2018-05-01,Sweden,3540.823,732.058,2808.765,
2018-06-01,Sweden,3731.574,615.852,3115.722,
2018-07-01,Sweden,3837.942,521.131,3316.811,
2018-08-01,Sweden,3671.69,608.948,3062.742,
2018-09-01,Sweden,3523.997,670.419,2853.578,
2018-10-01,Sweden,3399.993,728.146,2671.847,
2018-11-01,Sweden,2898.917,685.674,2213.243,
2018-12-01,Sweden,2714.634,556.808,2157.826,
2010-01-01,Thailand,5740.736,2197.544,3543.192,
2010-02-01,Thailand,5345.134,2005.93,3339.204,
2010-03-01,Thailand,5438.72,2028.256,3410.464,
2010-04-01,Thailand,4590.318,1736.617,2853.701,
2010-05-01,Thailand,3615.066,1392.546,2222.52,
2010-06-01,Thailand,3616.398,1311.317,2305.081,
2010-07-01,Thailand,4680.015,1692.133,2987.882,
2010-08-01,Thailand,4767.335,1746.394,3020.941,
2010-09-01,Thailand,4338.717,1558.458,2780.259,
2010-10-01,Thailand,4821.515,1908.782,2912.733,
2010-11-01,Thailand,4935.484,1894.016,3041.468,
2010-12-01,Thailand,5535.646,2122.748,3412.898,
2011-01-01,Thailand,6156.793,2274.232,3882.561,
2011-02-01,Thailand,5854.798,2139.462,3715.336,
2011-03-01,Thailand,6027.218,2184.701,3842.517,
2011-04-01,Thailand,5596.506,2076.724,3519.782,
2011-05-01,Thailand,5026.279,1821.425,3204.854,
2011-06-01,Thailand,4836.024,1706.725,3129.299,
2011-07-01,Thailand,5773.555,2103.913,3669.642,
2011-08-01,Thailand,5756.842,2123.902,3632.94,
2011-09-01,Thailand,5165.499,1878.663,3286.836,
2011-10-01,Thailand,5088.081,1878.35,3209.731,
2011-11-01,Thailand,5194.525,1879.776,3314.749,
2011-12-01,Thailand,5824.546,2121.987,3702.559,
2012-01-01,Thailand,6717.806,2610.72,4107.086,
2012-02-01,Thailand,6295.787,2403.789,3891.998,
2012-03-01,Thailand,6608.807,2460.604,4148.203,
2012-04-01,Thailand,6334.758,2397.372,3937.386,
2012-05-01,Thailand,5609.089,2098.54,3510.549,
2012-06-01,Thailand,5473.106,1991.105,3482.001,
2012-07-01,Thailand,6173.35,2260.805,3912.545,
2012-08-01,Thailand,6501.871,2467.533,4034.338,
2012-09-01,Thailand,5629.117,2056.979,3572.138,
2012-10-01,Thailand,5525.993,2119.487,3406.506,
2012-11-01,Thailand,4728.922,1973.498,2755.424,
2012-12-01,Thailand,5922.698,2362.963,3559.735,
2013-01-01,Thailand,7665.428,2856.271,4809.157,
2013-02-01,Thailand,7396.492,2728.097,4668.395,
2013-03-01,Thailand,7987.04,2968.293,5018.747,
2013-04-01,Thailand,7340.021,2726.065,4613.956,
2013-05-01,Thailand,6761.358,2544.196,4217.162,
2013-06-01,Thailand,6538.892,2313.412,4225.48,
2013-07-01,Thailand,7149.21,2619.616,4529.594,
2013-08-01,Thailand,7676.874,2858.723,4818.151,
2013-09-01,Thailand,6831.067,2565.602,4265.465,
2013-10-01,Thailand,6434.123,2442.937,3991.186,
2013-11-01,Thailand,6866.558,2493.063,4373.495,
2013-12-01,Thailand,7487.899,2754.11,4733.789,
2014-01-01,Thailand,8089.911,3282.039,4807.872,8089.911
2014-02-01,Thailand,7295.372,3011.982,4283.39,7295.372
2014-03-01,Thailand,7737.756,3268.214,4469.542,7737.756
2014-04-01,Thailand,7610.519,3267.183,4343.336,7610.519
2014-05-01,Thailand,6664.287,2872.392,3791.895,6664.287
2014-06-01,Thailand,5838.276,2558.325,3279.951,5838.276
2014-07-01,Thailand,6936.275,3045.698,3890.577,6936.275
2014-08-01,Thailand,7749.707,3362.081,4387.626,7749.707
2014-09-01,Thailand,6705.882,2825.766,3880.116,6705.882
2014-10-01,Thailand,7336.947,2867.98,4468.967,8160.7
2014-11-01,Thailand,7571.452,2865.23,4706.222,8379.967
2014-12-01,Thailand,8036.049,3150.053,4885.996,9359.693
2015-01-01,Thailand,9519.564,4053.382,5466.182,9519.561
2015-02-01,Thailand,9180.195,3838.976,5341.219,9180.195
2015-03-01,Thailand,9723.763,4100.073,5623.69,9723.762
2015-04-01,Thailand,9229.329,3918.863,5310.466,9229.329
2015-05-01,Thailand,8605.741,3686.001,4919.74,8605.741
2015-06-01,Thailand,8044.421,3381.199,4663.222,8044.412
2015-07-01,Thailand,9272.962,3974.227,5298.735,9272.962
2015-08-01,Thailand,9592.841,4138.377,5454.464,9592.836
2015-09-01,Thailand,7720.738,3457.9,4262.838,7720.738
2015-10-01,Thailand,8160.7,3574.568,4586.132,9097.094
2015-11-01,Thailand,8379.967,3435.984,4943.983,9476.683
2015-12-01,Thailand,9359.693,3893.304,5466.389,10353.665
2016-01-01,Thailand,10919.106,4696.301,6222.805,10919.106
2016-02-01,Thailand,10686.642,4498.84,6187.802,10686.642
2016-03-01,Thailand,10719.026,4449.571,6269.455,10719.026
2016-04-01,Thailand,10239.61,4334.646,5904.964,10239.61
2016-05-01,Thailand,9633.787,4246.889,5386.898,9633.787
2016-06-01,Thailand,8874.089,3860.278,5013.811,8874.089
2016-07-01,Thailand,10562.337,4578.636,5983.701,10562.337
2016-08-01,Thailand,10473.197,4528.854,5944.343,10473.197
2016-09-01,Thailand,8888.754,3908.608,4980.146,8888.754
2016-10-01,Thailand,9097.094,4178.103,4918.991,9654.65
2016-11-01,Thailand,9476.683,4172.057,5304.626,9768.324
2016-12-01,Thailand,10353.673,4404.514,5949.159,11273.057
2017-01-01,Thailand,12089.976,5425.08,6664.896,12090.013
2017-02-01,Thailand,11177.333,4835.749,6341.584,11177.347
2017-03-01,Thailand,11627.808,5040.725,6587.083,11627.49
2017-04-01,Thailand,11133.376,4782.017,6351.359,11133.135
2017-05-01,Thailand,10196.045,4416.666,5779.379,10196.045
2017-06-01,Thailand,9826.108,4203.164,5622.944,9826.11
2017-07-01,Thailand,11184.018,4713.718,6470.3,11183.999
2017-08-01,Thailand,11400.918,4832.571,6568.347,11400.96
2017-09-01,Thailand,9844.193,4216.343,5627.85,9844.197
2017-10-01,Thailand,9676.856,4547.981,5128.875,10851.529
2017-11-01,Thailand,9768.942,4549.494,5219.448,11330.033
2017-12-01,Thailand,11273.828,5095.953,6177.875,12455.384
2018-01-01,Thailand,12791.556,5440.504,7351.052,
2018-02-01,Thailand,12125.07,4991.169,7133.901,
2018-03-01,Thailand,12838.308,5296.297,7542.011,
2018-04-01,Thailand,12138.066,5128.094,7009.972,
2018-05-01,Thailand,11005.978,4791.013,6214.965,
2018-06-01,Thailand,10672.217,4459.425,6212.792,
2018-07-01,Thailand,11684.349,4895.884,6788.465,
2018-08-01,Thailand,11728.824,4938.164,6790.66,
2018-09-01,Thailand,9897.229,4217.348,5679.881,
2018-10-01,Thailand,10851.525,4764.029,6087.496,
2018-11-01,Thailand,11330.047,4844.084,6485.963,
2018-12-01,Thailand,12455.319,5262.946,7192.373,
2010-01-01,Türkiye,,,,5144.656
2010-02-01,Türkiye,,,,5018.51
2010-03-01,Türkiye,,,,5917.141
2010-04-01,Türkiye,,,,6367.832
2010-05-01,Türkiye,,,,8825.846
2010-06-01,Türkiye,,,,9789.216
2010-07-01,Türkiye,,,,11568.65
2010-08-01,Türkiye,,,,11194.102
2010-09-01,Türkiye,,,,10122.376
2010-10-01,Türkiye,,,,9180.777
2010-11-01,Türkiye,,,,6490.348
2010-12-01,Türkiye,,,,5944.162
2011-01-01,Türkiye,,,,5725.061
2011-02-01,Türkiye,,,,5863.271
2011-03-01,Türkiye,,,,6688.345
2011-04-01,Türkiye,,,,7967.175
2011-05-01,Türkiye,,,,10117.06
2011-06-01,Türkiye,,,,11257.947
2011-07-01,Türkiye,,,,13153.865
2011-08-01,Türkiye,,,,12120.645
2011-09-01,Türkiye,,,,12124.676
2011-10-01,Türkiye,,,,10202.235
2011-11-01,Türkiye,,,,7487.235
2011-12-01,Türkiye,,,,6488.238
2012-01-01,Türkiye,,,,6797.573
2012-02-01,Türkiye,,,,6410.746
2012-03-01,Türkiye,,,,7664.606
2012-04-01,Türkiye,,,,8917.754
2012-05-01,Türkiye,,,,10748.821
2012-06-01,Türkiye,,,,12305.625
2012-07-01,Türkiye,,,,13803.952
2012-08-01,Türkiye,,,,13814.868
2012-09-01,Türkiye,,,,13146.036
2012-10-01,Türkiye,,,,11380.75
2012-11-01,Türkiye,,,,8149.913
2012-12-01,Türkiye,,,,7496.546
2013-01-01,Türkiye,,,,7811.233
2013-02-01,Türkiye,,,,7873.97
2013-03-01,Türkiye,,,,9162.528
2013-04-01,Türkiye,,,,10198.209
2013-05-01,Türkiye,,,,12913.371
2013-06-01,Türkiye,,,,14292.728
2013-07-01,Türkiye,,,,14878.565
2013-08-01,Türkiye,,,,16171.904
2013-09-01,Türkiye,,,,15138.807
2013-10-01,Türkiye,,,,13440.451
2013-11-01,Türkiye,,,,9663.234
2013-12-01,Türkiye,,,,8912.88
2014-01-01,Türkiye,,,,10133.917
2014-02-01,Türkiye,,,,9758.416
2014-03-01,Türkiye,,,,10904.312
2014-04-01,Türkiye,,,,12649.2
2014-05-01,Türkiye,,,,14911.994
2014-06-01,Türkiye,,,,16563.648
2014-07-01,Türkiye,,,,16833.301
2014-08-01,Türkiye,,,,18938.711
2014-09-01,Türkiye,,,,16729.26
2014-10-01,Türkiye,,,,15108.95
2014-11-01,Türkiye,,,,11413.228
2014-12-01,Türkiye,,,,10819.249
2015-01-01,Türkiye,,,,11121.392
2015-02-01,Türkiye,,,,10204.844
2015-03-01,Türkiye,,,,11935.143
2015-04-01,Türkiye,,,,13465.465
2015-05-01,Türkiye,,,,16442.955
2015-06-01,Türkiye,,,,17344.776
2015-07-01,Türkiye,,,,19579.213
2015-08-01,Türkiye,,,,21106.396
2015-09-01,Türkiye,,,,18471.735
2015-10-01,Türkiye,,,,16279.442
2015-11-01,Türkiye,,,,12411.915
2015-12-01,Türkiye,,,,11970.209
2016-01-01,Türkiye,,,,12046.99
2016-02-01,Türkiye,,,,11661.675
2016-03-01,Türkiye,,,,12650.726
2016-04-01,Türkiye,,,,13709.431
2016-05-01,Türkiye,,,,15593.286
2016-06-01,Türkiye,,,,14596.098
2016-07-01,Türkiye,,,,16932.479
2016-08-01,Türkiye,,,,18446.764
2016-09-01,Türkiye,,,,17072.748
2016-10-01,Türkiye,,,,15891.202
2016-11-01,Türkiye,,,,12374.385
2016-12-01,Türkiye,,,,12020.397
2017-01-01,Türkiye,,,,11435.66
2017-02-01,Türkiye,,,,11045.672
2017-03-01,Türkiye,,,,12814.709
2017-04-01,Türkiye,,,,14733.355
2017-05-01,Türkiye,,,,16653.99
2017-06-01,Türkiye,,,,17082.239
2017-07-01,Türkiye,,,,21192.748
2017-08-01,Türkiye,,,,21524.111
2017-09-01,Türkiye,,,,19763.161
2017-10-01,Türkiye,,,,17691.934
2017-11-01,Türkiye,,,,14256.813
2017-12-01,Türkiye,,,,14144.563
2014-01-01,"Taiwan, Province of China",,,,381.848
2014-02-01,"Taiwan, Province of China",,,,399.227
2014-03-01,"Taiwan, Province of China",,,,419.216
2014-04-01,"Taiwan, Province of China",,,,475.66
2014-05-01,"Taiwan, Province of China",,,,481.904
2014-06-01,"Taiwan, Province of China",,,,488.154
2014-07-01,"Taiwan, Province of China",,,,551.089
2014-08-01,"Taiwan, Province of China",,,,495.006
2014-09-01,"Taiwan, Province of China",,,,419.568
2014-10-01,"Taiwan, Province of China",,,,4578.504
2014-11-01,"Taiwan, Province of China",,,,4350.672
2014-12-01,"Taiwan, Province of China",,,,4520.538
2015-01-01,"Taiwan, Province of China",,,,4210.604
2015-02-01,"Taiwan, Province of China",,,,4572.474
2015-03-01,"Taiwan, Province of China",,,,4576.487
2015-04-01,"Taiwan, Province of China",,,,4829.986
2015-05-01,"Taiwan, Province of China",,,,4937.645
2015-06-01,"Taiwan, Province of China",,,,4927.467
2015-07-01,"Taiwan, Province of China",,,,5251.109
2015-08-01,"Taiwan, Province of China",,,,5252.613
2015-09-01,"Taiwan, Province of China",,,,4625.343
2015-10-01,"Taiwan, Province of China",,,,5040.49
2015-11-01,"Taiwan, Province of China",,,,4815.013
2015-12-01,"Taiwan, Province of China",,,,4869.986
2016-01-01,"Taiwan, Province of China",,,,4863.934
2016-02-01,"Taiwan, Province of China",,,,5195.484
2016-03-01,"Taiwan, Province of China",,,,5094.498
2016-04-01,"Taiwan, Province of China",,,,5281.101
2016-05-01,"Taiwan, Province of China",,,,5362.23
2016-06-01,"Taiwan, Province of China",,,,5507.454
2016-07-01,"Taiwan, Province of China",,,,5864.339
2016-08-01,"Taiwan, Province of China",,,,5565.942
2016-09-01,"Taiwan, Province of China",,,,4937.198
2016-10-01,"Taiwan, Province of China",,,,5186.552
2016-11-01,"Taiwan, Province of China",,,,4948.23
2016-12-01,"Taiwan, Province of China",,,,5180.754
2017-01-01,"Taiwan, Province of China",,,,5203.157
2017-02-01,"Taiwan, Province of China",,,,4942.651
2017-03-01,"Taiwan, Province of China",,,,5186.336
2017-04-01,"Taiwan, Province of China",,,,5587.3
2017-05-01,"Taiwan, Province of China",,,,5699.015
2017-06-01,"Taiwan, Province of China",,,,5604.685
2017-07-01,"Taiwan, Province of China",,,,5944.748
2017-08-01,"Taiwan, Province of China",,,,5966.32
2017-09-01,"Taiwan, Province of China",,,,4983.202
2017-10-01,"Taiwan, Province of China",,,,5674.455
2017-11-01,"Taiwan, Province of China",,,,5380.344
2017-12-01,"Taiwan, Province of China",,,,5536.856
2010-01-01,Ukraine,,,,554.659
2010-02-01,Ukraine,,,,474.482
2010-03-01,Ukraine,,,,597.228
2010-04-01,Ukraine,,,,626.854
2010-05-01,Ukraine,,,,881.789
2010-06-01,Ukraine,,,,998.511
2010-07-01,Ukraine,,,,1180.515
2010-08-01,Ukraine,,,,1241.955
2010-09-01,Ukraine,,,,1083.223
2010-10-01,Ukraine,,,,880.836
2010-11-01,Ukraine,,,,705.555
2010-12-01,Ukraine,,,,693.965
2011-01-01,Ukraine,,,,687.833
2011-02-01,Ukraine,,,,572.972
2011-03-01,Ukraine,,,,720.968
2011-04-01,Ukraine,,,,791.24
2011-05-01,Ukraine,,,,994.646
2011-06-01,Ukraine,,,,1142.896
2011-07-01,Ukraine,,,,1359.059
2011-08-01,Ukraine,,,,1422.347
2011-09-01,Ukraine,,,,1278.016
2011-10-01,Ukraine,,,,1053.604
2011-11-01,Ukraine,,,,829.499
2011-12-01,Ukraine,,,,825.955
2012-01-01,Ukraine,,,,670.648
2012-02-01,Ukraine,,,,560.234
2012-03-01,Ukraine,,,,672.662
2012-04-01,Ukraine,,,,747.641
2012-05-01,Ukraine,,,,893.282
2012-06-01,Ukraine,,,,1097.982
2012-07-01,Ukraine,,,,1167.516
2012-08-01,Ukraine,,,,1198.667
2012-09-01,Ukraine,,,,1098.664
2012-10-01,Ukraine,,,,861.866
2012-11-01,Ukraine,,,,698.603
2012-12-01,Ukraine,,,,663.532
2013-01-01,Ukraine,,,,586.115
2013-02-01,Ukraine,,,,459.351
2013-03-01,Ukraine,,,,568.278
2013-04-01,Ukraine,,,,678.254
2013-05-01,Ukraine,,,,908.569
2013-06-01,Ukraine,,,,1001.943
2013-07-01,Ukraine,,,,1118.847
2013-08-01,Ukraine,,,,1193.619
2013-09-01,Ukraine,,,,1102.473
2013-10-01,Ukraine,,,,894.898
2013-11-01,Ukraine,,,,835.074
2013-12-01,Ukraine,,,,800.245
2014-01-01,Ukraine,,,,903.566
2014-02-01,Ukraine,,,,713.559
2014-03-01,Ukraine,,,,684.977
2014-04-01,Ukraine,,,,705.55
2014-05-01,Ukraine,,,,849.981
2014-06-01,Ukraine,,,,975.567
2014-07-01,Ukraine,,,,1120.466
2014-08-01,Ukraine,,,,1134.522
2014-09-01,Ukraine,,,,943.497
2014-10-01,Ukraine,,,,821.156
2014-11-01,Ukraine,,,,722.473
2014-12-01,Ukraine,,,,742.692
2015-01-01,Ukraine,,,,726.482
2015-02-01,Ukraine,,,,581.697
2015-03-01,Ukraine,,,,663.613
2015-04-01,Ukraine,,,,743.414
2015-05-01,Ukraine,,,,884.771
2015-06-01,Ukraine,,,,1012.711
2015-07-01,Ukraine,,,,1162.286
2015-08-01,Ukraine,,,,1212.71
2015-09-01,Ukraine,,,,1001.497
2015-10-01,Ukraine,,,,854.603
2015-11-01,Ukraine,,,,667.643
2015-12-01,Ukraine,,,,670.672
2016-01-01,Ukraine,,,,668.301
2016-02-01,Ukraine,,,,598.986
2016-03-01,Ukraine,,,,683.876
2016-04-01,Ukraine,,,,759.713
2016-05-01,Ukraine,,,,851.959
2016-06-01,Ukraine,,,,984.317
2016-07-01,Ukraine,,,,1070.666
2016-08-01,Ukraine,,,,1102.977
2016-09-01,Ukraine,,,,1072.482
2016-10-01,Ukraine,,,,1037.67
2016-11-01,Ukraine,,,,204.88
2016-12-01,Ukraine,,,,932.762
2017-01-01,Ukraine,,,,909.753
2017-02-01,Ukraine,,,,769.683
2017-03-01,Ukraine,,,,891.856
2017-04-01,Ukraine,,,,1017.165
2017-05-01,Ukraine,,,,1116.721
2017-06-01,Ukraine,,,,1125.571
2017-07-01,Ukraine,,,,1403.232
2017-08-01,Ukraine,,,,1255.367
2017-09-01,Ukraine,,,,1179.95
2017-10-01,Ukraine,,,,1148.587
2017-11-01,Ukraine,,,,913.503
2017-12-01,Ukraine,,,,955.303
2010-01-01,Uruguay,,,,234.323
2010-02-01,Uruguay,,,,186.204
2010-03-01,Uruguay,,,,166.588
2010-04-01,Uruguay,,,,160.028
2010-05-01,Uruguay,,,,145.953
2010-06-01,Uruguay,,,,165.027
2010-07-01,Uruguay,,,,181.493
2010-08-01,Uruguay,,,,166.763
2010-09-01,Uruguay,,,,176.672
2010-10-01,Uruguay,,,,199.545
2010-11-01,Uruguay,,,,175.589
2010-12-01,Uruguay,,,,203.068
2011-01-01,Uruguay,,,,311.447
2011-02-01,Uruguay,,,,262.788
2011-03-01,Uruguay,,,,229.932
2011-04-01,Uruguay,,,,202.077
2011-05-01,Uruguay,,,,194.616
2011-06-01,Uruguay,,,,153.437
2011-07-01,Uruguay,,,,211.108
2011-08-01,Uruguay,,,,204.868
2011-09-01,Uruguay,,,,201.99
2011-10-01,Uruguay,,,,201.183
2011-11-01,Uruguay,,,,205.528
2011-12-01,Uruguay,,,,226.625
2012-01-01,Uruguay,,,,258.039
2012-02-01,Uruguay,,,,259.681
2012-03-01,Uruguay,,,,239.177
2012-04-01,Uruguay,,,,219.287
2012-05-01,Uruguay,,,,192.868
2012-06-01,Uruguay,,,,76.672
2012-07-01,Uruguay,,,,110.182
2012-08-01,Uruguay,,,,110.062
2012-09-01,Uruguay,,,,91.454
2012-10-01,Uruguay,,,,90.977
2010-01-01,United States,53043.0,45720.0,7323.0,95385.98334
2010-02-01,United States,49091.0,42634.0,6456.0,87789.55647
2010-03-01,United States,62735.0,54673.0,8062.0,111729.6089
2010-04-01,United States,60145.0,52738.0,7407.0,108069.15
2010-05-01,United States,61941.0,54078.0,7863.0,111643.1055
2010-06-01,United States,65515.0,56939.0,8576.0,117370.3649
2010-07-01,United States,69078.0,59417.0,9662.0,123363.848
2010-08-01,United States,66814.0,57645.0,9170.0,119523.491
2010-09-01,United States,57842.0,50601.0,7241.0,104497.052
2010-10-01,United States,62648.0,55146.0,7501.0,113177.638
2010-11-01,United States,58653.0,51719.0,6934.0,105820.322
2010-12-01,United States,59040.0,51330.0,7711.0,106451.632
2011-01-01,United States,54179.0,46542.0,7636.0,98398.146
2011-02-01,United States,50554.0,43882.0,6672.0,90962.878
2011-03-01,United States,64164.0,55948.0,8216.0,115608.226
2011-04-01,United States,61033.0,53110.0,7924.0,111450.931
2011-05-01,United States,64348.0,56225.0,8123.0,117691.731
2011-06-01,United States,66777.0,58041.0,8736.0,121268.441
2011-07-01,United States,70590.0,60596.0,9993.0,127023.415
2011-08-01,United States,66953.0,57720.0,9233.0,121357.938
2011-09-01,United States,58629.0,51320.0,7309.0,107700.594
2011-10-01,United States,61750.0,54451.0,7299.0,113386.779
2011-11-01,United States,58822.0,51961.0,6861.0,107318.256
2011-12-01,United States,59594.0,51779.0,7815.0,108081.871
2012-01-01,United States,54929.0,47291.0,7638.0,99688.135
2012-02-01,United States,53576.0,46624.0,6952.0,97230.042
2012-03-01,United States,65008.0,56458.0,8549.0,117293.49
2012-04-01,United States,61992.0,53912.0,8080.0,113628.104
2012-05-01,United States,64126.0,55951.0,8175.0,117710.019
2012-06-01,United States,67144.0,58136.0,9007.0,122529.382
2012-07-01,United States,69802.0,59909.0,9892.0,126497.23
2012-08-01,United States,68366.0,58923.0,9441.0,124301.749
2012-09-01,United States,57935.0,50429.0,7507.0,106811.818
2012-10-01,United States,61412.0,54062.0,7351.0,112695.797
2012-11-01,United States,59208.0,52099.0,7108.0,108648.615
2012-12-01,United States,59324.0,51347.0,7977.0,108226.975
2013-01-01,United States,55797.0,48011.0,7786.0,101821.282
2013-02-01,United States,52891.0,45908.0,6982.0,95393.059
2013-03-01,United States,65540.0,56764.0,8776.0,119326.253
2013-04-01,United States,61418.0,53423.0,7995.0,112837.389
2013-05-01,United States,65208.0,56760.0,8448.0,119482.586
2013-06-01,United States,67517.0,58186.0,9330.0,123048.86
2013-07-01,United States,69726.0,59509.0,10218.0,126842.247
2013-08-01,United States,68231.0,58373.0,9858.0,124646.02
2013-09-01,United States,58648.0,51037.0,7611.0,107683.7
2013-10-01,United States,62622.0,54961.0,7661.0,115801.571
2013-11-01,United States,58020.0,50766.0,7255.0,106699.242
2013-12-01,United States,62919.0,54551.0,8368.0,115791.42
2014-01-01,United States,56265.0,48165.0,8100.0,102996.103
2014-02-01,United States,52843.0,45693.0,7150.0,96106.557
2014-03-01,United States,66911.0,57998.0,8913.0,121321.942
2014-04-01,United States,63883.0,55443.0,8442.0,117667.928
2014-05-01,United States,66912.0,58075.0,8836.0,122835.841
2014-06-01,United States,69069.0,59490.0,9579.0,125813.755
2014-07-01,United States,72422.0,61958.0,10464.0,131168.267
2014-08-01,United States,70057.0,60007.0,10050.0,128173.826
2014-09-01,United States,60444.0,52785.0,7659.0,111278.129
2014-10-01,United States,64978.0,57359.0,7619.0,119926.253
2014-11-01,United States,60158.0,52824.0,7334.0,111327.141
2014-12-01,United States,64177.0,55691.0,8486.0,120260.888
2015-01-01,United States,58229.0,49917.0,8314.0,106296.95
2015-02-01,United States,54572.0,47337.0,7235.0,99599.885
2015-03-01,United States,68640.0,59753.0,8888.0,125402.715
2015-04-01,United States,66343.0,57882.0,8461.0,122461.244
2015-05-01,United States,69353.0,60449.0,8904.0,128811.239
2015-06-01,United States,71710.0,62011.0,9700.0,132841.587
2015-07-01,United States,76191.0,65324.0,10866.0,140329.058
2015-08-01,United States,73366.0,62978.0,10388.0,135691.714
2015-09-01,United States,64189.0,56239.0,7951.0,119637.057
2015-10-01,United States,69207.0,61157.0,8050.0,128590.933
2015-11-01,United States,64974.0,57366.0,7608.0,120680.679
2015-12-01,United States,66801.0,58041.0,8760.0,122907.624
2016-01-01,United States,61202.0,52642.0,8559.0,114394.533
2016-02-01,United States,58836.0,51265.0,7571.0,109807.277
2016-03-01,United States,70927.0,61763.0,9164.0,132326.38
2016-04-01,United States,67603.0,59045.0,8558.0,127403.668
2016-05-01,United States,71873.0,62909.0,8965.0,135959.523
2016-06-01,United States,74886.0,64923.0,9962.0,140430.217
2016-07-01,United States,77423.0,66299.0,11125.0,144653.172
2016-08-01,United States,73908.0,63686.0,10222.0,139427.402
2016-09-01,United States,66882.0,58882.0,8001.0,127668.875
2016-10-01,United States,69986.0,61987.0,7999.0,132866.017
2016-11-01,United States,66963.0,59502.0,7461.0,126632.666
2016-12-01,United States,68272.0,59350.0,8922.0,128260.553
2017-01-01,United States,62949.0,54297.0,8652.0,117968.055
2017-02-01,United States,58667.0,51252.0,7415.0,109592.856
2017-03-01,United States,73321.0,64181.0,9140.0,136189.894
2017-04-01,United States,70606.0,61292.0,9314.0,132670.5
2017-05-01,United States,74011.0,64635.0,9376.0,139282.436
2017-06-01,United States,77369.0,66926.0,10442.0,145140.001
2017-07-01,United States,80255.0,68725.0,11531.0,150581.215
2017-08-01,United States,77563.0,66856.0,10708.0,144966.412
2017-09-01,United States,65316.0,57405.0,7913.0,123563.734
2017-10-01,United States,73143.0,64908.0,8235.0,138308.935
2017-11-01,United States,70018.0,62162.0,7856.0,131553.688
2017-12-01,United States,70666.0,61577.0,9089.0,132184.624
2018-01-01,United States,64786.0,55998.0,8787.0,
2018-02-01,United States,62068.0,54261.0,7807.0,
2018-03-01,United States,76706.0,66856.0,9850.0,
2018-04-01,United States,74018.0,64744.0,9274.0,
2018-05-01,United States,77706.0,68024.0,9681.0,
2018-06-01,United States,81334.0,70460.0,10874.0,
2018-07-01,United States,84373.0,72697.0,11675.0,
2018-08-01,United States,81318.0,70523.0,10795.0,
2018-09-01,United States,69027.0,60696.0,8331.0,
2018-10-01,United States,75880.0,67332.0,8550.0,
2018-11-01,United States,73165.0,64922.0,8244.0,
2018-12-01,United States,73113.0,63800.0,9313.0,
2014-01-01,South Africa,,,,2827.882
2014-02-01,South Africa,,,,2742.206
2014-03-01,South Africa,,,,3040.172
2014-04-01,South Africa,,,,2976.201
2014-05-01,South Africa,,,,2692.628
2014-06-01,South Africa,,,,2702.066
2014-07-01,South Africa,,,,2940.447
2014-08-01,South Africa,,,,3013.26
2014-09-01,South Africa,,,,2897.821
2014-10-01,South Africa,,,,3168.769
2014-11-01,South Africa,,,,3005.084
2014-12-01,South Africa,,,,3213.208
2015-01-01,South Africa,,,,2848.893
2015-02-01,South Africa,,,,2775.862
2015-03-01,South Africa,,,,3310.401
2015-04-01,South Africa,,,,3135.401
2015-05-01,South Africa,,,,2897.01
2015-06-01,South Africa,,,,2793.207
2015-07-01,South Africa,,,,3194.28
2015-08-01,South Africa,,,,3208.076
2015-09-01,South Africa,,,,3157.441
2015-10-01,South Africa,,,,3434.041
2015-11-01,South Africa,,,,3333.501
2015-12-01,South Africa,,,,3584.925
2016-01-01,South Africa,,,,3183.022
2016-02-01,South Africa,,,,3133.721
2016-03-01,South Africa,,,,3519.859
2016-04-01,South Africa,,,,3261.574
2016-05-01,South Africa,,,,3063.518
2016-06-01,South Africa,,,,2917.681
2016-07-01,South Africa,,,,3355.671
2016-08-01,South Africa,,,,3280.047
2016-09-01,South Africa,,,,3343.754
2016-10-01,South Africa,,,,3586.918
2016-11-01,South Africa,,,,3338.275
2016-12-01,South Africa,,,,3695.519
2017-01-01,South Africa,,,,3250.12
2017-02-01,South Africa,,,,3118.05
2017-03-01,South Africa,,,,3572.336
2017-04-01,South Africa,,,,3563.907
2017-05-01,South Africa,,,,3242.267
2017-06-01,South Africa,,,,3038.16
2017-07-01,South Africa,,,,3546.321
2017-08-01,South Africa,,,,3425.617
2017-09-01,South Africa,,,,3454.075
2017-10-01,South Africa,,,,3678.78
2017-11-01,South Africa,,,,3482.341
2017-12-01,South Africa,,,,3812.322
