Date,Close_NVDA,High_NVDA,Low_NVDA,Open_NVDA,Volume_NVDA
2010-01-04,0.4238542318344116,0.4268342804729633,0.4151433309397449,0.424312694549529,800204000
2010-01-05,0.430043488740921,0.4346281696354559,0.42224951482409945,0.42224951482409945,728648000
2010-01-06,0.4327943027019501,0.4337112279731866,0.4256880362058764,0.42981425458014966,649168000
2010-01-07,0.42431268095970154,0.4323359011881551,0.4211034147298067,0.4305020230595617,547792000
2010-01-08,0.42522960901260376,0.4282096573827874,0.4183525869245754,0.4208741452940718,478168000
2010-01-11,0.4192696213722229,0.4293559394553836,0.41330952308095237,0.4275220609560031,556612000
2010-01-12,0.4050569534301758,0.41468480562862764,0.3963460538504053,0.41308017270450403,627432000
2010-01-13,0.4105585515499115,0.41193396669520277,0.3919905837227428,0.40780774858618163,508868000
2010-01-14,0.40414002537727356,0.4084954614739751,0.39726300375499446,0.4055154406324713,608524000
2010-01-15,0.3922198414802551,0.40459849707345846,0.38694745265316044,0.4011599861853779,818192000
2010-01-19,0.3995552957057953,0.40207685359787115,0.3880935670690039,0.3892397371999979,545328000
2010-01-20,0.397950679063797,0.3995553392836836,0.38923977965280976,0.39451216829579056,719728000
2010-01-21,0.39084455370903015,0.4048278458357343,0.38717679689082046,0.3977215772480264,608632000
2010-01-22,0.3773195743560791,0.39336595623477827,0.3750272340876935,0.3862596904720423,1067916000
2010-01-25,0.3837381899356842,0.391073674425686,0.3807581416759428,0.3835089449438366,643676000
2010-01-26,0.37158891558647156,0.3844260386497054,0.3713596705105023,0.38190445212150625,714636000
2010-01-27,0.38167503476142883,0.38305044994266507,0.3672332846658617,0.3713595028827171,812504000
2010-01-28,0.3688378930091858,0.3860304723259778,0.3635655049335671,0.38465505723604193,687764000
2010-01-29,0.35279160737991333,0.3770904317508895,0.3472899728463868,0.3729642126824594,774700000
2010-02-01,0.3798412084579468,0.3805289161417989,0.351186922027727,0.35416697043984813,949832000
2010-02-02,0.3837381899356842,0.38855211614963997,0.37731963075936176,0.37846580106488875,849812000
2010-02-03,0.3869475722312927,0.3885522330031018,0.3784659148849845,0.38029979339072073,562296000
2010-02-04,0.3644825220108032,0.383508955049268,0.3603563033368093,0.383508955049268,783480000
2010-02-05,0.37181803584098816,0.3727349885775649,0.35760550070234576,0.3640240878778075,604856000
2010-02-08,0.3711303472518921,0.38007049342836924,0.36379486161542923,0.3706718845233994,445160000
2010-02-09,0.3681502938270569,0.37892431810683713,0.364482564719073,0.3770904398894154,930144000
2010-02-10,0.37525659799575806,0.37869510973868953,0.36792111174287667,0.3704426979517713,535828000
2010-02-11,0.3924490809440613,0.39657529941702707,0.3784657925986924,0.3812165958050513,695980000
2010-02-12,0.3977214992046356,0.4057446917591038,0.38534284286734194,0.38969830665016747,780212000
2010-02-16,0.4050569534301758,0.40666161368115444,0.39817993176091304,0.40299385786013897,457024000
2010-02-17,0.4089539349079132,0.41032932278064355,0.3972629876920101,0.41010010513194867,876560000
2010-02-18,0.38213351368904114,0.38855207213833326,0.3715887371418575,0.38648894942596124,1515508000
2010-02-19,0.3800705075263977,0.384655189635105,0.3782366292175426,0.38052897027189625,510548000
2010-02-22,0.380758136510849,0.38740594058883976,0.37823655094215336,0.38167506181209004,458084000
2010-02-23,0.37158891558647156,0.38350908567269404,0.36769191325618816,0.38190445212150625,489764000
2010-02-24,0.3793827295303345,0.3830504854692335,0.37365187795508964,0.3747980482701386,445868000
2010-02-25,0.3759441673755646,0.3768611198988136,0.3612731729452489,0.37067177917915195,576972000
2010-02-26,0.3713594973087311,0.3768611306242449,0.36906715692564684,0.3741103003030615,393396000
2010-03-01,0.38625985383987427,0.3880937322955883,0.3686088317732111,0.37158888084788844,555868000
2010-03-02,0.38603055477142334,0.3945122100992039,0.38327975133090764,0.3896983109100158,538648000
2010-03-03,0.3812166452407837,0.3903860086689557,0.3780073789716669,0.3883229128283604,399300000
2010-03-04,0.3819044232368469,0.385801397945524,0.37709049562051067,0.3828213488176426,557396000
2010-03-05,0.39359524846076965,0.3963460516478169,0.37915349757020306,0.37915349757020306,632832000
2010-03-08,0.387864351272583,0.3949706170490819,0.38625969122012405,0.39382444691266927,439312000
2010-03-09,0.4023061990737915,0.40620317302748665,0.39153217528900264,0.3917614203032205,830832000
2010-03-10,0.40322306752204895,0.40757853088897444,0.40093072701109483,0.401159971992932,418520000
2010-03-11,0.39405369758605957,0.4013892089356794,0.3924490647259004,0.4000137937259122,540660000
2010-03-12,0.3954291343688965,0.39955535289645455,0.39336601144168976,0.3984091826014026,520352000
2010-03-15,0.3933660089969635,0.39886764277513403,0.389698280471705,0.3949706692615477,358904000
2010-03-16,0.4071199893951416,0.4094123294620814,0.39290745911863534,0.393136704056069,664988000
2010-03-17,0.4149140417575836,0.4204156757340058,0.4094124351080176,0.4094124351080176,651168000
2010-03-18,0.40024298429489136,0.41560165785747816,0.39657522911866905,0.41560165785747816,740964000
2010-03-19,0.3954291343688965,0.40734929997206565,0.3903859632091836,0.4062031296770137,584612000
2010-03-22,0.4018476903438568,0.40345232327900926,0.3903859601561199,0.3903859601561199,435336000
2010-03-23,0.41010016202926636,0.4121632577880227,0.40207694202102257,0.404827772801841,493612000
2010-03-24,0.39634618163108826,0.4078079154352725,0.3956584737770763,0.40666174478754047,436252000
2010-03-25,0.3974922001361847,0.40459846636290087,0.39657527489970346,0.4020768809722975,495184000
2010-03-26,0.3974922001361847,0.4050569289811415,0.3942829344816471,0.4009307107632693,344676000
2010-03-29,0.40253546833992004,0.4034523937983176,0.3945122476080716,0.40001388233903684,394456000
2010-03-30,0.40414002537727356,0.40918316910157393,0.39726300375499446,0.4071200735456321,324104000
2010-03-31,0.3988676071166992,0.4043692404030283,0.3968044843867561,0.4025353626409186,389840000
2010-04-01,0.39474135637283325,0.4052861321386871,0.3906151385806796,0.4007014517755942,339664000
2010-04-05,0.40070149302482605,0.4013892006154544,0.39680449245354954,0.39726298239853736,413636000
2010-04-06,0.39084455370903015,0.39657540665819374,0.38396750284317144,0.39565845379021014,809260000
2010-04-07,0.3933660089969635,0.40001381306306266,0.38511357199313534,0.3883228651954486,817468000
2010-04-08,0.3869475722312927,0.3938246234595195,0.38488447599162934,0.3908445743035561,1037600000
2010-04-09,0.3894689977169037,0.39084441285978727,0.3839673644722218,0.3860304871865472,817572000
2010-04-12,0.396575391292572,0.3981800245907926,0.38923987794037285,0.38992758573299924,546460000
2010-04-13,0.40482771396636963,0.40620310183002994,0.3965752774769938,0.3981799103146909,648696000
2010-04-14,0.409870982170105,0.41560183499628883,0.40345242153940675,0.41353873890960735,900720000
2010-04-15,0.4128510057926178,0.4153725918122814,0.4071201533178006,0.41124637256504104,957596000
2010-04-16,0.3910738527774811,0.39772165997742726,0.3823629490174398,0.39611702628325685,1917736000
2010-04-19,0.38923975825309753,0.3903859284460853,0.3761734235184078,0.3880935880601098,1094492000
2010-04-20,0.3906152844429016,0.396116919329125,0.3855721396256757,0.39199069999617264,678188000
2010-04-21,0.3805289566516876,0.393136859326221,0.3759442747070791,0.39267839659713216,895908000
2010-04-22,0.38213351368904114,0.3832796838647414,0.36906715182457583,0.37433954009816767,656932000
2010-04-23,0.37686118483543396,0.381904328938301,0.37021338037209645,0.38098737625705265,752916000
2010-04-26,0.3805289566516876,0.38511363859629616,0.37663198246414237,0.3773196902212056,491092000
2010-04-27,0.36975497007369995,0.3816751380036627,0.36860879955491777,0.37777816370517536,606704000
2010-04-28,0.37044256925582886,0.37571495756200884,0.36287781325722684,0.3695256167134895,672164000
2010-04-29,0.38167503476142883,0.3821335247064098,0.36608711445711595,0.37158874785520757,987128000
2010-04-30,0.3601270914077759,0.37777813806029664,0.359897873715696,0.3770904303303392,1068048000
2010-05-03,0.3562300503253937,0.3640240242531914,0.3507284168480917,0.361960901451633,1078972000
2010-05-04,0.33812060952186584,0.35141619216199993,0.3330774376975378,0.35072848442896803,1311376000
2010-05-05,0.33238983154296875,0.3408714892734314,0.3282636115498919,0.3312436608408288,1330840000
2010-05-06,0.32551276683807373,0.3369745007227747,0.2989215966931464,0.3300974767880725,1002888000
2010-05-07,0.3200111389160156,0.32849279578117474,0.3085494057370836,0.32849279578117474,1153712000
2010-05-10,0.3337652087211609,0.3433930641555823,0.3300974789942584,0.33926684430181087,979156000
2010-05-11,0.330097496509552,0.3367452757795195,0.3275759099854316,0.33055595933388326,829124000
2010-05-12,0.33651596307754517,0.3383498138574206,0.330326621051463,0.3323897441691097,901236000
2010-05-13,0.3358282446861267,0.35049924174632685,0.33261895126974367,0.33514053700212626,1252000000
2010-05-14,0.2970876395702362,0.3140509771835173,0.2888352021014122,0.313134051832251,2493068000
2010-05-17,0.29777541756629944,0.30144317449121316,0.28837680752549755,0.29754617251091864,856060000
2010-05-18,0.28791823983192444,0.3021307449152993,0.28631357968268023,0.30029686712105824,674112000
2010-05-19,0.2925029695034027,0.292961432196815,0.2844797767246857,0.2865428725084698,826520000
2010-05-20,0.2856259047985077,0.29250292616124995,0.2753103454275405,0.2840212446190515,1129136000
2010-05-21,0.29181525111198425,0.299838443596848,0.2773734991738581,0.2773734991738581,1069600000
2010-05-24,0.28333353996276855,0.2943368070497639,0.2824166147022793,0.29089829633264813,664564000
2010-05-25,0.29089829325675964,0.29227368113295055,0.27164258972155,0.27439342012763923,966652000
2010-05-26,0.2922736704349518,0.30832008035133374,0.2913567452177198,0.3025892294265019,995028000
2010-05-27,0.30946627259254456,0.30946627259254456,0.2989214952085667,0.2996092028339313,713560000
2010-05-28,0.3012138903141022,0.30900786593554463,0.29662920841685114,0.30900786593554463,545116000
2010-06-01,0.28837668895721436,0.3005260980329474,0.2881474439960894,0.2970875875771844,527492000
2010-06-02,0.2915860116481781,0.2920445016603636,0.2870013301411816,0.2888352082093517,649088000
2010-06-03,0.2911275625228882,0.2918152702463409,0.2847090026487602,0.2856259553889834,586360000
2010-06-04,0.2773735225200653,0.28768905658313665,0.2757688620265447,0.28264591206211803,671456000
2010-06-07,0.26361948251724243,0.2803536059790514,0.262473311923436,0.27851972756358856,577248000
2010-06-08,0.2562839090824127,0.26247322272011436,0.24963610550151946,0.26247322272011436,967636000
2010-06-09,0.25009462237358093,0.2645364028726513,0.24917769694198558,0.2576593528282496,697152000
2010-06-10,0.2601809501647949,0.2613271206679802,0.25445009764886867,0.2551378054161519,611768000
2010-06-11,0.2661410868167877,0.2672872574883823,0.25674247637896636,0.25743018424729597,442104000
2010-06-14,0.2604101300239563,0.27049641699697147,0.259722422428784,0.2700379543758078,375080000
2010-06-15,0.2732474207878113,0.27462280952416096,0.26293185496739896,0.2633903452063864,528632000
2010-06-16,0.26980888843536377,0.2739351089996134,0.2661411307500599,0.2714135221751084,366480000
2010-06-17,0.280124306678772,0.28081201436724224,0.2695795283271811,0.2792073813120498,859068000
2010-06-18,0.28195813298225403,0.28539664346656785,0.2796657926593782,0.2817288880192256,932832000
2010-06-21,0.27531036734580994,0.2886059485043161,0.2727888090415013,0.2879182681747766,579836000
2010-06-22,0.2649948000907898,0.2821873526352347,0.26361938495649323,0.2787488421263457,818164000
2010-06-23,0.26797497272491455,0.2707257769470044,0.25995175047628266,0.26751650990904374,614060000
2010-06-24,0.25467926263809204,0.26774562553132486,0.2537623373560796,0.2663702102814515,725028000
2010-06-25,0.25399163365364075,0.2567424373822744,0.24986541439726015,0.25651319235202985,507220000
2010-06-28,0.25445014238357544,0.2581178995693383,0.24986545956480447,0.2558255581599528,372008000
2010-06-29,0.2402375489473343,0.24917769479938146,0.2386329157924106,0.24894844978002426,660808000
2010-06-30,0.2340482622385025,0.24321762688856557,0.2340482622385025,0.24069604067905337,623072000
2010-07-01,0.23794513940811157,0.23954977210005884,0.22762959473335947,0.23473587402421703,737008000
2010-07-02,0.23496510088443756,0.2393205638787174,0.22694190978254808,0.2388621012811227,737096000
2010-07-06,0.23244357109069824,0.24161293346070778,0.23038044816133285,0.23404820404007884,712020000
2010-07-07,0.24367603659629822,0.24505145192506184,0.23290204094383726,0.23336050361113972,608412000
2010-07-08,0.23634055256843567,0.2455099152463345,0.23336050423274726,0.24528069757550083,783272000
2010-07-09,0.23725759983062744,0.23886226098536978,0.23427754996351072,0.23748684494612501,571516000
2010-07-12,0.24161307513713837,0.24459312512019632,0.2370283912637789,0.237257609061324,565396000
2010-07-13,0.2503237724304199,0.2519284049903973,0.24413445979802223,0.24550984742363907,723316000
2010-07-14,0.2528454065322876,0.2631609386996814,0.24917765083091706,0.2613270608489961,1355664000
2010-07-15,0.24573910236358643,0.2533038302564575,0.24275905472980694,0.25307458531276295,953088000
2010-07-16,0.23038044571876526,0.24642685702300812,0.229463520422228,0.24573914938717764,1288604000
2010-07-19,0.23977898061275482,0.24069590563256002,0.2319850086370232,0.23358966841195258,798440000
2010-07-20,0.24573910236358643,0.24711449004520397,0.23152657169892268,0.23358969421162382,1160988000
2010-07-21,0.23771589994430542,0.2482606761523495,0.23542355966663076,0.24803145852069305,624940000
2010-07-22,0.24161307513713837,0.24413466219823465,0.23886227027849696,0.24023765904438196,462612000
2010-07-23,0.23748667538166046,0.24161289322642257,0.23519433517088717,0.2413836482746049,817604000
2010-07-26,0.24184225499629974,0.24275920802324985,0.23313135153804312,0.23679910899210924,683548000
2010-07-27,0.23977898061275482,0.2429882455089199,0.23679893330811766,0.24252978299901728,683472000
2010-07-28,0.2322143316268921,0.24000830622299277,0.23152662396740437,0.23588208759292253,1320808000
2010-07-29,0.20929093658924103,0.2200649478237556,0.2079155346789753,0.21548026568058273,2664476000
2010-07-30,0.21066626906394958,0.2143340105990319,0.20447694241403708,0.20768622138101855,984288000
2010-08-02,0.21043705940246582,0.21525098549184757,0.20952012044908702,0.21433404653846877,917020000
2010-08-03,0.2049354910850525,0.2090617105852772,0.20333085775909338,0.20883247920491604,955444000
2010-08-04,0.2136463224887848,0.21433403006682517,0.20585236247917482,0.20676930136208652,855496000
2010-08-05,0.21639715135097504,0.2168556139865933,0.21043705510737426,0.2143340421638384,800504000
2010-08-06,0.21891875565052032,0.2212110964955369,0.21364636624161054,0.21548024438299548,739904000
2010-08-09,0.22098186612129211,0.22144034249038114,0.21570947668905854,0.221211097474122,466456000
2010-08-10,0.21181251108646393,0.2177725948131509,0.2108955719754129,0.2173141320893403,772560000
2010-08-11,0.2035599946975708,0.20745696734599867,0.20287228721211903,0.20745696734599867,796148000
2010-08-12,0.2053939253091812,0.20997860662816437,0.19828765833401482,0.19989229133028769,1343584000
2010-08-13,0.21525099873542786,0.21823104710140315,0.21158324269624956,0.212041719032861,1797392000
2010-08-16,0.20974937081336975,0.21662639264490918,0.2069985538826973,0.21227094275224864,814008000
2010-08-17,0.21250015497207642,0.21639714185757877,0.20974935195219077,0.2118124610488183,481224000
2010-08-18,0.2136463224887848,0.2154802002546082,0.21043704323030699,0.21181245838638776,352920000
2010-08-19,0.22648347914218903,0.22717118684053236,0.21479253025092507,0.21593870063921142,1615100000
2010-08-20,0.22854657471179962,0.23404820863799922,0.2246496010933599,0.22487883242442788,1305308000
2010-08-23,0.2251080721616745,0.23496514273654098,0.2244203644793616,0.229234290928695,748620000
2010-08-24,0.22281570732593536,0.22510804780100196,0.2173140874530901,0.21777255008273264,641332000
2010-08-25,0.22740039229393005,0.22923427017175632,0.21914795550713914,0.22029413942835097,757532000
2010-08-26,0.2246495932340622,0.2329020301712246,0.2246495932340622,0.2303804446274097,657596000
2010-08-27,0.23198504745960236,0.2338189251329581,0.22029411486638015,0.22602496551633472,1060416000
2010-08-30,0.22098186612129211,0.2310681822800995,0.22098186612129211,0.22923430413060195,602804000
2010-08-31,0.2138756662607193,0.2246496792011811,0.2131879583649801,0.21777264123408743,931488000
2010-09-01,0.21548019349575043,0.2198356428053961,0.2143340233439187,0.2170848399063704,851440000
2010-09-02,0.21937721967697144,0.22006491369373407,0.21410483056464893,0.21616793994179376,596292000
2010-09-03,0.22694194316864014,0.22762963716620085,0.2218987855360546,0.22464960251658164,566484000
2010-09-07,0.22900500893592834,0.23427738323490413,0.22579572990070262,0.22625419247855252,899820000
2010-09-08,0.2365698367357254,0.23817449751689035,0.22694200868305572,0.22946359505900293,1224156000
2010-09-09,0.23336052894592285,0.23977908896555694,0.23038048029464353,0.23954984394358958,697748000
2010-09-10,0.23083893954753876,0.23565286632173693,0.22877584368823028,0.2349651585930145,609292000
2010-09-13,0.24390530586242676,0.2468853544866977,0.23496515998961387,0.23496515998961387,1015792000
2010-09-14,0.24161307513713837,0.24482234291774144,0.23954995099800375,0.24184229293468348,698536000
2010-09-15,0.2420714646577835,0.242300709712688,0.2361113664988986,0.23932066063324553,555572000
2010-09-16,0.24230064451694489,0.24436374014851622,0.23886213357975547,0.23886213357975547,365280000
2010-09-17,0.24184225499629974,0.24482230451187006,0.2411545743846711,0.2445930867502829,416884000
2010-09-20,0.24550998210906982,0.2464269350226985,0.2395498838145066,0.24184222510828265,443168000
2010-09-21,0.25880566239356995,0.2629318837073807,0.24413468364099164,0.24413468364099164,1779624000
2010-09-22,0.2610979378223419,0.26339027913476026,0.2562840101355178,0.25788864358883784,999996000
2010-09-23,0.2663702368736267,0.27462267454301176,0.26178555535215886,0.2640778961128928,1240872000
2010-09-24,0.2810412049293518,0.2819581575344594,0.27026720993903336,0.27233030547852993,1086976000
2010-09-27,0.27508115768432617,0.2833335678206849,0.27141340162804,0.28310435014645247,999504000
2010-09-28,0.27439337968826294,0.2782903524200921,0.2695794545139242,0.2753103048039228,723192000
2010-09-29,0.2723304033279419,0.28035362536627734,0.26935035411259406,0.27187194052408786,974904000
2010-09-30,0.2677455544471741,0.2789780364673996,0.2654532145238849,0.27576874417868624,787632000
2010-10-01,0.2601809501647949,0.2721011452594098,0.2581178541898056,0.27164265519664743,999120000
2010-10-04,0.257659375667572,0.26201484017087284,0.25238698565139817,0.257659375667572,749500000
2010-10-05,0.2594931125640869,0.263619329776436,0.2588054051408876,0.26316086726991866,753588000
2010-10-06,0.24711455404758453,0.26063938071092885,0.24459299564811343,0.2594932103492992,1057604000
2010-10-07,0.2452806532382965,0.24848991866470818,0.23794514256046748,0.24826067370845675,761488000
2010-10-08,0.24894832074642181,0.25101144287071314,0.24092513180348218,0.24436364135045632,706932000
2010-10-11,0.24780234694480896,0.2521578122128839,0.2466561761890313,0.2500946884563643,442680000
2010-10-12,0.2526162266731262,0.2537623972094091,0.24367608009400302,0.24573920345542888,605208000
2010-10-13,0.2599516808986664,0.26361943709766616,0.25399161123386405,0.25674241471968495,968732000
2010-10-14,0.25582554936408997,0.2606394497621676,0.254679351371941,0.2601809869614265,599172000
2010-10-15,0.25880566239356995,0.2629318837073807,0.255825639475643,0.25995183346257994,639940000
2010-10-18,0.2604101300239563,0.26155630024029225,0.2544500339682678,0.25903471483361173,448156000
2010-10-19,0.25880566239356995,0.2606395415693607,0.2526163440862908,0.2546794410797592,866136000
2010-10-20,0.25880566239356995,0.2659119339521814,0.2544502232620815,0.2590349075381215,763532000
2010-10-21,0.2542208433151245,0.25949323290222326,0.2503238692122635,0.2590347701830971,1014428000
2010-10-22,0.2704964280128479,0.27255955088238476,0.2530746290843028,0.2558254595770186,1322676000
2010-10-25,0.2730180621147156,0.2750811853514527,0.2700380134351127,0.2725595993932827,673136000
2010-10-26,0.27210116386413574,0.27622738342310205,0.2675164815379203,0.269808822701028,675248000
2010-10-27,0.275998055934906,0.2769149811955169,0.26889178952118237,0.26957949713006757,496796000
2010-10-28,0.27622735500335693,0.2805827918344061,0.2737057690526278,0.27966586639424607,704448000
2010-10-29,0.27553966641426086,0.2785197152922315,0.2727888625756961,0.2757688841268055,554664000
2010-11-01,0.275998055934906,0.28172890713085924,0.2737057154565247,0.2773734711526764,473920000
2010-11-02,0.28172895312309265,0.2863136348283042,0.2755396382864287,0.27714427141788106,581036000
2010-11-03,0.28379198908805847,0.2856258666720339,0.27622726113344115,0.2835627441424927,671748000
2010-11-04,0.28425055742263794,0.28952294719086713,0.28379209468776156,0.28654289842388014,700016000
2010-11-05,0.28906458616256714,0.2915861457550212,0.2849383654431597,0.2863137541317156,735116000
2010-11-08,0.2902106046676636,0.2927321629359673,0.2865428487704965,0.288835189374512,605156000
2010-11-09,0.2886059880256653,0.2925029895032712,0.28700135482557676,0.29021064855261347,633964000
2010-11-10,0.2920445203781128,0.2920445203781128,0.28654288582099124,0.2906691049071176,521016000
2010-11-11,0.28906458616256714,0.29387848756281754,0.2812706076199376,0.28516758322781743,1089980000
2010-11-12,0.3039645850658417,0.31359243546155785,0.29869219730791374,0.30006761231497314,2142560000
2010-11-15,0.30029699206352234,0.30969560259013834,0.2996093115155601,0.30534016492767607,733548000
2010-11-16,0.2913568317890167,0.299380025467725,0.290898369044177,0.2952538061104457,739356000
2010-11-17,0.2961706817150116,0.2996091923951779,0.28837670777718905,0.29112751085595134,551764000
2010-11-18,0.3053402006626129,0.30832025025105086,0.30006780944104855,0.30006780944104855,993120000
2010-11-19,0.3151971101760864,0.3163432803927435,0.3041938706308077,0.30465233325209984,716484000
2010-11-22,0.31542637944221497,0.31726023006861453,0.31038320823904925,0.31313403883235985,462668000
2010-11-23,0.3080909848213196,0.31496800926677804,0.3057986433395001,0.31175874212297716,457832000
2010-11-24,0.31565549969673157,0.3168016696479545,0.31107081989184004,0.3113000648128235,397784000
2010-11-26,0.3117585778236389,0.31726018354986774,0.3117585778236389,0.3154263331923592,143104000
2010-11-29,0.3151971101760864,0.3163432803927435,0.3090077964715089,0.31038318433538525,468192000
2010-11-30,0.31198787689208984,0.3135925373640466,0.30625702471184074,0.31038324374699183,720936000
2010-12-01,0.3257420063018799,0.32780510251608924,0.317718811849278,0.3181772746383397,626536000
2010-12-02,0.32963889837265015,0.3317020213965852,0.3255126796516367,0.32574192465213725,529316000
2010-12-03,0.33903753757476807,0.33903753757476807,0.32734658800322436,0.32803429574158444,606044000
2010-12-06,0.33261895179748535,0.34087138936487,0.33124356375415925,0.34018368167977847,438424000
2010-12-07,0.34339290857315063,0.351416099582159,0.339725153181149,0.34041286073300575,1026812000
2010-12-08,0.3463730812072754,0.35004081059386327,0.3404129833796353,0.34293456953598955,613252000
2010-12-09,0.3406420946121216,0.3429344623365924,0.3333066108051154,0.33812053657085395,942408000
2010-12-10,0.3427053689956665,0.34591463604152645,0.33972531969487363,0.3406422453288721,451900000
2010-12-13,0.33399441838264465,0.34476841601164926,0.3330774655529639,0.34408073554796526,609108000
2010-12-14,0.3344527781009674,0.34660218756825856,0.3339943154907938,0.3404128740137828,755160000
2010-12-15,0.3271174728870392,0.33926688898506163,0.32665898269978466,0.3351406685878451,624176000
2010-12-16,0.3275759220123291,0.3323898501617141,0.3266589690031352,0.33055597147019283,631872000
2010-12-17,0.3294096887111664,0.3312435667792059,0.3239080545070478,0.327805028322346,593156000
2010-12-20,0.3280341923236847,0.3321604101261314,0.327804947374218,0.33055577746041614,344088000
2010-12-21,0.3408713936805725,0.3408713936805725,0.3310143229410806,0.33124356794796583,466952000
2010-12-22,0.34453916549682617,0.344997628204587,0.3369744351747665,0.3401837014559512,477988000
2010-12-23,0.3420175313949585,0.34453911692242883,0.34064211613872836,0.34453911692242883,273784000
2010-12-27,0.3438514173030853,0.34637300288928685,0.33491127258307074,0.34110061405340986,255500000
2010-12-28,0.3424760401248932,0.34614379641717163,0.34041294428977315,0.3438514555662122,194260000
2010-12-29,0.3424760401248932,0.3449976259916919,0.33926677386429344,0.34224682243591237,177660000
2010-12-30,0.3436221778392792,0.3456853008048588,0.34087137454536215,0.34201754486173225,174488000
2010-12-31,0.35302069783210754,0.3534791877064568,0.34339287502720683,0.34385133757470704,391252000
2011-01-03,0.3626486659049988,0.3660871771198017,0.3553131534519328,0.3557716434753929,817448000
2011-01-04,0.361502468585968,0.36494097954477156,0.35347927634875975,0.3633363465627011,651384000
2011-01-05,0.38923975825309753,0.389698248191775,0.36448247661919164,0.36815020484064065,1428216000
2011-01-06,0.44311004877090454,0.4433392938627496,0.3981801149380735,0.3993262857435637,3493312000
2011-01-07,0.45548853278160095,0.45686394814420256,0.4282096618202859,0.43806673238064586,2579984000
2011-01-10,0.4729103446006775,0.4738272699799792,0.4437975948952703,0.4472361060579382,1750348000
2011-01-11,0.46557486057281494,0.48391364254270014,0.4554885714796669,0.47932896071365844,2711088000
2011-01-12,0.5352621078491211,0.5357205432270312,0.46419948682365636,0.46580411995377574,3431896000
2011-01-13,0.5361791253089905,0.5464946882349644,0.513026440484489,0.5295313193045568,2695192000
2011-01-14,0.5407636761665344,0.5497038212390337,0.5238003660190074,0.5270096320490184,1595352000
2011-01-18,0.5281555652618408,0.5370957067829764,0.5150892340060149,0.5334279522112009,1813348000
2011-01-19,0.5137141346931458,0.5409930111720312,0.5125679914282953,0.5283851619900514,1197896000
2011-01-20,0.514172375202179,0.5171524227594329,0.49950135502686827,0.5086707699632866,1111408000
2011-01-21,0.5093585252761841,0.5270095965600432,0.5084415999941717,0.5196740849965249,739244000
2011-01-24,0.566896378993988,0.5742318907316262,0.5267803914069167,0.5327404332083231,2056900000
2011-01-25,0.5494744777679443,0.5703347568409055,0.545806722578906,0.5643746614904308,1086856000
2011-01-26,0.562541127204895,0.5730859088012986,0.5513086377084015,0.5552056127064235,1074660000
2011-01-27,0.5609362125396729,0.5719394241193291,0.5501622185939291,0.57056406366215,657396000
2011-01-28,0.5446608066558838,0.5717104673325092,0.5318236841867843,0.562311884209476,1094796000
2011-01-31,0.548328161239624,0.5558928875943463,0.5366372453521845,0.5455773864357087,750160000
2011-02-01,0.5609362125396729,0.565062403218618,0.5494745110384877,0.5531422664496076,654104000
2011-02-02,0.5863814949989319,0.5999063253217491,0.5577272008782145,0.5577272008782145,1606616000
2011-02-03,0.5753781199455261,0.5872983146425649,0.5627702175041414,0.5872983146425649,1030776000
2011-02-04,0.5884444117546082,0.5930290932558379,0.5811089541448693,0.5834012948954842,872900000
2011-02-07,0.5639162659645081,0.5829426961097482,0.5618531432778084,0.5804211381506961,934236000
2011-02-08,0.5471823811531067,0.5682719418866005,0.5446607675955858,0.5646041850650723,1076584000
2011-02-09,0.5338865518569946,0.5547468863642894,0.524029483328578,0.5492452260479991,1277520000
2011-02-10,0.5231125354766846,0.5320526784492821,0.5180693652900065,0.5219663380759259,1042352000
2011-02-11,0.5380130410194397,0.5549764119859242,0.5127972843061317,0.5212789424625075,1359276000
2011-02-14,0.5297605991363525,0.5616241592755831,0.5276974755913998,0.5444315723750976,1287828000
2011-02-15,0.5169234871864319,0.5325113863104701,0.5146310912113023,0.5306775351148403,886980000
2011-02-16,0.5359499454498291,0.543514677555725,0.5219666246142816,0.523800530531495,1318364000
2011-02-17,0.5886735916137695,0.5962383203678426,0.5182986377828896,0.5208202504700513,3470096000
2011-02-18,0.5875275731086731,0.5948630864549044,0.5783582087527452,0.5854644497324726,1394412000
2011-02-22,0.5320529341697693,0.569876592114781,0.5302190283778656,0.5682719587054443,1396648000
2011-02-23,0.5068368911743164,0.5370958035245799,0.4992721630867505,0.5320526879020034,1491604000
2011-02-24,0.5192156434059143,0.5281557331146015,0.505690818035168,0.5093585191188814,1246120000
2011-02-25,0.5299896001815796,0.538700471609283,0.52586335477869,0.5331988657258017,775652000
2011-02-28,0.5194446444511414,0.5389295579382511,0.5075244569386802,0.5387002857258444,903696000
2011-03-01,0.49629220366477966,0.5270096113787431,0.4962922036647796,0.5203618072532354,988448000
2011-03-02,0.4756612479686737,0.5050032471593363,0.4641995423442876,0.49560461028973324,1718140000
2011-03-03,0.478412002325058,0.489415272006084,0.46397024844314455,0.48666444092239725,1593704000
2011-03-04,0.47589027881622314,0.48368422464959615,0.47061789083395267,0.47887032657375433,959760000
2011-03-07,0.46924251317977905,0.4809334875156297,0.45732234852614334,0.4793288546957495,1019140000
2011-03-08,0.4481530785560608,0.4768073395104291,0.43829597999552755,0.47428578094255996,1947184000
2011-03-09,0.43875443935394287,0.4511330956168118,0.43485743827514567,0.44677763186017283,1318976000
2011-03-10,0.4107878506183624,0.43187737922031366,0.4103293606249791,0.42866811322776793,1722736000
2011-03-11,0.41376793384552,0.42522966619369545,0.40482781485963837,0.41422642390786085,1486832000
2011-03-14,0.4172062575817108,0.42752178678256564,0.410329210787628,0.4169770126687311,1003360000
2011-03-15,0.40482771396636963,0.4117047352652317,0.38992747382531506,0.3968044951241771,1256280000
2011-03-16,0.4018476903438568,0.420644904897187,0.3965753015624802,0.4011599827068329,1476520000
2011-03-17,0.4094124138355255,0.4133093872870582,0.3942829553450401,0.4126216796598807,1238516000
2011-03-18,0.403910756111145,0.4172063632405045,0.40345229349592476,0.4158309480679906,886960000
2011-03-21,0.4071199893951416,0.41674781221091906,0.4029937718092801,0.41262159462505754,751832000
2011-03-22,0.40001392364501953,0.40987099631151785,0.3981800452119957,0.40597402172063135,718332000
2011-03-23,0.40826624631881714,0.4094124165962234,0.39061520218527696,0.3993261017589354,782396000
2011-03-24,0.44081753492355347,0.44586070635873487,0.4160602497327658,0.4169771750881496,1780592000
2011-03-25,0.4270634353160858,0.44586064860844826,0.42637572772519516,0.44471447839924827,1196392000
2011-03-28,0.44288069009780884,0.45021617545369486,0.4332528365334209,0.4371498105668423,1204284000
2011-03-29,0.43944209814071655,0.44448524168957704,0.433482002011338,0.44288060883223784,715764000
2011-03-30,0.4229373037815094,0.44471456954656313,0.41743566925363956,0.4428806913706065,1176320000
2011-03-31,0.42316654324531555,0.4282097153203724,0.4153725947550901,0.42362503330803736,655112000
2011-04-01,0.4172062575817108,0.4291264191928849,0.4114753806988341,0.4286679566937717,850072000
2011-04-04,0.4023061990737915,0.41835261224386594,0.39932615052325116,0.41720644182649336,924328000
2011-04-05,0.40299391746520996,0.4114755733130811,0.40207696471090615,0.4082663069901652,821076000
2011-04-06,0.40024298429489136,0.4064322972437726,0.3968044467379016,0.4059738346784573,856984000
2011-04-07,0.4149140417575836,0.4174356274126342,0.3995553648112604,0.40115999780681244,1021208000
2011-04-08,0.4023061990737915,0.4181233672296481,0.4011600286564189,0.4181233672296481,746552000
2011-04-11,0.3970337510108948,0.4059738953412521,0.3926783149993121,0.4039107724987754,546208000
2011-04-12,0.3981800675392151,0.4009308716795658,0.3858014079173404,0.3931369220607614,840756000
2011-04-13,0.4071199893951416,0.4096415470726659,0.3972629216419305,0.40230606432382826,749588000
2011-04-14,0.42431268095970154,0.42454192597334756,0.40116002765578307,0.4034523684848103,1254704000
2011-04-15,0.4288973808288574,0.4341697700889327,0.4190402826813125,0.4211034057797025,969720000
2011-04-18,0.41468483209609985,0.4215618542042921,0.4080370276620667,0.41881105082638653,743584000
2011-04-19,0.41308024525642395,0.41651875669498306,0.40184775816101503,0.4149140961621677,659860000
2011-04-20,0.4256880581378937,0.4343989579708557,0.418811036268743,0.42820964375399123,650516000
2011-04-21,0.4245419204235077,0.43302360324151795,0.42362499503462664,0.430272772421159,421300000
2011-04-25,0.43118971586227417,0.43829595579039626,0.4261465443513302,0.42637578935704845,619612000
2011-04-26,0.44242215156555176,0.44677761515938114,0.43050198575296383,0.4348574220199373,676000000
2011-04-27,0.44242215156555176,0.4447145195227844,0.43325278904404474,0.4447145195227844,450004000
2011-04-28,0.4472360610961914,0.45617620561646754,0.4373789912887943,0.44242213502166927,684000000
2011-04-29,0.4584686756134033,0.46855496592709756,0.44952852856880554,0.45021623639175345,836000000
2011-05-02,0.45227935910224915,0.46832574741876987,0.4499870179141748,0.46809652969607995,613824000
2011-05-03,0.43073123693466187,0.4483822830234581,0.42522962992442537,0.44700689493432794,808000000
2011-05-04,0.4275219142436981,0.43692052124842173,0.4194987224732258,0.4321065952553966,639356000
2011-05-05,0.4277513325214386,0.43279447821208356,0.4183527217090225,0.4240835752954066,544000000
2011-05-06,0.44288069009780884,0.4470069091501381,0.4332528365334209,0.4366913478558855,841080000
2011-05-09,0.4527377188205719,0.4550300594868548,0.44310986616069875,0.44425603649384016,706328000
2011-05-10,0.45342543721199036,0.45686394829275556,0.4488407284441131,0.45640548561402494,690976000
2011-05-11,0.45548853278160095,0.4603024318969928,0.4492992183036074,0.4557177777843202,616000000
2011-05-12,0.4699302017688751,0.4703886916933219,0.45273764940768335,0.45388381956509616,1224000000
2011-05-13,0.41858187317848206,0.4412760661833044,0.41537260660900555,0.4401298956475112,2025192000
2011-05-16,0.4057447016239166,0.41835260327147206,0.4055154839414731,0.41743565056112486,728188000
2011-05-17,0.40414002537727356,0.40459848802005455,0.39244907768865717,0.40436927036209147,1420364000
2011-05-18,0.4135386347770691,0.41697714560693316,0.4043692725640982,0.40574466049993085,658844000
2011-05-19,0.40757855772972107,0.41697716537431223,0.4013892434079237,0.4167479203773783,650884000
2011-05-20,0.41468483209609985,0.41560175744644945,0.4048277616089863,0.4066616396365422,575820000
2011-05-23,0.4142264425754547,0.417206491480668,0.40345241750838634,0.4087248075211697,588000000
2011-05-24,0.415831059217453,0.4325651540973269,0.41514335144737535,0.41628952195521796,720372000
2011-05-25,0.42087411880493164,0.4236249493284954,0.40964163370532586,0.4137678521638166,545312000
2011-05-26,0.4314190447330475,0.4350868018087068,0.4197280929653899,0.4208742636356753,706436000
2011-05-27,0.4470069110393524,0.44769459144526463,0.432794375651611,0.43325283836450545,658824000
2011-05-31,0.45938560366630554,0.4596148760443561,0.4447146308887154,0.4557178741353394,1200716000
2011-06-01,0.43875443935394287,0.4580101177650089,0.43783748667140243,0.45732241008481783,762208000
2011-06-02,0.4366913437843323,0.44265144095177794,0.43141895434033933,0.4394421746781432,607592000
2011-06-03,0.42316654324531555,0.43554520107473643,0.4211034472705089,0.4316482268296237,549300000
2011-06-06,0.4142264425754547,0.4263758559109481,0.41376795249245146,0.4224788814934514,435988000
2011-06-07,0.4139971435070038,0.4197279955280482,0.41216326539489795,0.4174356547196304,433956000
2011-06-08,0.40276458859443665,0.41445553565817567,0.3995553229396492,0.41193397759422934,569288000
2011-06-09,0.3981800675392151,0.4034524580822248,0.38373831164379346,0.40253553247772933,741632000
2011-06-10,0.3924490809440613,0.40138922552329637,0.38923978776426343,0.39886763997680197,493548000
2011-06-13,0.3896982669830322,0.397492213740432,0.3869474365257342,0.392449070113476,574760000
2011-06-14,0.3929077088832855,0.40161861214039757,0.39130307528175956,0.39313695396644627,534576000
2011-06-15,0.3844259977340698,0.3899276057031224,0.37640277617833545,0.3876352644948734,935916000
2011-06-16,0.3711303472518921,0.39061527281800085,0.36562873985625993,0.38465517536701604,1024908000
2011-06-17,0.36241936683654785,0.3757149743429069,0.35095766449677684,0.37548572936536995,1467884000
2011-06-20,0.35806387662887573,0.3667747745527076,0.3553130466226184,0.35921004668919965,745960000
2011-06-21,0.36585789918899536,0.3686087297748105,0.3560008291281058,0.35943934003351924,704276000
2011-06-22,0.36081480979919434,0.3681502953728214,0.36012710204891624,0.3633363957745941,651720000
2011-06-23,0.37158891558647156,0.37411047478780507,0.3530209115657972,0.3562302059950385,744024000
2011-06-24,0.36081480979919434,0.3729642222979083,0.35852246884950717,0.36975495589909013,529052000
2011-06-27,0.3532498776912689,0.3631069436174108,0.3406419823332035,0.3608146039753706,1142152000
2011-06-28,0.35531312227249146,0.3594393408335426,0.35072844105506923,0.3532500266553937,692200000
2011-06-29,0.36081480979919434,0.3644825662494377,0.3452268858759496,0.3576055160735165,960544000
2011-06-30,0.36539945006370544,0.3692964237687672,0.35623008730974526,0.3617316940313788,652300000
2011-07-01,0.3702133595943451,0.3715887748755958,0.3580639490328149,0.36539943343682296,540804000
2011-07-05,0.3640240728855133,0.37319343591249055,0.3608147794299569,0.3697549247773741,535296000
2011-07-06,0.35921016335487366,0.3644825528101209,0.35485469931494823,0.36379484508520016,529580000
2011-07-07,0.3605855405330658,0.36287788132865,0.3541669808400584,0.3610440305536689,986136000
2011-07-08,0.35370850563049316,0.35806396938410173,0.3507284572363098,0.3555423836674412,619516000
2011-07-11,0.3413298726081848,0.3484361402374611,0.3404129471907305,0.3470607521112797,714388000
2011-07-12,0.3367452621459961,0.34293460566791517,0.33101440875671145,0.339725311373797,867604000
2011-07-13,0.33605751395225525,0.3436222449838343,0.3328482473700635,0.3413299039031656,634368000
2011-07-14,0.32276177406311035,0.3394958613212187,0.3211571415483543,0.3374327662775106,1088996000
2011-07-15,0.323220431804657,0.32665894383879684,0.3165726528027324,0.32459584754905874,827736000
2011-07-18,0.3163432776927948,0.32253259134454737,0.31221705948267536,0.32069874087503053,818200000
2011-07-19,0.3259710967540741,0.32665877694807305,0.3172601712591143,0.3172601712591143,602224000
2011-07-20,0.32184484601020813,0.3289510834599556,0.320927893633989,0.32711723336121284,662956000
2011-07-21,0.33697447180747986,0.33926681292234473,0.31748954500426657,0.3223034722762275,1143420000
2011-07-22,0.3438514173030853,0.3449975876010214,0.33559898022720347,0.3399544437554738,737192000
2011-07-25,0.33834975957870483,0.33995441974396,0.3335358610634998,0.3385790045528423,566920000
2011-07-26,0.330097496509552,0.336974520855118,0.3252835685369096,0.3287220807096926,698276000
2011-07-27,0.3177186846733093,0.3271172910578994,0.31680173213535884,0.3255126309481992,652212000
2011-07-28,0.3170309364795685,0.3236787117253631,0.3115293039373617,0.3165724739327635,648176000
2011-07-29,0.3170309364795685,0.32001098402407435,0.3122170114209937,0.3138216439982356,677656000
2011-08-01,0.33399441838264465,0.3349113438854641,0.3216157601334141,0.3243665639687338,1019620000
2011-08-02,0.33055588603019714,0.35256236998662227,0.33055588603019714,0.3317020565002847,1356432000
2011-08-03,0.3394959568977356,0.3406421272062149,0.32803425381294216,0.33124354707279774,765236000
2011-08-04,0.3071739375591278,0.3333066365029007,0.3071739375591278,0.3333066365029007,979732000
2011-08-05,0.29685842990875244,0.3181772337956054,0.28883523648604564,0.31428025959851985,1270588000
2011-08-08,0.2734765410423279,0.29250300471446233,0.2716426627210616,0.2824166876109282,1084180000
2011-08-09,0.2963997721672058,0.29685823459577926,0.2750810096335406,0.2787487363889703,1329832000
2011-08-10,0.2828751802444458,0.29594154758460267,0.28127054679138597,0.2876891079304893,1140052000
2011-08-11,0.3074032664299011,0.3115294864218581,0.28287519154927115,0.28287519154927115,1078792000
2011-08-12,0.2952537536621094,0.3406421312026124,0.2904398273792771,0.34018366853921317,3195784000
2011-08-15,0.30648621916770935,0.3071739267812575,0.29662914957846387,0.2982337824588401,864152000
2011-08-16,0.29777541756629944,0.30717402760710133,0.2922737821789289,0.3030478078982892,716868000
2011-08-17,0.2936491072177887,0.3037354219845604,0.2897521337672233,0.29869225093774715,553328000
2011-08-18,0.2737058997154236,0.28310451293467787,0.27049660448907875,0.2803537079741484,802564000
2011-08-19,0.2688918709754944,0.2840213336466586,0.2670579925718893,0.2691211160235184,761332000
2011-08-22,0.2737058997154236,0.2796659999022979,0.2707258496219864,0.27645670467595307,611876000
2011-08-23,0.3032768964767456,0.3035061414345027,0.279895003859579,0.28035349377509333,938312000
2011-08-24,0.29892152547836304,0.3035062070092476,0.29112755047974476,0.30258928163381366,687500000
2011-08-25,0.28608438372612,0.2982337942913199,0.2856259210745164,0.29296140548074007,690968000
2011-08-26,0.2982337772846222,0.3012138253403922,0.2798950263245421,0.28493819718516233,732660000
2011-08-29,0.3062569797039032,0.30740314997151025,0.299609203082524,0.3067154696724298,601528000
2011-08-30,0.31359249353408813,0.31611405174485124,0.3021307634487057,0.3041938863413536,684760000
2011-08-31,0.305110901594162,0.31909419401332345,0.30258934263990966,0.3158849272254157,705808000
2011-09-01,0.304423063993454,0.31588479257254815,0.3041938463645199,0.3092369894501365,762312000
2011-09-02,0.2961706817150116,0.3016722878725362,0.29387831393471364,0.2975460695909659,471356000
2011-09-06,0.302130788564682,0.30281849625273344,0.28379206262654916,0.28654286605189766,696248000
2011-09-07,0.32665884494781494,0.3355989899262048,0.3177187272962813,0.32665884494781494,1606620000
2011-09-08,0.32505422830581665,0.3312435702664673,0.3197818390522679,0.3234495952269603,880164000
2011-09-09,0.3181772232055664,0.33101434318537754,0.3154264195889952,0.32230344229385277,869828000
2011-09-12,0.3257420063018799,0.32849281036311356,0.3138218098250949,0.3138218098250949,916480000
2011-09-13,0.33307740092277527,0.3346820612316337,0.32344957570390453,0.32849271964456483,853836000
2011-09-14,0.35027000308036804,0.354625466939939,0.3415591026880837,0.34178834769585076,1547192000
2011-09-15,0.35531312227249146,0.3598978308167693,0.35210385635103814,0.3580639528644293,752908000
2011-09-16,0.35439616441726685,0.36906715936196505,0.35256228663332295,0.35600079723064787,1391588000
2011-09-19,0.3470607101917267,0.3509576837355015,0.33812056548051395,0.34843609815178256,968204000
2011-09-20,0.33812060952186584,0.3527916076280638,0.33651597636269737,0.35141619216199993,792436000
2011-09-21,0.3317020535469055,0.34591456178407537,0.3314728085241853,0.3399544917888025,715252000
2011-09-22,0.3096955120563507,0.3190941198354566,0.30373544264618557,0.31863565716188336,1314632000
2011-09-23,0.3161141574382782,0.32505430497519955,0.3060278665691436,0.3078617450890401,1011440000
2011-09-26,0.31680184602737427,0.3209280656144187,0.30258933618476547,0.32001114007368103,972124000
2011-09-27,0.317260205745697,0.32757576502605285,0.31473864766428633,0.3248249619704896,781388000
2011-09-28,0.3076324462890625,0.3259712009577389,0.3025893017354347,0.31794798041883465,1236532000
2011-09-29,0.3000676929950714,0.3184064462703097,0.29227371807089514,0.31313405709477865,866416000
2011-09-30,0.2867721617221832,0.29685845183940324,0.28631367163124066,0.29525381850169036,677784000
2011-10-03,0.2707256078720093,0.2920444024279579,0.2707256078720093,0.28310426013092965,949896000
2011-10-04,0.29571229219436646,0.29571229219436646,0.26293177978478177,0.26407795040077303,1361548000
2011-10-05,0.3062569797039032,0.30900781020764395,0.28906442568979684,0.2950244946852409,856708000
2011-10-06,0.31840652227401733,0.31932344785956385,0.3074032512862768,0.30786174140591377,773192000
2011-10-07,0.3243665099143982,0.32918043631913274,0.31313405140582656,0.31978182851059644,806976000
2011-10-10,0.33880823850631714,0.33880823850631714,0.32918038713537223,0.32986809470856154,534376000
2011-10-11,0.3351404666900635,0.3415590248493668,0.3339942965661469,0.33605739185845623,816080000
2011-10-12,0.3349113166332245,0.3417883666522197,0.33468209893960205,0.3415591216317382,612064000
2011-10-13,0.35439616441726685,0.35508387200210245,0.33238968566364613,0.33330661089219155,854832000
2011-10-14,0.36035627126693726,0.3642532445962322,0.35164537202525487,0.36058548891757,702452000
2011-10-17,0.3424760401248932,0.3562301125575081,0.34064216197875397,0.3562301125575081,611780000
2011-10-18,0.3548547029495239,0.35577165570109626,0.33857907170941925,0.34064216757845384,590916000
2011-10-19,0.34774836897850037,0.36150243901550416,0.3468314437285652,0.35531309793445365,557568000
2011-10-20,0.33032655715942383,0.3397251635592596,0.3172601952555418,0.33834974841352905,990308000
2011-10-21,0.3319311738014221,0.33995439199217126,0.32642956813977553,0.3344527590036734,628428000
2011-10-24,0.34430986642837524,0.34958225505709123,0.3326189189180422,0.33330662653515375,535256000
2011-10-25,0.3312435746192932,0.3422468159611049,0.3305558669116441,0.3394959851305085,577996000
2011-10-26,0.3351404666900635,0.3394959022302061,0.32551261578768287,0.3376620518934205,503116000
2011-10-27,0.3495822250843048,0.35302073554819413,0.33972515628911837,0.347519129736712,577732000
2011-10-28,0.357605516910553,0.3608148106437427,0.3456853494096504,0.3466022748609276,490156000
2011-10-31,0.3392668068408966,0.3482069534247322,0.3392668068408966,0.3461438300622188,519984000
2011-11-01,0.3223033845424652,0.3278049907898116,0.31909409145913464,0.3268880655242053,790824000
2011-11-02,0.31680184602737427,0.32711740865841665,0.3101540675398699,0.32551274797183205,961608000
2011-11-03,0.3358282446861267,0.33651595237012716,0.3117586397072537,0.32024029493830697,749372000
2011-11-04,0.3397252857685089,0.3408714563599783,0.3275758720335607,0.3328482622196925,654840000
2011-11-07,0.3378913700580597,0.34293454196531575,0.33009742182716123,0.3372036623137194,613536000
2011-11-08,0.34568527340888977,0.34774836888411076,0.3367451292536066,0.34224676273228555,549728000
2011-11-09,0.3282634913921356,0.34201753478327723,0.32688807612227944,0.3376620986401577,532244000
2011-11-10,0.3317020535469055,0.3397252467660823,0.32344961530500854,0.3362867353864351,990484000
2011-11-11,0.34339290857315063,0.346143711453726,0.32253257369213634,0.3411005682848625,1751560000
2011-11-14,0.3367452621459961,0.3468315805072559,0.3358283365344564,0.34339306847368506,500292000
2011-11-15,0.34110063314437866,0.3436221915448532,0.3326189506034584,0.3335359032892412,505660000
2011-11-16,0.33422359824180603,0.3436222065521246,0.3330774278296627,0.3346820882681499,512420000
2011-11-17,0.3223033845424652,0.33445279460944727,0.31634328833546144,0.3335358693438409,657504000
2011-11-18,0.3193233013153076,0.32413722674737333,0.31588479095721816,0.32413722674737333,501352000
2011-11-21,0.33536985516548157,0.33857912195509765,0.30946636648747283,0.31428029399875995,1330788000
2011-11-22,0.34568527340888977,0.34751915123511606,0.3372035918784498,0.3390374697046761,1287480000
2011-11-23,0.33101436495780945,0.3445391935630722,0.33078511992182535,0.34201760747469045,825340000
2011-11-25,0.32184484601020813,0.3342234708109603,0.320927893633989,0.32665874350967944,406620000
2011-11-28,0.3399544358253479,0.344997579553254,0.33238970657006145,0.33238970657006145,690616000
2011-11-29,0.34178829193115234,0.3461437277532517,0.33628665858408396,0.3394959242080674,623440000
2011-11-30,0.35829323530197144,0.35921018810733735,0.34912387120947563,0.35210392000490887,730324000
2011-12-01,0.3626486659049988,0.36356559129820304,0.35370852035039635,0.3553131534519328,529760000
2011-12-02,0.36035627126693726,0.36792100027489444,0.35691776056576163,0.3665455850636826,546464000
2011-12-05,0.3548547029495239,0.36677489743195163,0.351874654328917,0.3663164347195949,644696000
2011-12-06,0.3498116731643677,0.3576056238106723,0.34614391560912555,0.3569179431800738,573832000
2011-12-07,0.34774836897850037,0.3502699544061027,0.3404128849984578,0.34751915132944344,510016000
2011-12-08,0.3367452621459961,0.3500408474745095,0.33559909146813915,0.3443099940852248,491488000
2011-12-09,0.34155920147895813,0.34431000573350373,0.3296390041644847,0.3342236870310159,555840000
2011-12-12,0.33307740092277527,0.33559898655653336,0.32688808666256236,0.3342235712423279,573208000
2011-12-13,0.32390809059143066,0.34155913821997896,0.32184499461433663,0.3374329189389305,516596000
2011-12-14,0.31130024790763855,0.3229911992170181,0.3078617360315697,0.3211573207510754,636020000
2011-12-15,0.30854931473731995,0.3186356293085243,0.3078616344505016,0.31657253379436084,435148000
2011-12-16,0.3096955120563507,0.31703102414094875,0.308320124035631,0.311070927403927,619116000
2011-12-19,0.3016722798347473,0.3147386419327207,0.3005261096385639,0.31107088637419256,463276000
2011-12-20,0.3186356723308563,0.3197818427327823,0.3085493563977931,0.3085493563977931,445208000
2011-12-21,0.31450948119163513,0.32024033370733385,0.3083201659400526,0.31680182219791464,548424000
2011-12-22,0.3280341923236847,0.3289511174678504,0.3154263212937285,0.3154263212937285,576560000
2011-12-23,0.3248249888420105,0.3300973777420024,0.3220741582320281,0.3296388877557681,248948000
2011-12-27,0.3223033845424652,0.32734652815700843,0.32138643195000466,0.3234495547879002,195712000
2011-12-28,0.31428036093711853,0.3229912649273726,0.3140511158346636,0.32230355694687673,233960000
2011-12-29,0.32024022936820984,0.3209279369114002,0.3129047460034993,0.31748942652229983,211112000
2011-12-30,0.3177186846733093,0.32253258302185217,0.3172601947409078,0.31909407248995614,186956000
2012-01-03,0.32184484601020813,0.33009728076194145,0.3211571385597557,0.3278049134848175,468044000
2012-01-04,0.32551276683807373,0.32688818255575974,0.3190942057003122,0.32207425487072266,347372000
2012-01-05,0.33720365166664124,0.3388083121283886,0.32253265378243023,0.3239080692276826,563548000
2012-01-06,0.3333066403865814,0.33720361394302323,0.3294096668301396,0.3369743962790299,533252000
2012-01-09,0.3333066403865814,0.3397251995349385,0.331014299785515,0.3335358853774303,508244000
2012-01-10,0.3319311738014221,0.33857897691333394,0.32963883355459417,0.3383497319579106,546328000
2012-01-11,0.32528358697891235,0.3319313666257767,0.3239081711010735,0.32895131710837067,484272000
2012-01-12,0.323220431804657,0.32620048103295113,0.3161141626700221,0.3259712632934605,652364000
2012-01-13,0.3147386610507965,0.32161568264562584,0.31313402814404057,0.32092797502077197,504300000
2012-01-17,0.30992481112480164,0.3195526655837592,0.30946634837124687,0.3195526655837592,627176000
2012-01-18,0.32046955823898315,0.32299114411533447,0.3142802433833173,0.31588487651969605,632676000
2012-01-19,0.3289511501789093,0.32940964012343515,0.31978178851804456,0.3232202991408688,608312000
2012-01-20,0.3259710967540741,0.33238965473725196,0.3248249266616084,0.32849265456138826,546272000
2012-01-23,0.3349113166332245,0.335140561653706,0.32207419667716003,0.3262004157578135,562792000
2012-01-24,0.3424760401248932,0.3438514555662122,0.33238975131141524,0.33261896900039606,730920000
2012-01-25,0.340412974357605,0.3413298998482351,0.3236788518752877,0.33330670616120844,1274152000
2012-01-26,0.33720365166664124,0.34935309100370093,0.3353698008421161,0.3454560896844386,799672000
2012-01-27,0.34178829193115234,0.3436221423866554,0.3323896853758604,0.33514048838596805,449996000
2012-01-30,0.3392668068408966,0.34087144012716625,0.33078512300644364,0.3358282952302355,399076000
2012-01-31,0.33857905864715576,0.34041293675269113,0.33261896163588045,0.3401836917419275,357900000
2012-02-01,0.34224674105644226,0.3461437141110788,0.33766206044466934,0.3424759586909197,428020000
2012-02-02,0.35508397221565247,0.3564593604466394,0.3406421908388333,0.3440807297334527,696236000
2012-02-03,0.3626486659049988,0.3656287144231996,0.359668617386798,0.36035632509513016,495232000
2012-02-06,0.3598979115486145,0.3612732998262532,0.3566886175804008,0.3608148370670403,278868000
2012-02-07,0.36081480979919434,0.3628779057231689,0.3543962496746983,0.3603563470746288,410296000
2012-02-08,0.37388119101524353,0.38098743186615003,0.3589809468801086,0.36081482518342217,847612000
2012-02-09,0.3736518919467926,0.38052891409460216,0.37296418426664024,0.378465818381002,561944000
2012-02-10,0.3644825220108032,0.37135954402517435,0.36241939901037806,0.3699841286915576,440268000
2012-02-13,0.3702133595943451,0.3750272857518672,0.3626486302011768,0.37365187047061654,610668000
2012-02-14,0.3722764253616333,0.3754857183184631,0.36700403697508316,0.37021332993191297,453756000
2012-02-15,0.3706717789173126,0.3874058960179787,0.3697548537215634,0.37571494947448963,1110856000
2012-02-16,0.3770905137062073,0.3800705629770152,0.34385153624179843,0.3452269520058221,1888588000
2012-02-17,0.36333635449409485,0.37984120199127064,0.3598978434602309,0.37731964362921766,1020360000
2012-02-21,0.36517027020454407,0.37411038888466663,0.3624194392320208,0.3631071469751516,518176000
2012-02-22,0.3626486659049988,0.3722764918410754,0.3621902032083967,0.363336373613331,492432000
2012-02-23,0.36471182107925415,0.36677494454013304,0.35760555248099757,0.3633364327655307,323968000
2012-02-24,0.3619609475135803,0.3663164113198963,0.36035631445940375,0.36585792130996825,366668000
2012-02-27,0.3546255826950073,0.3589810206494005,0.34958240949282604,0.35737638705182756,745268000
2012-02-28,0.3514161705970764,0.3587516828634555,0.3477484144638869,0.3546254640453316,699884000
2012-02-29,0.34728994965553284,0.3585224356654617,0.3470607319778958,0.3525623388171846,689196000
2012-03-01,0.3495822250843048,0.35370844310634236,0.34728988477504524,0.34866529989134176,449944000
2012-03-02,0.3525623381137848,0.35760548226088074,0.3484361193291219,0.3484361193291219,684076000
2012-03-05,0.3406420946121216,0.3507284087577515,0.33812053657085395,0.3500407011730956,514848000
2012-03-06,0.3374328017234802,0.3394958969839082,0.33147270624047587,0.3367450941943873,471400000
2012-03-07,0.3394959568977356,0.34087137219865304,0.33468205799823575,0.3392667392321531,441984000
2012-03-08,0.3406420946121216,0.3440806325354013,0.3385789991850069,0.34041287696847167,430852000
2012-03-09,0.3397252857685089,0.3440807504122101,0.33789140735678536,0.34155916418023247,367836000
2012-03-12,0.3344527781009674,0.3433929219701905,0.3335358528806202,0.34110058159246964,299948000
2012-03-13,0.33903753757476807,0.34087141576810853,0.33422361073310675,0.33582827123156667,553288000
2012-03-14,0.3294096887111664,0.3397252221011742,0.32826351833449885,0.33903751440980223,735708000
2012-03-15,0.33422359824180603,0.336057476366607,0.329180453893747,0.3303266243058903,382380000
2012-03-16,0.33468198776245117,0.3360573754478765,0.3326188652440383,0.334452742818122,428340000
2012-03-19,0.33559897541999817,0.33812056097007986,0.33399434249124393,0.33651592804132563,405400000
2012-03-20,0.330097496509552,0.3337652264310678,0.3271174471611003,0.3337652264310678,449616000
2012-03-21,0.3314726948738098,0.33445274251312196,0.32642955204481616,0.33009730718963876,467840000
2012-03-22,0.33101436495780945,0.3337651687553145,0.3280343161243203,0.32895124161453504,425372000
2012-03-23,0.3335360288619995,0.33445295456613805,0.327805147567098,0.33009751648117897,315456000
2012-03-26,0.3374328017234802,0.3390374344067965,0.33353582882775473,0.3367450941943873,288600000
2012-03-27,0.3397252857685089,0.3438515053631713,0.33812065240582423,0.33880836022607835,419968000
2012-03-28,0.3475191593170166,0.3521038403257768,0.3415590630748866,0.34408064856044646,892448000
2012-03-29,0.3491237759590149,0.35187457897089763,0.34270521738005305,0.3470606805318161,372700000
2012-03-30,0.35302069783210754,0.3550838202861321,0.3470606300609067,0.35210377273710713,527240000
2012-04-02,0.3514161705970764,0.35508392673026595,0.34637302640908374,0.3521038782879066,407776000
2012-04-03,0.34568527340888977,0.35439617258832445,0.3438513955826634,0.3539377099634813,430476000
2012-04-04,0.3358282446861267,0.3447683625975613,0.3337651216341254,0.3404129261436536,495896000
2012-04-05,0.33536985516548157,0.34041300040353384,0.33422365722420383,0.33628678072626816,369424000
2012-04-09,0.33101436495780945,0.3321605354840083,0.32459580454572384,0.33009743946759473,365504000
2012-04-10,0.32459574937820435,0.33422357469658015,0.32299111637961775,0.3296388933709863,470360000
2012-04-11,0.3287219703197479,0.33582823735451744,0.32780501765214676,0.3289511879915059,372960000
2012-04-12,0.33651596307754517,0.3383498138574206,0.32780503523884746,0.3291804506506119,384868000
2012-04-13,0.32459574937820435,0.33536977235483484,0.32436650438118214,0.33353589435922604,311324000
2012-04-16,0.3206987679004669,0.3278050073858241,0.3154263790391661,0.3268880820737959,463468000
2012-04-17,0.321386456489563,0.32551267515355853,0.32024028615661176,0.3216157014868957,460696000
2012-04-18,0.3179480731487274,0.3209281226762792,0.3140510979174062,0.3193234890312489,400764000
2012-04-19,0.313134104013443,0.3257419799920648,0.3115294433910385,0.31382178447806064,667188000
2012-04-20,0.30694469809532166,0.3158848428923278,0.30625699044526644,0.31496789024996896,509592000
2012-04-23,0.3032768964767456,0.30465231156958533,0.2959414130775872,0.30167226375300027,706244000
2012-04-24,0.2938782870769501,0.3067154307006364,0.2922736543715585,0.30419384550155587,730440000
2012-04-25,0.29983842372894287,0.3021307642870088,0.29273215706819655,0.29823379080366774,727112000
2012-04-26,0.3000676929950714,0.30258927874371666,0.2975461072464261,0.2996092303117333,539208000
2012-04-27,0.2975461781024933,0.3014431801560214,0.29433691122803174,0.29960930165910177,475356000
2012-04-30,0.2980045676231384,0.2996092279926871,0.2938783488513192,0.2959414719006573,262268000
2012-05-01,0.3032768964767456,0.30648618925108784,0.2963998756662499,0.2963998756662499,408680000
2012-05-02,0.2945660948753357,0.30327699623258,0.292961461623784,0.30213082572049155,684008000
2012-05-03,0.28952285647392273,0.2970875848731182,0.28768897878217053,0.295253707181366,419536000
2012-05-04,0.2810412049293518,0.2892936417410472,0.2810412049293518,0.28768900884067716,545092000
2012-05-07,0.28585514426231384,0.29089831550800127,0.2835628036331308,0.2860843892559745,604440000
2012-05-08,0.2856259047985077,0.2874597553004226,0.27829039348343293,0.2833335370174065,462312000
2012-05-09,0.2867721617221832,0.28906450286944796,0.27783201485173353,0.28058281876307883,520608000
2012-05-10,0.2847088873386383,0.2899812746472584,0.28012420747494216,0.2895228121262583,597092000
2012-05-11,0.3028184771537781,0.31359249982439236,0.30167230685493446,0.3083201109843407,1435140000
2012-05-14,0.3009846806526184,0.30556936308854554,0.2941076569987277,0.30029697282185674,437472000
2012-05-15,0.2980045676231384,0.3076324205330024,0.29662917958377,0.3009846160320555,599940000
2012-05-16,0.2920445203781128,0.3019015917152872,0.2911275676218297,0.2984630803646584,470484000
2012-05-17,0.2899813652038574,0.29594146181864545,0.2899813652038574,0.29319065850676485,335364000
2012-05-18,0.2769150733947754,0.2920445638470724,0.2755396850459216,0.2906691481713555,567288000
2012-05-21,0.28172895312309265,0.2831043685653995,0.2755396382864287,0.277373516433885,416260000
2012-05-22,0.27829042077064514,0.28195817678781704,0.2741642020830409,0.28149971411738467,410140000
2012-05-23,0.2851674556732178,0.28562594569119165,0.27118416596959816,0.27531038484335946,496000000
2012-05-24,0.27760282158851624,0.2872306780644365,0.27553972510188596,0.2867722152148372,520420000
2012-05-25,0.28425055742263794,0.28654289842388014,0.27737353441891127,0.27737353441891127,391752000
2012-05-29,0.2915860116481781,0.2934198897163482,0.2876890378326026,0.2888352082093517,310000000
2012-05-30,0.288147509098053,0.29043984991980987,0.2831043647555594,0.2883767541109719,379792000
2012-05-31,0.284938246011734,0.2892936826902246,0.2812704897258463,0.28814751226674196,358192000
2012-06-01,0.2746226489543915,0.2817289155812662,0.2741641863103345,0.27897811239006964,440984000
2012-06-04,0.2688918709754944,0.27760277289747187,0.26659952980270357,0.2759981395418908,432856000
2012-06-05,0.2766857147216797,0.2773734222092166,0.26751635442611854,0.26751635442611854,365224000
2012-06-06,0.2840212881565094,0.2847089958635727,0.27668580304383616,0.2787488988381681,368968000
2012-06-07,0.2725595533847809,0.2897521348146829,0.27233030839933164,0.2881474745702479,526780000
2012-06-08,0.27783191204071045,0.27874883722956556,0.27301798648209114,0.2734764490765187,370308000
2012-06-11,0.2810412049293518,0.29181522724652487,0.28035352463408936,0.2867720835624242,839080000
2012-06-12,0.2867721617221832,0.28952296563352853,0.28379211276536664,0.2842505755294472,496128000
2012-06-13,0.27920734882354736,0.2872305404927898,0.27783193360664993,0.28654283288434107,494276000
2012-06-14,0.275768905878067,0.2810412962585114,0.2730181018225327,0.2787489549910889,589884000
2012-06-15,0.28172895312309265,0.2819581981390966,0.2753103932704247,0.2778319791390345,385288000
2012-06-18,0.28425055742263794,0.28654289842388014,0.27737353441891127,0.27966587542015353,304424000
2012-06-19,0.3035062253475189,0.30786168946113696,0.2945660794260034,0.29594149489911625,960476000
2012-06-20,0.3083202540874481,0.3140511082415726,0.30465249649806114,0.30648637529275463,972720000
2012-06-21,0.29433679580688477,0.30809083814998023,0.29364908822435937,0.30809083814998023,516376000
2012-06-22,0.2980045676231384,0.301443106038702,0.2938783488513192,0.2980045676231384,865360000
2012-06-25,0.2886059880256653,0.29915076732943485,0.2874598175503364,0.29823384187991564,494616000
2012-06-26,0.29181525111198425,0.29387834682020647,0.2860843993370816,0.29021061808038284,437152000
2012-06-27,0.3012138903141022,0.30327698623712124,0.29204452651960017,0.29204452651960017,506064000
2012-06-28,0.3035062253475189,0.30534010353604973,0.29594149489911625,0.29846308082420353,545896000
2012-06-29,0.31680184602737427,0.31748955384635874,0.3103832852616231,0.3106125303102388,616508000
2012-07-02,0.3083202540874481,0.3186357915648722,0.30579866732888605,0.3184065737948281,581684000
2012-07-03,0.3163432776927948,0.3170309852822903,0.30809084127255587,0.3083200862446721,219284000
2012-07-05,0.313134104013443,0.3156556628130506,0.308320176799952,0.31428027455695406,280076000
2012-07-06,0.3071739375591278,0.31175861870784005,0.3037354266975936,0.3108416660819845,382760000
2012-07-09,0.3030477464199066,0.3067155026007537,0.30052616062971704,0.30534008720122163,306336000
2012-07-10,0.2938782870769501,0.30877852598944683,0.2915859468330046,0.2998383826419488,512028000
2012-07-11,0.28906458616256714,0.29846319850528014,0.28768917014714135,0.29479544068205804,485216000
2012-07-12,0.28425055742263794,0.28631365339301185,0.2817289713905274,0.2858551906581354,472160000
2012-07-13,0.28791823983192444,0.28929362768246525,0.2826458514210514,0.28447972921529247,324260000
2012-07-16,0.28883516788482666,0.2911275083182893,0.28333353444840426,0.28608436483004224,334460000
2012-07-17,0.28356286883354187,0.2913568451609687,0.2787489414746352,0.2897522118169539,447476000
2012-07-18,0.2993798851966858,0.30350610262067285,0.2814996279106406,0.28287501550073757,616008000
2012-07-19,0.30236005783081055,0.3062570319399828,0.2993800091613755,0.30144313239107334,403036000
2012-07-20,0.2936491072177887,0.3025892517151673,0.2904398140673753,0.300526128834147,451000000
2012-07-23,0.2975461781024933,0.29960930165910177,0.2826459597211748,0.28585522659563634,451584000
2012-07-24,0.29433679580688477,0.2998384018133817,0.2908982852211109,0.2980045240355984,351164000
2012-07-25,0.3000676929950714,0.30304774142705476,0.29204450039265467,0.2934198884426689,415044000
2012-07-26,0.3014431893825531,0.30900792133459704,0.2991508206960912,0.30556938196833655,338440000
2012-07-27,0.30900779366493225,0.3099247188991885,0.3002968673052316,0.30258923504457874,376516000
2012-07-30,0.3055693507194519,0.31290486418149255,0.3030477918778795,0.30900788973407206,363552000
2012-07-31,0.31038326025009155,0.3147387245347764,0.30511087049855734,0.305569333231982,387788000
2012-08-01,0.30694469809532166,0.3151971352422726,0.30556928279521123,0.3122170869766039,335912000
2012-08-02,0.3080909848213196,0.3126756677849586,0.3002970073870137,0.3053401805085094,367912000
2012-08-03,0.31450948119163513,0.3177187749965426,0.305569334871029,0.3129048479526116,326548000
2012-08-06,0.32115715742111206,0.32276179001517485,0.31703093980291525,0.31748940235452616,360324000
2012-08-07,0.3243665099143982,0.3278050209672495,0.32253263188750614,0.3250542175903398,407340000
2012-08-08,0.326200395822525,0.3296389069584532,0.32322034737268246,0.32413730007171104,517064000
2012-08-09,0.33720365166664124,0.33789135938926745,0.3262004100851976,0.3266588727913289,822300000
2012-08-10,0.3351404666900635,0.34889450817706286,0.3307850038230696,0.34614370534503325,1278744000
2012-08-13,0.3394959568977356,0.33972520189017374,0.33422356801335945,0.33559898331427696,447244000
2012-08-14,0.3344527781009674,0.34110058159246964,0.33307736294359375,0.3406420916554432,388828000
2012-08-15,0.3319311738014221,0.3383497319579106,0.3303265410940128,0.33559892912708733,594404000
2012-08-16,0.33880823850631714,0.33995440868601506,0.33376506785416404,0.33491123803386197,371008000
2012-08-17,0.3358282446861267,0.3388082930988906,0.3328481962733629,0.3388082930988906,309864000
2012-08-20,0.3358282446861267,0.336286707366508,0.3307850732213615,0.334682074321745,314392000
2012-08-21,0.3349113166332245,0.33903753571387796,0.3314728052871564,0.3369744398369807,340248000
2012-08-22,0.33559897541999817,0.33697439068856183,0.33170200192820787,0.3328481722097259,313556000
2012-08-23,0.3280341923236847,0.3351404578349457,0.3266587772805856,0.334911212885479,379040000
2012-08-24,0.33468198776245117,0.3362866203922057,0.3273464774661164,0.328034184972254,347724000
2012-08-27,0.3289511501789093,0.33536973613373855,0.32872193253349963,0.3344527835715401,340944000
2012-08-28,0.3275759220123291,0.33078518922734135,0.3257420433208078,0.3264297512459866,310764000
2012-08-29,0.3282634913921356,0.33032658697006484,0.32665883113501837,0.32734653876994646,250412000
2012-08-30,0.32207414507865906,0.32872194901214874,0.32046951217293906,0.32757577874708377,307488000
2012-08-31,0.3216157555580139,0.32665890040549833,0.31840648901694046,0.3243665593541999,485064000
2012-09-04,0.304423063993454,0.3174894252824919,0.3014430435293519,0.31634325515726763,694452000
2012-09-05,0.3053402006626129,0.3099248839288658,0.3021309059801152,0.3055694184298049,480256000
2012-09-06,0.3147386610507965,0.3229910978953336,0.30740314948816144,0.30763239447206425,657296000
2012-09-07,0.3071739375591278,0.30923703314530626,0.29685837764767004,0.3067154749096276,781064000
2012-09-10,0.304423063993454,0.31084162216008027,0.30373538377980047,0.3064861866149685,371108000
2012-09-11,0.3080909848213196,0.31290491286388694,0.3030478390266899,0.30419400976759964,382808000
2012-09-12,0.3115294575691223,0.3131341182645569,0.3076324830092009,0.31061253202332756,322608000
2012-09-13,0.31359249353408813,0.3154263714408235,0.3076323971689119,0.3142802011649708,433836000
2012-09-14,0.317260205745697,0.322761839183677,0.31336323247307796,0.31336323247307796,339468000
2012-09-17,0.30854931473731995,0.3179479216948517,0.30511080399581136,0.3179479216948517,493348000
2012-09-18,0.3106125295162201,0.3142802863235198,0.3048816765841032,0.3051108943052705,359952000
2012-09-19,0.31428036093711853,0.3186357992688112,0.3076325535614833,0.3113003112395489,451936000
2012-09-20,0.31198787689208984,0.31519717050914453,0.3094663183288955,0.3135925373640466,320596000
2012-09-21,0.31336328387260437,0.3151971619860669,0.3113001880742453,0.31244635847930213,340136000
2012-09-24,0.313134104013443,0.3135925667654752,0.30786171404791984,0.308320176799952,357832000
2012-09-25,0.3074032664299011,0.31863575570394315,0.3069448036145426,0.3172603399310025,481544000
2012-09-26,0.302130788564682,0.3064862523711029,0.2984630597731697,0.3062570073661333,436812000
2012-09-27,0.304423063993454,0.30488155390502475,0.3002968460772763,0.30281843128351027,558888000
2012-09-28,0.30579859018325806,0.31015405463773466,0.29915078464543415,0.30304778634861357,485508000
2012-10-01,0.3007553815841675,0.3090078186676144,0.2996092112851807,0.3071739407238645,504236000
2012-10-02,0.30190157890319824,0.3028185042937098,0.29846306769849285,0.3028185042937098,295492000
2012-10-03,0.29892152547836304,0.3035062070092476,0.2973168924079249,0.30258928163381366,430872000
2012-10-04,0.31221696734428406,0.3140508445994584,0.2980044391118167,0.2996090987893725,502608000
2012-10-05,0.30488160252571106,0.3163433056057975,0.3037354322177024,0.3131340396741155,483068000
2012-10-08,0.30190157890319824,0.30511084509684677,0.29960923810006135,0.30373545701107935,240596000
2012-10-09,0.2954829931259155,0.3023600149287374,0.294566040489426,0.3014430896191034,366360000
2012-10-10,0.29043981432914734,0.29548298538050594,0.2892936440587212,0.29410757012525274,326568000
2012-10-11,0.2920445203781128,0.29410761625774645,0.2897521794776936,0.2931906908283224,320516000
2012-10-12,0.28952285647392273,0.29227365934812516,0.28768897878217053,0.28998131906514785,260696000
2012-10-15,0.29319074749946594,0.29341996523769814,0.28654294120717344,0.2899814532224358,249580000
2012-10-16,0.3016722798347473,0.30258923238780583,0.2929613808783827,0.29571218388385234,367696000
2012-10-17,0.2993798851966858,0.30075530011363083,0.29502442284425856,0.29800447027974075,391752000
2012-10-18,0.29479527473449707,0.29869224814867407,0.2936491044758065,0.29869224814867407,254772000
2012-10-19,0.27760282158851624,0.29250306915199586,0.27599818795148523,0.2904399453384985,709412000
2012-10-22,0.27439337968826294,0.2803534749206014,0.2721010395722635,0.27874881497792203,480840000
2012-10-23,0.2826458811759949,0.2844797591632935,0.27118415058709244,0.27187185824818644,573948000
2012-10-24,0.2789781391620636,0.28562594378283457,0.2762273357068876,0.2844797733992731,332916000
2012-10-25,0.27920734882354736,0.2842504924074146,0.27806117858508417,0.2812704443220395,307356000
2012-10-26,0.27622735500335693,0.2812704995779558,0.27622735500335693,0.27966586639424607,389376000
2012-10-31,0.2746226489543915,0.2796658200195825,0.27393496865173345,0.2773734794724429,347112000
2012-11-01,0.28768905997276306,0.2879183049964982,0.2757688652757243,0.2759981102994594,473220000
2012-11-02,0.2863136827945709,0.29112761032226603,0.2844798316667472,0.2906691475403101,256700000
2012-11-05,0.2984631061553955,0.29960927670464776,0.28562598507302545,0.28562598507302545,444840000
2012-11-06,0.2982337772846222,0.299150702535542,0.2931906337508557,0.299150702535542,350804000
2012-11-07,0.28906458616256714,0.29777549049756724,0.28768917014714135,0.2959416115859562,324620000
2012-11-08,0.29066911339759827,0.2998384772671133,0.28998140564201264,0.2922737466093914,839024000
2012-11-09,0.27943655848503113,0.2957121863365715,0.27851963325122037,0.29227367571950125,846280000
2012-11-12,0.2732474207878113,0.2810413722744054,0.2704965886613702,0.2798952013306786,643624000
2012-11-13,0.2711840271949768,0.2780610733499189,0.2709548096301464,0.2718717345431554,492120000
2012-11-14,0.2645363509654999,0.27553959061989125,0.2643071059891538,0.27278878753800684,619300000
2012-11-15,0.26568251848220825,0.2730180024013253,0.2638486406707156,0.26614098110336804,466688000
2012-11-16,0.2608686089515686,0.26659946039147414,0.2555962201614845,0.2656825350918314,624552000
2012-11-19,0.26820412278175354,0.2691210755089455,0.26247327071252213,0.26568256426740666,404092000
2012-11-20,0.2650895118713379,0.26831948300216607,0.2623209337555878,0.2671659179549903,336976000
2012-11-21,0.2727030813694,0.2733951984832102,0.2648588215489693,0.2650895455890151,422312000
2012-11-23,0.27454879879951477,0.27777877043081217,0.2724723648909683,0.2738566541633326,276932000
2012-11-26,0.2793938219547272,0.280085966753689,0.2745488633683363,0.27501028406658723,364600000
2012-11-27,0.28054723143577576,0.284700070416925,0.27593297201297784,0.2782401017243768,451404000
2012-11-28,0.2828544080257416,0.2842386970832668,0.2759330177444356,0.27939371288508863,398332000
2012-11-29,0.277778685092926,0.2847000743220613,0.27685584419697035,0.2833158129781278,488688000
2012-11-30,0.276163786649704,0.27962448235294574,0.27454880082215743,0.2775480484291019,460504000
2012-12-03,0.27108803391456604,0.27962443727563596,0.2703959168880232,0.27962443727563596,391380000
2012-12-04,0.2791630029678345,0.27962442346379157,0.2699344555328989,0.27154946852348694,528068000
2012-12-05,0.2759329676628113,0.2787015177722119,0.27201085271589753,0.2768558360347149,633024000
2012-12-06,0.27639445662498474,0.2782401663232525,0.2743180504039098,0.27524089150146264,412896000
2012-12-07,0.2759329676628113,0.27800940087222814,0.27270299711903645,0.27662511206595025,338288000
2012-12-10,0.2851615250110626,0.2872379585019,0.27524086056326347,0.27593300506020924,513644000
2012-12-11,0.2918521463871002,0.2955435644568901,0.28539217851654397,0.28608432284252355,816724000
2012-12-12,0.2888529896736145,0.29439011902169676,0.2876994244973261,0.2927751332755257,399404000
2012-12-13,0.2890837490558624,0.2946208515777925,0.2863151977948974,0.28839160436482947,377556000
2012-12-14,0.29046785831451416,0.29346713206430686,0.28816072889208166,0.2902371618741622,338660000
2012-12-17,0.28931429982185364,0.29139073284856526,0.2849307648262725,0.2897757477187803,445232000
2012-12-18,0.2897758483886719,0.2930058197703536,0.28839155922328696,0.28931440033143535,416436000
2012-12-19,0.2918521463871002,0.2953128405138462,0.2906985816781849,0.2918521463871002,458544000
2012-12-20,0.2916214168071747,0.29323640171549786,0.28839141948737934,0.2930056777986736,334332000
2012-12-21,0.28493088483810425,0.2876994358700038,0.28170088571491786,0.2876994358700038,462172000
2012-12-24,0.28262367844581604,0.28562295271737415,0.281700810014406,0.28470008428596405,127376000
2012-12-26,0.2823930084705353,0.28654584844822917,0.2812394433380182,0.2819315879181609,196740000
2012-12-27,0.28054723143577576,0.283315809091979,0.2773172608410795,0.2828543611471747,299804000
2012-12-28,0.2791630029678345,0.28354653893416487,0.2775479899772465,0.2780094379763624,220600000
2012-12-31,0.2828544080257416,0.28400797307262593,0.2775480033094417,0.2782401478382043,326460000
2013-01-02,0.2934671938419342,0.2936979178340079,0.288622237536808,0.2897758024908606,478836000
2013-01-03,0.29369792342185974,0.29692789435339684,0.29023722849385925,0.2934671994253963,298888000
2013-01-04,0.303387850522995,0.3043106913787317,0.2932364635941174,0.2941593044498541,524968000
2013-01-07,0.2946208119392395,0.3040800572699784,0.29254440564866896,0.3031572161415388,610732000
2013-01-08,0.28816089034080505,0.2962358753466659,0.2860844836985224,0.29531300655874326,466424000
2013-01-09,0.28170084953308105,0.2918522386837476,0.2798551674176515,0.2904679495940146,695020000
2013-01-10,0.28216227889060974,0.28562297388274044,0.28054726589175494,0.28423868488462456,506368000
2013-01-11,0.28170084953308105,0.2835465591516714,0.2789322988567759,0.2833158626388231,513172000
2013-01-14,0.28147003054618835,0.28354643577413563,0.2782400332433107,0.28354643577413563,305684000
2013-01-15,0.27639445662498474,0.28008587602152024,0.27477947095268623,0.28008587602152024,375888000
2013-01-16,0.2789323329925537,0.2812394634223484,0.2759330579331878,0.2759330579331878,337376000
2013-01-17,0.28262367844581604,0.28377724335771093,0.2791629837101314,0.2798551281578997,580736000
2013-01-18,0.2807779610157013,0.28262367032231295,0.277317266379488,0.28262367032231295,397088000
2013-01-22,0.2793938219547272,0.28308524254707623,0.27800955985997444,0.2805473874519399,308224000
2013-01-23,0.2798551917076111,0.2805473088093889,0.27685591675497556,0.2803166122765174,421808000
2013-01-24,0.28123942017555237,0.28239298521306355,0.27754800105425276,0.2789322901005301,396980000
2013-01-25,0.2863151729106903,0.2865458694522066,0.2803166227806395,0.28170088453922987,393920000
2013-01-28,0.2909294068813324,0.2927751165586401,0.28700726350336797,0.28769940807025357,422492000
2013-01-29,0.28470009565353394,0.2904679204433074,0.2835465306955793,0.289775803471061,388872000
2013-01-30,0.28423872590065,0.28885298655600156,0.2833158847708449,0.2849308704995854,287592000
2013-01-31,0.2828544080257416,0.287468695716439,0.2810087259532548,0.2842386970832668,470544000
2013-02-01,0.28539231419563293,0.28631518290339986,0.2828544596282304,0.28516159014289993,288816000
2013-02-04,0.28054723143577576,0.2895450538121251,0.28031653496652925,0.28377722953362766,511744000
2013-02-05,0.2870071530342102,0.28862216556971154,0.28100863327074477,0.28193147400261603,367296000
2013-02-06,0.28470009565353394,0.2870072255694433,0.2784708503812102,0.2800858358217152,530688000
2013-02-07,0.2835465967655182,0.28608445126563387,0.2807780457219512,0.28377732081213397,440000000
2013-02-08,0.28539231419563293,0.2876994447103024,0.28354660428326434,0.28539231419563293,307232000
2013-02-11,0.2886222302913666,0.29162150459724256,0.2849308115298027,0.287699361849397,408308000
2013-02-12,0.2867765724658966,0.29000654383556573,0.28562300733342016,0.2860844278857783,277804000
2013-02-13,0.28539231419563293,0.2923137057396414,0.2844694729910312,0.28700730005526853,856396000
2013-02-14,0.29369792342185974,0.29392864741832314,0.27800943424762575,0.28147012917562625,882096000
2013-02-15,0.29369792342185974,0.2950822123943233,0.2872379540556271,0.29300577893562796,733860000
2013-02-19,0.2897758483886719,0.29415938490712024,0.2879301386692128,0.2939286883816643,433552000
2013-02-20,0.2856230139732361,0.29531295581066563,0.28470014534390387,0.2906986951734932,713012000
2013-02-21,0.2835465967655182,0.2883915817191338,0.2828544521288353,0.28516158258233526,580408000
2013-02-22,0.2888529896736145,0.2890837137101375,0.28377730839857823,0.2853922941447493,370148000
2013-02-25,0.2837771475315094,0.2918520991880144,0.2833157272231958,0.28954497014329866,644444000
2013-02-26,0.28714320063591003,0.28876809445978374,0.2834291338911437,0.2843576644132841,487504000
2013-02-27,0.29248207807540894,0.29457125040251786,0.2864467282485028,0.2871431190242058,476980000
2013-02-28,0.29387491941452026,0.2982853491047743,0.29039299249951067,0.29155363480451385,591392000
2013-03-01,0.29503539204597473,0.2959638942872416,0.2892321838583581,0.2917855788577818,389396000
2013-03-04,0.29387491941452026,0.29666045541214886,0.29062510435737415,0.2929463889673805,353680000
2013-03-05,0.2971246540546417,0.2975889053598507,0.2941069790629476,0.295499760650465,366168000
2013-03-06,0.29689252376556396,0.3017672036747954,0.2954997422647043,0.29898166834496476,342928000
2013-03-07,0.2961961328983307,0.3015350917536691,0.2945712395958943,0.29851741695092227,314824000
2013-03-08,0.29758885502815247,0.29898163638010644,0.2954997106721072,0.29689249202406115,246464000
2013-03-11,0.29480332136154175,0.2959639632695838,0.2922498980950949,0.2945712095830648,299748000
2013-03-12,0.29573190212249756,0.29666040473914307,0.29155358500381157,0.2943391205256387,310856000
2013-03-13,0.29573190212249756,0.30083872185782906,0.29294633892877986,0.29573190212249756,485840000
2013-03-14,0.29596400260925293,0.298517426215102,0.2941069697751708,0.2975888959621162,383304000
2013-03-15,0.2934105098247528,0.2959639049158738,0.29224984047366825,0.2959639049158738,355776000
2013-03-18,0.29132160544395447,0.29410714249499065,0.28923245957365373,0.29155374506150156,298312000
2013-03-19,0.28946441411972046,0.292946340458155,0.287375269385416,0.2915535865259156,355480000
2013-03-20,0.29294636845588684,0.2938748988380128,0.2896965812981793,0.29224997758726573,340588000
2013-03-21,0.28830379247665405,0.2917857190623075,0.28783954113294546,0.2913214677185989,339032000
2013-03-22,0.28969651460647583,0.29085715656301925,0.2880716214016925,0.2892322633582359,232476000
2013-03-25,0.2880716621875763,0.29155358855018604,0.2859824897668759,0.29132144905725565,362076000
2013-03-26,0.2901607155799866,0.2903928549998284,0.28760729264925544,0.2887679344047001,232540000
2013-03-27,0.29364266991615295,0.2952675630002591,0.28830371177818864,0.2890001024347727,254944000
2013-03-28,0.2978209853172302,0.2980531247593778,0.29085713411542186,0.29294627840721044,349276000
2013-04-01,0.2880716621875763,0.29712465966160523,0.2859824897668759,0.29712465966160523,442828000
2013-04-02,0.2850538492202759,0.2890000249875625,0.28319681719100054,0.28830363451759955,371524000
2013-04-03,0.2815721035003662,0.28621467268828105,0.27948293076266745,0.28458975133499476,353156000
2013-04-04,0.2843575179576874,0.285286020329714,0.2797149507537877,0.28064345312581435,294676000
2013-04-05,0.28923219442367554,0.28923219442367554,0.27948278217484135,0.2801791727171696,551352000
2013-04-08,0.2885359525680542,0.28946445532170895,0.2831969925548026,0.28946445532170895,326660000
2013-04-09,0.2931784689426422,0.29526761359851367,0.28667886782053487,0.28876801247640627,380584000
2013-04-10,0.2978209853172302,0.2982852365296405,0.2927141666369477,0.29341055729150556,384688000
2013-04-11,0.29642826318740845,0.2982852960796746,0.2855182329941941,0.2936427276849544,969220000
2013-04-12,0.30385637283325195,0.30710615940632796,0.29526759978518685,0.2978210232868097,770548000
2013-04-15,0.29758885502815247,0.30385634344005974,0.29573185012139475,0.3029278133147952,430420000
2013-04-16,0.3008387088775635,0.302927853510821,0.29874953657241654,0.3003744575892717,468844000
2013-04-17,0.29689252376556396,0.30130295239847177,0.2950354909883806,0.2985174170686411,532948000
2013-04-18,0.29108926653862,0.2994458996424515,0.29108926653862,0.2975888669891682,402548000
2013-04-19,0.2917855679988861,0.2927140978774769,0.2871430016215674,0.2908570657921737,303028000
2013-04-22,0.2922499179840088,0.29480334142422754,0.28923227095524373,0.29155355492930163,245568000
2013-04-23,0.29991015791893005,0.30292780464195884,0.2943390603425005,0.2948033115558984,376948000
2013-04-24,0.31012389063835144,0.31267731460483134,0.3006066133144466,0.30083875282845146,556556000
2013-04-25,0.3126772940158844,0.31337368484015016,0.30896322806772814,0.31174879136479117,353224000
2013-04-26,0.31128451228141785,0.31267729392956484,0.3096596188065074,0.3122130426041464,324332000
2013-04-29,0.3149985373020172,0.3161591793007115,0.31035596930724013,0.31174875077442843,269712000
2013-04-30,0.3196411728858948,0.3196411728858948,0.313605822147736,0.31569499479028046,276712000
2013-05-01,0.31685563921928406,0.3217303477469409,0.3156949969671652,0.3196411750899905,341316000
2013-05-02,0.32056957483291626,0.3214980771874027,0.31476633826578637,0.316623370646642,323480000
2013-05-03,0.3219624161720276,0.3242837003632,0.3208017740764414,0.32265880696375737,293864000
2013-05-06,0.32103386521339417,0.3238194002888935,0.31917683260576596,0.32196236768126524,217116000
2013-05-07,0.31685563921928406,0.3217303477469409,0.3138379638293962,0.32103395686129077,448068000
2013-05-08,0.32265886664390564,0.3245158998747052,0.3161592641720549,0.3173199064823177,334032000
2013-05-09,0.3228909373283386,0.32428369120055556,0.31639133624232424,0.3168555875330632,566800000
2013-05-10,0.3375150263309479,0.33890780784813695,0.3296226438533584,0.3296226438533584,861136000
2013-05-13,0.3305510878562927,0.3365864359604556,0.3291583067024454,0.33519365480660823,289812000
2013-05-14,0.33542582392692566,0.3382113588094151,0.33124750776724937,0.33449729385150634,454140000
2013-05-15,0.341229110956192,0.34238975306127195,0.33380097934616787,0.33380097934616787,313172000
2013-05-16,0.33960428833961487,0.3442468577277554,0.3384436183206834,0.34076493068665,308368000
2013-05-17,0.34517523646354675,0.34749652032323264,0.3386756361220491,0.3412290594364581,312116000
2013-05-20,0.3444788455963135,0.3458716269801722,0.34262181297513067,0.34378245490438414,236380000
2013-05-21,0.34809523820877075,0.349495094816415,0.34249586740310856,0.3464620907081574,357784000
2013-05-22,0.3359631597995758,0.349495001411309,0.3345633035660534,0.349495001411309,480404000
2013-05-23,0.34132927656173706,0.3424958142830283,0.3310637279269025,0.3319969469789542,393884000
2013-05-24,0.33922940492630005,0.3422624077858491,0.3354964740510941,0.33946272353566764,283304000
2013-05-28,0.3389960825443268,0.34272901337798983,0.3357297889242059,0.3417957945757969,279300000
2013-05-29,0.3368964195251465,0.3389961763171362,0.33549656312218445,0.3368964195251465,335052000
2013-05-30,0.34132927656173706,0.3448288897256107,0.33549656014282786,0.3364298070073327,284504000
2013-05-31,0.3375963270664215,0.3443622343709538,0.3375963270664215,0.3394627928853292,577508000
2013-06-03,0.3371296226978302,0.34062923469383544,0.3301303708933759,0.33806284143845405,444468000
2013-06-04,0.3375963270664215,0.3452954811866335,0.335496542590481,0.3392294742282964,363676000
2013-06-05,0.33036383986473083,0.33969614276876264,0.3294305928868538,0.3371297761576278,464520000
2013-06-06,0.3324635326862335,0.3350299266141908,0.33013045741080005,0.33036377606332384,341044000
2013-06-07,0.3371296226978302,0.3392293787704558,0.3333966921104471,0.33479652022138284,274584000
2013-06-10,0.3368964195251465,0.3389961763171362,0.33433002539053386,0.33619649132366547,224148000
2013-06-11,0.3305972218513489,0.3371298406972572,0.3305972218513489,0.3324636605394983,296336000
2013-06-12,0.3277973532676697,0.33502989710955505,0.32593088764920425,0.3322302125880812,312588000
2013-06-13,0.33526331186294556,0.3368964593176649,0.3263976184927393,0.3266309093791525,236256000
2013-06-14,0.33479660749435425,0.33689639192678417,0.3324635322221773,0.33642978243483895,236012000
2013-06-17,0.33806297183036804,0.3410959756259001,0.3354965775851206,0.3373630435987138,255336000
2013-06-18,0.3359631597995758,0.3434289948159786,0.333163447332531,0.33969606340155223,486772000
2013-06-19,0.346228688955307,0.36116038720960775,0.3378296069489846,0.33899614457139327,1159588000
2013-06-20,0.3368964195251465,0.34389564591504995,0.33456334406184535,0.3434290363848804,628696000
2013-06-21,0.3364298343658447,0.33992944781430734,0.33083043616083135,0.3387629099981531,714228000
2013-06-24,0.32943055033683777,0.3357298762333889,0.3245311086325183,0.3315303349065058,580772000
2013-06-25,0.3317636251449585,0.33363006307479015,0.32826398449539784,0.33293016275732856,457360000
2013-06-26,0.32989710569381714,0.33596311141554625,0.32849724966189625,0.33549647419660866,579752000
2013-06-27,0.32686424255371094,0.3312970755289006,0.3233646287904166,0.33083046592295295,808036000
2013-06-28,0.3275641202926636,0.3308304148424363,0.32266465065555094,0.3268641920855827,431536000
2013-07-01,0.32896390557289124,0.3305970804451573,0.3268641490406205,0.3298971523302504,199524000
2013-07-02,0.3287307024002075,0.33363014488611126,0.32569769830181533,0.32709752709244894,256392000
2013-07-03,0.32966384291648865,0.33363006526205913,0.3259309114074513,0.3259309114074513,140388000
2013-07-05,0.3322301208972931,0.33293004878760357,0.32849719069059785,0.3305969743615293,184684000
2013-07-08,0.3305972218513489,0.3347967367121468,0.3287307553507377,0.3331635889537852,262084000
2013-07-09,0.3322301208972931,0.3343298767557836,0.3303636557939455,0.3312968744393988,157364000
2013-07-10,0.33666300773620605,0.3375962543508718,0.33129693009232625,0.33223017670699206,208468000
2013-07-11,0.34132927656173706,0.3417958860877629,0.3378296355854103,0.33852956378067567,239832000
2013-07-12,0.34156256914138794,0.34482889146495077,0.3394628123574537,0.34062935008462897,216360000
2013-07-15,0.34086260199546814,0.3422624582331116,0.33549652350110176,0.3422624582331116,201332000
2013-07-16,0.3427291214466095,0.3445955874519711,0.3406293645733617,0.3422625118983827,162560000
2013-07-17,0.34086260199546814,0.3438956053020622,0.33992938304533926,0.342729067708176,166100000
2013-07-18,0.33946287631988525,0.3415626334994609,0.33503001543389654,0.3403960955524836,344488000
2013-07-19,0.3322301208972931,0.3389960256079321,0.3287305092581817,0.33736287907216833,480532000
2013-07-22,0.33199694752693176,0.337829636143015,0.3305971189465437,0.33479663250016106,292384000
2013-07-23,0.3315303325653076,0.3361964833816813,0.3298971853420674,0.3361964833816813,246792000
2013-07-24,0.3315303325653076,0.33549655519673466,0.33106372304616083,0.334563336158441,284252000
2013-07-25,0.3326968550682068,0.33712971482869236,0.32896392346068754,0.3312969987622742,243320000
2013-07-26,0.3312969505786896,0.3333967347321974,0.3287305848076654,0.3287305848076654,227360000
2013-07-29,0.3305972218513489,0.3347967367121468,0.32966397469481235,0.3305972218513489,179540000
2013-07-30,0.33619657158851624,0.3406294327145786,0.33153041954789897,0.33176373827491384,266076000
2013-07-31,0.3368964195251465,0.3401627140487868,0.33433002539053386,0.33456334406184535,270160000
2013-08-01,0.34156256914138794,0.34226249734018377,0.3340967332499566,0.338062955959862,277648000
2013-08-02,0.3443622589111328,0.3450621871196584,0.33852957019417546,0.3408626456809584,209628000
2013-08-05,0.34599539637565613,0.34716193399218936,0.34156253674535947,0.34342900249430275,185188000
2013-08-06,0.34086260199546814,0.3469286086086562,0.34016267387664645,0.3462286804898345,206608000
2013-08-07,0.3406294882297516,0.34412910283057535,0.33876302154681937,0.33899631249939555,244380000
2013-08-08,0.34296244382858276,0.3445955911712305,0.33852958354144774,0.3424958342753198,345696000
2013-08-09,0.33806297183036804,0.3431957325084083,0.3291972791251414,0.32943056999405645,906224000
2013-08-12,0.33526331186294556,0.3401627542271035,0.3058665186157146,0.3242978336402802,257568000
2013-08-13,0.3364298343658447,0.3378296630577566,0.33363012135711034,0.33572990611366116,197468000
2013-08-14,0.35066166520118713,0.3527614224947012,0.33549664325513007,0.3357299619821694,828508000
2013-08-15,0.352994829416275,0.355794515777939,0.3455289620352151,0.3469288191222806,723616000
2013-08-16,0.35439440608024597,0.3592938463832413,0.3515946941214544,0.3522946221111523,660456000
2013-08-19,0.34879499673843384,0.35346114607608076,0.34856167814657396,0.352294608741669,393432000
2013-08-20,0.3505536615848541,0.35289849988687905,0.3482088232828292,0.34867778535269867,234192000
2013-08-21,0.3489123582839966,0.35289857869711666,0.3475054438075148,0.34844336815671356,261540000
2013-08-22,0.3507881164550781,0.3540708785211921,0.3486777454531412,0.3486777454531412,129016000
2013-08-23,0.3507881164550781,0.3540708785211921,0.35008465945443246,0.3512570784712838,245120000
2013-08-26,0.3514916002750397,0.3524295524062838,0.3500847140071913,0.3510226381857569,300152000
2013-08-27,0.3470364809036255,0.35055373913475474,0.34586406149324905,0.3482089003140019,277464000
2013-08-28,0.3470364809036255,0.35031924407160603,0.34562956643010034,0.34773993814038806,318824000
2013-08-29,0.34633299708366394,0.3496157879523536,0.34492608271812814,0.34586403494604584,276216000
2013-08-30,0.34586411714553833,0.34750549899364,0.3442227352974367,0.3465675744954928,378120000
2013-09-03,0.34609854221343994,0.35102271511172894,0.3439881983728502,0.3468019994778648,284680000
2013-09-04,0.3493812382221222,0.35149158148743387,0.34562948580303793,0.3460984478672542,222080000
2013-09-05,0.35031941533088684,0.3517263304922051,0.3477401081387331,0.34797457536382126,174904000
2013-09-06,0.3489123582839966,0.3524296165225173,0.34633302439467456,0.3505537398714362,226756000
2013-09-09,0.35477447509765625,0.35477447509765625,0.3507882544626327,0.3517261788640434,246408000
2013-09-10,0.36227789521217346,0.3625123902507085,0.3557123416126793,0.3573537509770634,292132000
2013-09-11,0.36837464570999146,0.36931259831635344,0.3592297545495996,0.36180908927622896,396164000
2013-09-12,0.3681400418281555,0.3728297192605541,0.3664986323646701,0.3664986323646701,303808000
2013-09-13,0.37048494815826416,0.3721263299686211,0.3667331943465732,0.3693125285861967,159696000
2013-09-16,0.37071937322616577,0.37611250823611836,0.3693124866709723,0.37353320224192144,231412000
2013-09-17,0.37189173698425293,0.3749400326597973,0.3704848506397033,0.372126232018018,168608000
2013-09-18,0.37517452239990234,0.3761124466163681,0.3702503503817577,0.372126226767369,268168000
2013-09-19,0.3735331594944,0.37751937954028764,0.37189175010549236,0.3768159223668531,227572000
2013-09-20,0.37025049328804016,0.37681604919545975,0.36954703587783616,0.3744712097965735,356036000
2013-09-23,0.36673322319984436,0.37306428379657675,0.36462285103247377,0.37001598707883454,271244000
2013-09-24,0.3681400418281555,0.3695469282862657,0.3648572508538671,0.3669676224700559,229732000
2013-09-25,0.3686089813709259,0.37142278206723417,0.36579515272193697,0.36743656208474074,233156000
2013-09-26,0.36743658781051636,0.3702503887038306,0.3653262161760187,0.36954693149233137,148816000
2013-09-27,0.3653262257575989,0.36767106455564036,0.3632158820204349,0.36462276852764974,151920000
2013-09-30,0.3648572862148285,0.36743662023370255,0.3594641510543459,0.36157452287506614,226640000
2013-10-01,0.3646228015422821,0.36696766850532203,0.36251245761403783,0.3653262588359255,226976000
2013-10-02,0.3643883764743805,0.36579526327137896,0.3608711175528506,0.3608711175528506,162036000
2013-10-03,0.36063674092292786,0.3679057562632401,0.3589953584775117,0.3646229634197095,436768000
2013-10-04,0.36556071043014526,0.36860900637151084,0.3592296234932004,0.36016757575737274,246228000
2013-10-07,0.36556071043014526,0.36814004421576596,0.362277919434566,0.36415379601022807,169952000
2013-10-08,0.362512469291687,0.36978148163901625,0.3596986679791581,0.36462281328791196,290712000
2013-10-09,0.35688483715057373,0.36509180186791906,0.35500898825222965,0.36485730677928274,275860000
2013-10-10,0.3608710765838623,0.3618090010087139,0.35688482789652815,0.35946416199389897,223484000
2013-10-11,0.35782280564308167,0.3596986825784672,0.3540710517723105,0.3552434713628405,213704000
2013-10-14,0.3632158637046814,0.3632158637046814,0.3568847769070781,0.3568847769070781,166628000
2013-10-15,0.3613400459289551,0.36532626674228924,0.36110555084177043,0.36321592276837306,208820000
2013-10-16,0.3657951056957245,0.36720201983934764,0.3629813053611553,0.36345026742480396,210072000
2013-10-17,0.3664986491203308,0.36743660142130147,0.3629813908852292,0.3629813908852292,213324000
2013-10-18,0.37071937322616577,0.3718917926651692,0.3643883138460842,0.3657952004012777,255068000
2013-10-21,0.37165746092796326,0.3754091877277579,0.3704850410618972,0.37517472052616135,195008000
2013-10-22,0.3697814643383026,0.3718918082357924,0.36649867300003625,0.37165734110978543,179452000
2013-10-23,0.36345037817955017,0.36907800851628136,0.3622779586868169,0.36907800851628136,252216000
2013-10-24,0.3608710765838623,0.3667331741208997,0.36016761928888064,0.3643883351060847,236436000
2013-10-25,0.35735371708869934,0.3629813179530605,0.35618129791256764,0.362746850889441,330492000
2013-10-28,0.35665035247802734,0.3585262292368207,0.3517261794802804,0.35688481960244817,394024000
2013-10-29,0.3571191728115082,0.3578226298106882,0.3528984587691021,0.3561812487810509,387952000
2013-10-30,0.35688483715057373,0.35993313353941286,0.3538365407617346,0.35829175177701844,204032000
2013-10-31,0.35618138313293457,0.3599331086225914,0.3554779258684099,0.3573538025895807,293368000
2013-11-01,0.35782280564308167,0.35946418747928605,0.3552434713628405,0.3580572727895749,206136000
2013-11-04,0.34750548005104065,0.358995208266821,0.3468020227394318,0.358995208266821,410264000
2013-11-05,0.3470364809036255,0.34867786248761573,0.34164334602535723,0.34539509931963525,422368000
2013-11-06,0.3493812382221222,0.3496157332305689,0.34351914253772625,0.3470363999483638,198044000
2013-11-07,0.3411743938922882,0.3491468349363983,0.34047093663482336,0.3482089105615681,553076000
2013-11-08,0.3648572862148285,0.3660297056865558,0.350319262403262,0.35172617695040875,734532000
2013-11-11,0.36790555715560913,0.36884348148747864,0.36274691742496057,0.3634503466975211,297624000
2013-11-12,0.3686089813709259,0.37165727710554347,0.3643882663501232,0.36954690561880177,316032000
2013-11-13,0.3786918818950653,0.3786918818950653,0.36696768627555665,0.3676711156505773,332792000
2013-11-14,0.38033321499824524,0.3826780538219437,0.37728491893690047,0.3775194140003438,307980000
2013-11-15,0.37916073203086853,0.38220902758125314,0.3754089793607523,0.38174006548565836,450332000
2013-11-18,0.37001585960388184,0.37423657453184583,0.3690779353766365,0.3709538117838072,316948000
2013-11-19,0.36400413513183594,0.3715482493249226,0.36353263326427987,0.3682477081479669,206716000
2013-11-20,0.35858187079429626,0.36518298267711374,0.35787460378826774,0.36423995063438597,204776000
2013-11-21,0.36141088604927063,0.36211815300703054,0.35740307742738736,0.359053348259449,213568000
2013-11-22,0.3578745722770691,0.36188238081958035,0.3571673053333161,0.36188238081958035,158668000
2013-11-25,0.3656544089317322,0.3661259108034293,0.3578745296845079,0.3578745296845079,248208000
2013-11-26,0.3687191903591156,0.37272699817578087,0.36730465672779294,0.3696621940439562,753176000
2013-11-27,0.37013378739356995,0.3713125562535722,0.36612595078630916,0.36848348850631363,181272000
2013-11-29,0.3677762746810913,0.371076844828182,0.36541873662062824,0.37013384084562495,116964000
2013-12-02,0.3713127076625824,0.3739059833495993,0.3656545979649422,0.36636186519015695,373872000
2013-12-03,0.3710767924785614,0.3762633698590703,0.3687192547506877,0.37131255749297537,290560000
2013-12-04,0.37626343965530396,0.37697070672567623,0.36919082515972473,0.37013385728824505,493176000
2013-12-05,0.37013378739356995,0.3769706355399564,0.36966225736631586,0.3769706355399564,271812000
2013-12-06,0.3647114932537079,0.3746131473665122,0.3637684611785402,0.3746131473665122,281000000
2013-12-09,0.35858187079429626,0.3658902496831422,0.35787460378826774,0.3647114807077845,385220000
2013-12-10,0.36683326959609985,0.36848354061265043,0.3581103844194151,0.35858188640927663,524268000
2013-12-11,0.3632969260215759,0.36801200165468606,0.3625896590557959,0.3675404997121886,414156000
2013-12-12,0.3562243580818176,0.36400423949119176,0.35551709102567974,0.3621182033761812,258724000
2013-12-13,0.35410258173942566,0.3595249254112132,0.35363107970363394,0.35693165016232226,184588000
2013-12-16,0.35457396507263184,0.35763876943536704,0.35410246319468724,0.35433822818569144,237620000
2013-12-17,0.3562243580818176,0.35716736208728733,0.35127351679292373,0.35433832196680703,274104000
2013-12-18,0.36117517948150635,0.36188244655373086,0.352452293868262,0.3569316332563028,426232000
2013-12-19,0.36258965730667114,0.3630611592468941,0.35834608363652937,0.36070362144171175,258544000
2013-12-20,0.3698980510234833,0.3701338160553671,0.36235390725202504,0.36329693927549167,382080000
2013-12-23,0.37201979756355286,0.3750846022407801,0.36895502099039224,0.37201979756355286,168568000
2013-12-24,0.37296292185783386,0.37414169101752315,0.3691908493051987,0.37414169101752315,79600000
2013-12-26,0.3694266378879547,0.3755562491500383,0.3684836056377474,0.3743774799153357,168920000
2013-12-27,0.37154826521873474,0.37225553210235535,0.3691907276760423,0.3713125283269041,210976000
2013-12-30,0.3764991760253906,0.3767349410655741,0.3713125980779813,0.37178410005427853,248180000
2013-12-31,0.37767788767814636,0.3795639234010624,0.37484884814580505,0.37720638577343374,235776000
2014-01-02,0.37390583753585815,0.37673490533345294,0.3706052959107536,0.3753203714346556,260092000
2014-01-03,0.3694266378879547,0.3753204840614676,0.36824786865325215,0.374613216899831,259332000
2014-01-06,0.3743773400783539,0.3772063795641255,0.36966223679664795,0.3731985431798787,409492000
2014-01-07,0.38050711154937744,0.3819216460528603,0.37555629699534554,0.3781495727796254,333288000
2014-01-08,0.38569363951683044,0.38757967576318175,0.3805070328133461,0.38192156702412783,308192000
2014-01-09,0.3713127076625824,0.3805070972781405,0.3701339383219171,0.3797998300529258,292172000
2014-01-10,0.3708410859107971,0.3750846601105944,0.36754054381321644,0.3724913850636584,218492000
2014-01-13,0.36211809515953064,0.373198515380808,0.36141082831475485,0.37084097796759735,243332000
2014-01-14,0.37343430519104004,0.3741415720828375,0.3623538561290308,0.36400415491124644,241828000
2014-01-15,0.3774421513080597,0.37885668523357535,0.37343434265785536,0.3750846135015786,175044000
2014-01-16,0.3786208927631378,0.37932815967462225,0.3757918532212655,0.37744212394535226,220652000
2014-01-17,0.3769705593585968,0.38310016743351266,0.3746130221150231,0.3786208298082862,340400000
2014-01-21,0.3783852756023407,0.3807428139839567,0.3743774659744083,0.3774422433872497,246076000
2014-01-22,0.37791362404823303,0.3795638946417199,0.3734342860326963,0.3790923927727327,337940000
2014-01-23,0.3764991760253906,0.3807427500202054,0.37367013606353733,0.3767349410655741,185028000
2014-01-24,0.36683326959609985,0.37484891584002755,0.36683326959609985,0.3734343817663725,246696000
2014-01-27,0.36447572708129883,0.3720198431389496,0.36235392599678856,0.36683326510581904,233812000
2014-01-28,0.36801207065582275,0.3682478357233105,0.3623539619727719,0.36376849616955287,167996000
2014-01-29,0.36447572708129883,0.3687193011462493,0.36423996203721876,0.366597500061739,162944000
2014-01-30,0.3706054091453552,0.371312676310852,0.36541880200109594,0.3665975712422321,202896000
2014-01-31,0.37013378739356995,0.3722555600999474,0.3651829469399339,0.3654186838494945,335348000
2014-02-03,0.3651829957962036,0.37319861387496756,0.3637684617333299,0.3727271118886997,431728000
2014-02-04,0.3673047125339508,0.3680119794570702,0.3630611390993005,0.3649471748595969,280692000
2014-02-05,0.36400413513183594,0.3658901707061234,0.36117506771837316,0.36471140198520163,214676000
2014-02-06,0.3687191903591156,0.3696621940439562,0.364004115726789,0.3644756175692093,168380000
2014-02-07,0.374141663312912,0.374613165321059,0.3663617818142361,0.36966232397533666,157248000
2014-02-10,0.3753204345703125,0.38027127594485705,0.37343439842267306,0.37367016348015486,324372000
2014-02-11,0.383100301027298,0.3840433050119451,0.37555618483790887,0.3774421928072032,235384000
2014-02-12,0.3967739939689636,0.39960306189246964,0.38427903765370613,0.38427903765370613,744528000
2014-02-13,0.40926894545555115,0.41162651139868034,0.39960305717784056,0.40667567069502447,902836000
2014-02-14,0.4222353994846344,0.4231784033067403,0.4052611058542024,0.4054968708617617,817536000
2014-02-18,0.42199963331222534,0.42388566905529684,0.418463326832991,0.4224711633260425,428988000
2014-02-19,0.42765775322914124,0.4314298248271936,0.4201136100330365,0.4219996458320627,450340000
2014-02-20,0.4427459239959717,0.44368892765704004,0.42789343365774873,0.4286006723515195,398088000
2014-02-21,0.43944552540779114,0.44769693711062475,0.43661648522331575,0.44203882863760213,451052000
2014-02-24,0.44581079483032227,0.44911133624252386,0.4344946086821002,0.43850241699807785,403112000
2014-02-25,0.44379788637161255,0.44711335936077595,0.4390615205850651,0.44521880739996356,242184000
2014-02-26,0.44308745861053467,0.4494815468414381,0.44166653756768176,0.44285062902640343,360884000
2014-02-27,0.438114196062088,0.44758692628041546,0.4369301047847971,0.4430873907190951,388848000
2014-02-28,0.4352724254131317,0.44000879098769596,0.42887830930269744,0.435746056324395,321692000
2014-03-03,0.43314117193222046,0.43314117193222046,0.4217738855487485,0.4255629904202305,375948000
2014-03-04,0.43764063715934753,0.44048245104593736,0.434561993685972,0.43527245421536137,260344000
2014-03-05,0.4414297342300415,0.44166656382825414,0.43527247521717155,0.4371669990789968,241472000
2014-03-06,0.4352724254131317,0.4445083269911457,0.43456196493075394,0.44214014420386355,290144000
2014-03-07,0.4347987174987793,0.4378773604231025,0.4314832732608697,0.4371669000204183,268452000
2014-03-10,0.42840468883514404,0.4352724360242645,0.4265101369129396,0.43337788410206,300888000
2014-03-11,0.4326673448085785,0.43645644796294747,0.42911507118796804,0.4305359636976355,297220000
2014-03-12,0.4338515102863312,0.43645652267978113,0.4288783150737326,0.4305360374009434,239428000
2014-03-13,0.42011594772338867,0.43645642235815674,0.4179845667374835,0.43479867218102175,385172000
2014-03-14,0.4220105707645416,0.4257996745927504,0.41585331233241013,0.41585331233241013,460048000
2014-03-17,0.4220105707645416,0.42627330551353493,0.42153693984375706,0.4231946621819861,299656000
2014-03-18,0.4319569766521454,0.43479879050910997,0.4217737844529689,0.42366833643460106,293904000
2014-03-19,0.4395351707935333,0.4478238395144615,0.4340883442539374,0.4352724639834713,366168000
2014-03-20,0.43977198004722595,0.4435610839597865,0.4352724438531564,0.4371669675784698,191800000
2014-03-21,0.43906155228614807,0.44711339164321706,0.436693369221887,0.4435611170468255,566116000
2014-03-24,0.43693026900291443,0.4428507276145447,0.430536151117575,0.43929845244756655,306096000
2014-03-25,0.43693026900291443,0.44214026693495434,0.4336147952418174,0.4416666358922186,304424000
2014-03-26,0.42698371410369873,0.44924464698407257,0.42319461073611425,0.440956008069574,557756000
2014-03-27,0.4213002026081085,0.4295888437915025,0.4165638079866271,0.42603656899861936,540728000
2014-03-28,0.42390507459640503,0.4265100867116909,0.419405539012871,0.4205896302960076,398820000
2014-03-31,0.42414191365242004,0.4284046480134524,0.42177373103306465,0.42461554453009837,273404000
2014-04-01,0.44166651368141174,0.4468765101718258,0.4324305838643014,0.43764060858568116,656272000
2014-04-02,0.43882468342781067,0.4426137588092936,0.4369301316215869,0.441666497021664,239948000
2014-04-03,0.4435611963272095,0.45421802202114336,0.4395352618136108,0.4397720914547545,599548000
2014-04-04,0.4298255443572998,0.4485342029215171,0.42793099272370083,0.44592919089644817,368032000
2014-04-07,0.43124648928642273,0.4395351289880252,0.42769421512859307,0.4300623979004795,428576000
2014-04-08,0.4466398060321808,0.4478238976845541,0.43053612568273747,0.43124658632035584,470692000
2014-04-09,0.44616615772247314,0.45256027538679333,0.44261388267828305,0.4487711707139349,421968000
2014-04-10,0.4352724254131317,0.450428783959351,0.43385150444837617,0.44427152565099687,372748000
2014-04-11,0.4291151463985443,0.4385878777137815,0.42343149067082225,0.4319569601469222,353112000
2014-04-14,0.4338515102863312,0.435509232613542,0.42911514464803385,0.431956958384819,290184000
2014-04-15,0.43693026900291443,0.43929845244756655,0.43006252007483925,0.4343252559214077,304636000
2014-04-16,0.4378773868083954,0.43953510902723997,0.4324305610342224,0.439061478140565,235136000
2014-04-17,0.4395351707935333,0.4435611044734313,0.4352724639834713,0.43621972588993657,153532000
2014-04-21,0.44308745861053467,0.4442715500692563,0.4369301717327952,0.4397719855875337,117004000
2014-04-22,0.446876585483551,0.4497184278944971,0.44142975850386496,0.44379794169233977,255120000
2014-04-23,0.45208653807640076,0.45327062947942154,0.4468765133183366,0.44758697380634227,261580000
2014-04-24,0.4561123847961426,0.460848749801743,0.4551651230874074,0.4551651230874074,391492000
2014-04-25,0.4435611963272095,0.4594280482785125,0.4426139059936087,0.45516531235474417,313600000
2014-04-28,0.44166651368141174,0.4494815225325156,0.4362196876196747,0.4471133397431487,226788000
2014-04-29,0.44261375069618225,0.4442715011405944,0.43764058405583817,0.443324211139364,171300000
2014-04-30,0.43740376830101013,0.44237696332925824,0.436456506500851,0.4419033324291787,305740000
2014-05-01,0.43977198004722595,0.4449819767537715,0.4362197057158131,0.44403471489111485,198104000
2014-05-02,0.43645647168159485,0.4419032971753903,0.4338514595925301,0.4419032971753903,156376000
2014-05-05,0.44119298458099365,0.44450842995880496,0.43550932763635275,0.4359829586573298,239260000
2014-05-06,0.4321938455104828,0.4492447584326764,0.43100975394323365,0.4454556823560611,416188000
2014-05-07,0.4326673448085785,0.43621961842918894,0.4279309799810979,0.4321937139720227,293900000
2014-05-08,0.438114196062088,0.44498191417799027,0.428878267160641,0.43100964839834244,432728000
2014-05-09,0.42745736241340637,0.4288782832919856,0.4194055527173615,0.4248523784439631,539532000
2014-05-12,0.4400087893009186,0.4409560511198138,0.42816784717893464,0.42840467674914123,299856000
2014-05-13,0.4329042136669159,0.4411928816394308,0.4314833209355154,0.43408830505856577,221104000
2014-05-14,0.4286414682865143,0.4347987546614296,0.42840466695268825,0.4331410324007878,214320000
2014-05-15,0.42627328634262085,0.4300623900004211,0.42201055178533675,0.4276942072720372,325896000
2014-05-16,0.42532604932785034,0.42840469270033826,0.4229578664614699,0.4229578664614699,283960000
2014-05-19,0.43906155228614807,0.44142973535040914,0.4279310975303149,0.4298256496279175,360076000
2014-05-20,0.4339464604854584,0.44036999826348167,0.43180529067978124,0.4391804531801073,256200000
2014-05-21,0.4339464604854584,0.4394183735411789,0.43132944995763794,0.4356118179299841,216712000
2014-05-22,0.43584972620010376,0.4382288163008539,0.43299482375140175,0.43299482375140175,130364000
2014-05-23,0.4398941993713379,0.44203539760356775,0.435611831267871,0.438228841875821,182656000
2014-05-27,0.447745144367218,0.447745144367218,0.4410836868940169,0.44251115219577036,209680000
2014-05-28,0.45155173540115356,0.4544066378700349,0.44512819775592277,0.4494105656397404,224676000
2014-05-29,0.4508381187915802,0.4551204877781751,0.44988649384389184,0.4513139312654244,171884000
2014-05-30,0.4520276188850403,0.45321716413101426,0.4484589831471184,0.45083807363906636,239128000
2014-06-02,0.4506000578403473,0.4563098621083145,0.4467935027543771,0.4534549599743309,181500000
2014-06-03,0.44869691133499146,0.45202762673717783,0.4427491566408079,0.4515518143027221,243212000
2014-06-04,0.4491726756095886,0.45250339065465894,0.44726939771483704,0.44750731808705346,161236000
2014-06-05,0.45107585191726685,0.4525032887461117,0.4472692969850403,0.4498863070460694,188696000
2014-06-06,0.4527413249015808,0.4567857728262532,0.45155177972603044,0.4532171372996021,161052000
2014-06-09,0.45321714878082275,0.4574995171934869,0.4491727007536935,0.4522655239606729,247456000
2014-06-10,0.45559611916542053,0.45773731698815157,0.4496483947039243,0.45155167220380055,217608000
2014-06-11,0.46154388785362244,0.46273343278681267,0.4539307775924143,0.4539307775924143,266228000
2014-06-12,0.4643987715244293,0.46653994097449525,0.45749939417012997,0.46154386947067905,337148000
2014-06-13,0.4648747742176056,0.46939506365177625,0.46035448478343494,0.4691571432327677,227852000
2014-06-16,0.4634472131729126,0.46654003617935946,0.4594027654080173,0.46273350878457276,198620000
2014-06-17,0.46654012799263,0.4684434062450776,0.46154405448607855,0.46392314521138833,157608000
2014-06-18,0.4660641849040985,0.4682053829734003,0.4610680844367184,0.4653504522143313,215536000
2014-06-19,0.4553583562374115,0.4598786167646496,0.45202761257855595,0.45749952630589363,474592000
2014-06-20,0.4503622353076935,0.45821323915172496,0.44679359977504224,0.4565478815753532,353148000
2014-06-23,0.4451282024383545,0.44536609443601877,0.43918044872088124,0.4444144697233784,414200000
2014-06-24,0.4382287859916687,0.4479830660745064,0.43632550837050654,0.4444144311701983,275780000
2014-06-25,0.44274917244911194,0.44298709285533283,0.43537400854922814,0.43941845692800274,215420000
2014-06-26,0.43680131435394287,0.44298695944280914,0.4353738774295044,0.44274903910824165,256908000
2014-06-27,0.4372771680355072,0.43989414998868115,0.4337085047157434,0.43632551502990696,302820000
2014-06-30,0.441083699464798,0.44227324446316457,0.4356117868001135,0.4356117868001135,180512000
2014-07-01,0.4460798501968384,0.44869686083328963,0.4391804714102818,0.44060793691398126,321180000
2014-07-02,0.44441452622413635,0.44631780425238254,0.4417975153901734,0.44441452622413635,179284000
2014-07-03,0.4484589099884033,0.4496484550403225,0.4403699866187581,0.4403699866187581,136892000
2014-07-07,0.4448903799057007,0.4494106691871785,0.44417664703378335,0.4491727487762068,127496000
2014-07-08,0.4413217008113861,0.4456040692637125,0.43703933235905973,0.4437007912447902,221940000
2014-07-09,0.4546445608139038,0.4565478385909881,0.44179745708932866,0.445128200289474,387668000
2014-07-10,0.4522654414176941,0.45416871907162143,0.44251116116693495,0.4460797961326776,266308000
2014-07-11,0.45321714878082275,0.45464461437204245,0.4510759787549881,0.4527413363707478,191188000
2014-07-14,0.4589269161224365,0.4601164611553318,0.4534550032989203,0.4551203606727755,272636000
2014-07-15,0.4608302116394043,0.46201975671822654,0.4565478436834459,0.45964066656058206,395440000
2014-07-16,0.4603543281555176,0.46630208135811757,0.4577373462418023,0.46273344645315106,319728000
2014-07-17,0.4591648578643799,0.4639230668725185,0.4551204099865056,0.4551204099865056,324832000
2014-07-18,0.43870460987091064,0.4532170702087057,0.43799087719903734,0.4496484352103289,567816000
2014-07-21,0.4413217008113861,0.4444145240470105,0.43703933235905973,0.43703933235905973,243364000
2014-07-22,0.43941837549209595,0.447031458387294,0.43846675076556824,0.4446523682099826,298816000
2014-07-23,0.4301399290561676,0.43989421063260725,0.42966411666826665,0.43965631861915355,297352000
2014-07-24,0.4308537542819977,0.433708657583074,0.4277609305554152,0.43251911217754224,254576000
2014-07-25,0.4232405722141266,0.43037784300912874,0.42252683946242775,0.42942618988653264,266132000
2014-07-28,0.4215751886367798,0.42514382405372453,0.4144379178028903,0.42514382405372453,330352000
2014-07-29,0.4230026602745056,0.4287124940409114,0.42157519474265576,0.4218131151182953,217972000
2014-07-30,0.4301399290561676,0.43132947420641665,0.4244301236793695,0.42561966882961855,246184000
2014-07-31,0.41634121537208557,0.42823666732403304,0.41562748258276977,0.4249059521218856,401880000
2014-08-01,0.4208613932132721,0.4232404829766574,0.41491364044382173,0.4163411056462477,219884000
2014-08-04,0.419909805059433,0.4239542526088179,0.4177686352865208,0.42038561741330327,241724000
2014-08-05,0.4201476275920868,0.42633327183514524,0.41515152813723305,0.4187201625018472,298136000
2014-08-06,0.41967201232910156,0.4249060061816682,0.41420009806282815,0.41729289327502783,223456000
2014-08-07,0.4153895378112793,0.42704706789943586,0.4125346070165552,0.4232405407747887,407696000
2014-08-08,0.4520276188850403,0.45440670937698824,0.4334707073756474,0.4334707073756474,894348000
2014-08-11,0.4496484100818634,0.45440658981378973,0.44845886514888184,0.45250331224882157,344624000
2014-08-12,0.4496484100818634,0.4520274999478266,0.44465231001894545,0.44941051811186006,296152000
2014-08-13,0.4522654414176941,0.45607199672554877,0.4475072614633705,0.45036216376376675,256596000
2014-08-14,0.4472694993019104,0.45393095926604315,0.44536622097487255,0.45393095926604315,255992000
2014-08-15,0.45297911763191223,0.45559609926406314,0.4444143834370876,0.4486967505344999,369796000
2014-08-18,0.4591648578643799,0.4596406986178894,0.45036222933936076,0.4548824896097508,284076000
2014-08-19,0.46286875009536743,0.4652583644475071,0.4576115757315001,0.4592843285671579,248260000
2014-08-20,0.4600012004375458,0.46334667769771287,0.4588063932345827,0.4611960076405089,221468000
2014-08-21,0.4556998908519745,0.46119600970752767,0.4549830293161443,0.45880639529089157,272796000
2014-08-22,0.45593881607055664,0.4597622101324444,0.4523543948199549,0.4552219261231467,251224000
2014-08-25,0.4566558301448822,0.46095714251206465,0.4556999671263663,0.45785063755318534,153380000
2014-08-26,0.46478042006492615,0.46573625435524496,0.4561777975062629,0.4578505217575451,269636000
2014-08-27,0.45952320098876953,0.4654972359340997,0.4588063110980408,0.4619128149669016,182972000
2014-08-28,0.4633466303348541,0.46430246460493985,0.45713362211995373,0.45856740201153007,179704000
2014-08-29,0.46478042006492615,0.46573625435524496,0.4600011631539867,0.4650193643942816,207932000
2014-09-02,0.46597522497177124,0.46597522497177124,0.4616739137127407,0.46597522497177124,192636000
2014-09-03,0.4702765941619873,0.4719493186114298,0.46525839232720795,0.4683648968684308,259456000
2014-09-04,0.4786401689052582,0.4815077286335562,0.4693206567611843,0.46955962956735825,491832000
2014-09-05,0.47720637917518616,0.4803128831589859,0.4740998751913864,0.4781622134072261,253792000
2014-09-08,0.4729051887989044,0.4776844181512058,0.4709934913606931,0.4767285836753271,319288000
2014-09-09,0.4669310748577118,0.473860973363913,0.4664531576988409,0.4707544691015779,198588000
2014-09-10,0.4686039090156555,0.47027666219353503,0.4643025966045264,0.4695597720439375,172376000
2014-09-11,0.46382465958595276,0.46693116444430977,0.45880645723887964,0.4652584398241036,250720000
2014-09-12,0.45689472556114197,0.46669215665364533,0.45641680834633874,0.46669215665364533,262536000
2014-09-15,0.4506816864013672,0.4590453362793374,0.44876998930339845,0.45832844630679304,294152000
2014-09-16,0.4573726952075958,0.4597623098931701,0.44805318084198376,0.44948696104790997,219936000
2014-09-17,0.457611620426178,0.4619129323774262,0.45402719854787993,0.45617786876673044,173584000
2014-09-18,0.4645414650440216,0.4650193822074883,0.45904534644803086,0.4604791264248805,219604000
2014-09-19,0.45593881607055664,0.466453135497524,0.4552219261231467,0.4659752183614,601316000
2014-09-22,0.4513986110687256,0.4652583804862091,0.4509206653926615,0.4652583804862091,221464000
2014-09-23,0.4494869112968445,0.45450508448924587,0.44733624122600024,0.44900896562346737,196144000
2014-09-24,0.4521154761314392,0.45354925619789693,0.44877002729163945,0.44924794448497496,159592000
2014-09-25,0.44231805205345154,0.4528323728953691,0.44136221765257344,0.4516375656510456,298440000
2014-09-26,0.4432739317417145,0.4466193807580384,0.4418401515996026,0.4437518489602675,241188000
2014-09-29,0.4425569772720337,0.44566348147026497,0.4353881345775532,0.43968944589153125,208540000
2014-09-30,0.4408842623233795,0.4439907665872527,0.43562708811384826,0.4406452895006011,277204000
2014-10-01,0.43658292293548584,0.44470759957890693,0.43538811587107407,0.44160112400059426,350976000
2014-10-02,0.4346711337566376,0.4380165814329595,0.4246347337547891,0.43586594056767275,288996000
2014-10-03,0.43562719225883484,0.44327398257846434,0.43562719225883484,0.43729994544528883,239140000
2014-10-06,0.43299853801727295,0.44088427100031785,0.43013097803329314,0.43729984950679285,199032000
2014-10-07,0.4284583032131195,0.4353882026599602,0.4279803859893778,0.4310868906733786,301896000
2014-10-08,0.4363440275192261,0.4384946977084846,0.4246348991193583,0.427980376584943,260172000
2014-10-09,0.4279803931713104,0.43491029273444165,0.42439597120341777,0.4344323470162264,306956000
2014-10-10,0.4026503562927246,0.42606860924497975,0.402411411968588,0.4246348293543689,691376000
2014-10-13,0.40121665596961975,0.41340370113206687,0.4007387387740525,0.4052789948616183,397628000
2014-10-14,0.4105360209941864,0.4217671992170821,0.4043230142395082,0.40671262783954737,376620000
2014-10-15,0.4167490303516388,0.4188996998439773,0.40193343062345,0.40456198868771714,404428000
2014-10-16,0.4169880747795105,0.42176730315738137,0.4083854523047636,0.40934131507220667,351116000
2014-10-17,0.41627129912376404,0.4267856215339324,0.4145985744295083,0.4220063918437984,290716000
2014-10-20,0.4198555648326874,0.4236789585536832,0.4134036128541466,0.4162711439016708,200336000
2014-10-21,0.4377777874469757,0.43825570463816527,0.42176734789374143,0.42296215511494095,351092000
2014-10-22,0.4275023937225342,0.438494630371299,0.4275023937225342,0.43706085046530424,239512000
2014-10-23,0.43706080317497253,0.4401673069775362,0.43180365823256595,0.4349101620351296,214476000
2014-10-24,0.4416011869907379,0.4442297458155139,0.43706090240647694,0.43968948971770444,210156000
2014-10-27,0.44184014201164246,0.4435128664835062,0.43658299574873405,0.44136222480346027,145092000
2014-10-28,0.45235446095466614,0.45283237816066213,0.44016741552628164,0.4406453327322777,192580000
2014-10-29,0.4494869112968445,0.4530713329284673,0.44542454399184456,0.45044274567069686,168340000
2014-10-30,0.4466193616390228,0.4502037833544067,0.4408842982889893,0.4482921145620299,170260000
2014-10-31,0.4669310748577118,0.4671700476803719,0.4545050578083716,0.45689467208917556,256316000
2014-11-03,0.47481685876846313,0.4793571434823616,0.4724272442305541,0.47768439051666345,308732000
2014-11-04,0.48102977871894836,0.48270250288786337,0.47003754248931173,0.4779232746987078,360196000
2014-11-05,0.48102977871894836,0.48413628273918885,0.4774453575770817,0.48389733842159927,335652000
2014-11-06,0.48318052291870117,0.4838974129547842,0.47457787097215615,0.4819856872009285,394088000
2014-11-07,0.4729051887989044,0.49441174937071464,0.46812595944660307,0.4886766855425346,450800000
2014-11-10,0.4784013032913208,0.4815078078504224,0.47123243127761216,0.47242723853215496,293388000
2014-11-11,0.4726661145687103,0.478162204024766,0.4686037479461354,0.4755336456950103,212992000
2014-11-12,0.4695596694946289,0.47218822815381545,0.4631076880437853,0.47099342099424435,204584000
2014-11-13,0.46717002987861633,0.4719492582581094,0.46334663578044266,0.4712323683038958,225328000
2014-11-14,0.4729051887989044,0.4729051887989044,0.463107757232105,0.4676480422086637,160248000
2014-11-17,0.4707545340061188,0.47577273608226356,0.4676480293154792,0.4707545340061188,158732000
2014-11-18,0.48198559880256653,0.4831804343012009,0.4697985558836685,0.4709933628958567,207772000
2014-11-19,0.48018592596054077,0.48378554591247186,0.47514651524185536,0.48234569793169946,240300000
2014-11-20,0.48810485005378723,0.4885848182725075,0.47538629300466656,0.4768261404468306,220968000
2014-11-21,0.49074462056159973,0.493144347379412,0.486665090692719,0.49242442361266825,198976000
2014-11-24,0.49386435747146606,0.4960240719352053,0.49002478244902564,0.49194454135324067,136004000
2014-11-25,0.4936242997646332,0.49722391889988554,0.49194449657285044,0.4929043759375827,190240000
2014-11-26,0.5020233392715454,0.5025033075287272,0.49050461602519585,0.4907446287607874,219264000
2014-11-28,0.5032231211662292,0.5061028159784406,0.49914359165826006,0.5037030893729296,124832000
2014-12-01,0.49386435747146606,0.5039431775396104,0.4931444335788828,0.5010635391832878,190060000
2014-12-02,0.4945842921733856,0.49674400668432633,0.4888249009068461,0.4933843999215194,245952000
2014-12-03,0.5073028802871704,0.5075428358650681,0.49554419875996303,0.4969840466553786,284424000
2014-12-04,0.5027432441711426,0.5085025769710404,0.4993836381390354,0.5065828184424075,185332000
2014-12-05,0.505622923374176,0.5082626055720393,0.5027432284572362,0.5029831839623153,165680000
2014-12-08,0.49914371967315674,0.509942520774512,0.4950641891189143,0.5049031107746849,226944000
2014-12-09,0.49746403098106384,0.4986639234750688,0.48858504393871477,0.49602418287386707,239448000
2014-12-10,0.4864252209663391,0.4979439474066532,0.48594530979008677,0.49602413105959225,204364000
2014-12-11,0.48618513345718384,0.49266439029065234,0.4852252541511147,0.4893047841124097,135652000
2014-12-12,0.4710669219493866,0.4840254376384534,0.4705869536144539,0.47970592287309605,323964000
2014-12-15,0.46962714195251465,0.48522539991441155,0.46818729395387515,0.47658634052958376,254696000
2014-12-16,0.4643476605415344,0.4765862811849873,0.46410770497631343,0.4691471437370307,185308000
2014-12-17,0.48330551385879517,0.48402543775436135,0.45834833332353475,0.473706604869927,345596000
2014-12-18,0.48522526025772095,0.49506412339325523,0.4806657619790089,0.48930479027035717,226156000
2014-12-19,0.4900248646736145,0.4919446238999589,0.48402551696675333,0.4885850166468462,325528000
2014-12-22,0.49866393208503723,0.49866393208503723,0.4878651283086318,0.4895449320580239,148976000
2014-12-23,0.49554404616355896,0.5049029973877769,0.4950640779415489,0.5025032707057208,109280000
2014-12-24,0.4936242997646332,0.49746387443756734,0.49314438868926963,0.49674395061051685,45644000
2014-12-26,0.4941042959690094,0.4967439786746564,0.4924244926823242,0.49362432765252434,52636000
2014-12-29,0.49338439106941223,0.49674399777194245,0.49026473992734537,0.49266446717401136,82944000
2014-12-30,0.4888247847557068,0.4924244034419777,0.4881048610184526,0.4900246767224631,112120000
2014-12-31,0.48114585876464844,0.49218461690694965,0.4797059821888146,0.4895448765594313,166300000
2015-01-02,0.4830656051635742,0.48666522499062737,0.4753864543418717,0.4830656051635742,113680000
2015-01-05,0.4749065041542053,0.48450544247086186,0.47274676091233725,0.4830655945716115,197952000
2015-01-06,0.46050819754600525,0.4761064277872669,0.46002825772152245,0.4756264879627841,197764000
2015-01-07,0.4593082368373871,0.4679472662846049,0.45786838906051575,0.4638677071191379,321808000
2015-01-08,0.47658631205558777,0.47946600788081734,0.4643476906193853,0.464587674807157,283780000
2015-01-09,0.47850608825683594,0.48210570795201396,0.47178684583751546,0.47826613268182877,209540000
2015-01-12,0.4725067913532257,0.4799459580512859,0.4681872761287717,0.47970597385831304,190732000
2015-01-13,0.4717867970466614,0.48570522020291995,0.4684271904879456,0.476106311627156,236720000
2015-01-14,0.47370660305023193,0.47514645083583323,0.4655475418838383,0.46674740550283766,155260000
2015-01-15,0.4703470468521118,0.47994595683456037,0.4701070626597473,0.47706628956122743,188932000
2015-01-16,0.4789859652519226,0.47946590491739316,0.4681871654403272,0.4696270130437403,181512000
2015-01-20,0.48042580485343933,0.48498524590296876,0.4744264590104764,0.48234556348334623,140308000
2015-01-21,0.4871450662612915,0.4883449584361507,0.47442650672062514,0.4777861418748222,144780000
2015-01-22,0.49554404616355896,0.49698389361559203,0.48306544453126843,0.4881048533993871,159712000
2015-01-23,0.49698391556739807,0.497943794839819,0.4919444492626888,0.4960239790809775,120416000
2015-01-26,0.4948241412639618,0.49722386803731955,0.4917044907371968,0.4948241412639618,133240000
2015-01-27,0.4710669219493866,0.48762505711542226,0.4701070138865265,0.48714508878048957,357948000
2015-01-28,0.4633878171443939,0.47874609018750813,0.4631478329534827,0.47682630248124286,272728000
2015-01-29,0.47466641664505005,0.4773060989173156,0.46146789085572437,0.4636276621043047,235340000
2015-01-30,0.4607480764389038,0.47682627243459486,0.4600281811255498,0.47130689385450736,298200000
2015-02-02,0.4708269536495209,0.47274674123293564,0.45450880210100447,0.46362777166697006,259604000
2015-02-03,0.48258548974990845,0.4830654579852863,0.47178671937989586,0.4741864461287876,183468000
2015-02-04,0.48378556966781616,0.4893049490557834,0.47970600972431177,0.4811458863827956,181516000
2015-02-05,0.4917046129703522,0.49194456854313884,0.48378550692825617,0.4842654180738295,140448000
2015-02-06,0.48954474925994873,0.49698394275974367,0.48738497786833057,0.4912245523820952,210524000
2015-02-09,0.489065021276474,0.4905048121958411,0.4835456415744902,0.4866652934588299,273944000
2015-02-10,0.5027432441711426,0.5029831996837218,0.4873849470860828,0.48954471834129415,226204000
2015-02-11,0.4993835389614105,0.5039429788649081,0.4960238763825336,0.5039429788649081,320832000
2015-02-12,0.5351397395133972,0.5399391944424309,0.5248209056945732,0.5279405571198467,676904000
2015-02-13,0.5353798270225525,0.536099751160711,0.5257809147991461,0.5339399787462356,310084000
2015-02-17,0.5370593070983887,0.5396990464179077,0.5310600191832905,0.5344196249928651,203340000
2015-02-18,0.530820369720459,0.5372996874908068,0.5298604898628635,0.5363397504191767,170948000
2015-02-19,0.5322601199150085,0.5384994236593167,0.529860392106738,0.5375395439788133,169432000
2015-02-20,0.5360996723175049,0.5363396279235912,0.5279406095703539,0.531780185337843,157752000
2015-02-23,0.5317801237106323,0.535859654611437,0.5291403834935121,0.535859654611437,125008000
2015-02-24,0.5374411344528198,0.5374411344528198,0.5290097771470723,0.5338277120173035,149356000
2015-02-25,0.5333458781242371,0.5376820538263064,0.5309369107678581,0.5352730290356152,123820000
2015-02-26,0.5347912907600403,0.537922954188186,0.5304551148898472,0.5338277152669911,152864000
2015-02-27,0.5314187407493591,0.5345504041358539,0.5294915323545781,0.5333458917098265,157492000
2015-03-02,0.5444271564483643,0.5473179403399989,0.5292506558859104,0.529973351858819,301512000
2015-03-03,0.5343095660209656,0.5429818618158052,0.5326232942600696,0.5403320143964435,160344000
2015-03-04,0.5403319597244263,0.5415364148170577,0.5302142727484566,0.5323823608363755,226840000
2015-03-05,0.5506904721260071,0.5516540475923035,0.5388865147195163,0.5403319066361173,323056000
2015-03-06,0.5432226061820984,0.5502085703045292,0.5427407898065532,0.5475587238247901,257392000
2015-03-09,0.5446679592132568,0.5487632549607847,0.5422589921211082,0.5434635043843354,222388000
2015-03-10,0.5540630221366882,0.5576765019748963,0.546113423926944,0.547076999405695,527212000
2015-03-11,0.5511722564697266,0.5612898844279411,0.5497268646373218,0.5540629827002267,262120000
2015-03-12,0.5461133122444153,0.5499676708054997,0.5357547487390077,0.5458724327825668,406972000
2015-03-13,0.5468360185623169,0.5482814102297596,0.5359956384907991,0.5434634762944858,359288000
2015-03-16,0.5533402562141418,0.5567128561148665,0.5475587466382379,0.5511722260196193,236956000
2015-03-17,0.5600854754447937,0.5603263549585076,0.5482815177581031,0.5521358771490953,299900000
2015-03-18,0.5509312152862549,0.562976049219814,0.5458724022644496,0.560085323536339,413844000
2015-03-19,0.5593627691268921,0.5612899200695987,0.5487633240733795,0.5528585629023659,310756000
2015-03-20,0.565385103225708,0.5687577031948179,0.5586400181561032,0.5639397688781552,462084000
2015-03-23,0.5470770597457886,0.5557493548796888,0.5468361802081113,0.548522451840492,426012000
2015-03-24,0.5396091938018799,0.5492450630321135,0.5372002264943215,0.5453907038531578,330480000
2015-03-25,0.5068473219871521,0.539368415455402,0.5051609928647245,0.539368415455402,542552000
2015-03-26,0.5051607489585876,0.5073288361254753,0.4928750365481458,0.4964885151596252,311920000
2015-03-27,0.5150377154350281,0.5169648663490486,0.4998612153256023,0.5080516928616575,318288000
2015-03-30,0.5172058343887329,0.519855681413425,0.5107015704356086,0.5174467139088915,253252000
2015-03-31,0.5041972398757935,0.5162420744352285,0.503715480953997,0.515760315513432,357276000
2015-04-01,0.5061244368553162,0.5078107079135227,0.49745214467432547,0.5061244368553162,330768000
2015-04-02,0.5073289275169373,0.5104605903996001,0.5029928098363373,0.509015198694632,192204000
2015-04-06,0.5220237374305725,0.523710008837052,0.49986121477230777,0.5051609084971539,515864000
2015-04-07,0.52660071849823,0.532382227854216,0.5191328805388733,0.5220236639340183,413964000
2015-04-08,0.5304550528526306,0.5323822610476546,0.5220236964816121,0.5270825103042232,366432000
2015-04-09,0.5427408218383789,0.5444270931008529,0.526118931264169,0.5263598107490061,379432000
2015-04-10,0.5482816100120544,0.5485224895662987,0.5412955860300561,0.5432227947669818,258728000
2015-04-13,0.5432226061820984,0.5502085703045292,0.540813581738676,0.5470769074492448,236724000
2015-04-14,0.5386457443237305,0.5432228005086929,0.5333459920340728,0.5410547121946068,220276000
2015-04-15,0.5451497435569763,0.5492449816294461,0.5374410263415609,0.5400909301911552,243560000
2015-04-16,0.5417771935462952,0.5465951273782853,0.5379228349938427,0.5420180730076042,155284000
2015-04-17,0.5347912907600403,0.5400910421232825,0.5302142353751635,0.5304551148898472,293636000
2015-04-20,0.5321415662765503,0.5405729255742374,0.5311779331273909,0.5372003818551625,231624000
2015-04-21,0.5314187407493591,0.5386456430025822,0.5287688363858244,0.5386456430025822,230456000
2015-04-22,0.5374411344528198,0.538163830426786,0.5263598727644253,0.5345504079912695,207420000
2015-04-23,0.5352731943130493,0.5403320675275025,0.5215420818853362,0.5275645308530038,259380000
2015-04-24,0.5306959748268127,0.5352729721131834,0.5246735283591533,0.535032092633455,240960000
2015-04-27,0.5347912907600403,0.5441862810444775,0.5278052679253833,0.53238232331026,248456000
2015-04-28,0.5374411344528198,0.5393683428615007,0.5287688401995408,0.5338277120173035,234484000
2015-04-29,0.5333458781242371,0.5388865087873398,0.5311777902732023,0.5335867576295813,195156000
2015-04-30,0.5347912907600403,0.5374411377245042,0.529491539396798,0.5306960518388454,218844000
2015-05-01,0.5480408072471619,0.5497270792317933,0.5367186050964006,0.53912757327935,256968000
2015-05-04,0.5446679592132568,0.5511722220529333,0.5429816879921834,0.5475587426975574,200720000
2015-05-05,0.5306959748268127,0.543463506201317,0.5282870077266102,0.5427408103278256,292928000
2015-05-06,0.5323824286460876,0.5386457567416252,0.5253964044291938,0.533586883892131,316484000
2015-05-07,0.5417771935462952,0.5434634646440615,0.5285278467911715,0.5302141178889378,534564000
2015-05-08,0.501788318157196,0.5261189263625888,0.49359784140596974,0.5061244934497089,1146552000
2015-05-11,0.49697044491767883,0.502029316713407,0.4909480550732781,0.49480235700522396,544144000
2015-05-12,0.501788318157196,0.5058835565328091,0.49311602500647717,0.49335696192337686,388800000
2015-05-13,0.5046789050102234,0.5092559580016339,0.4998609726300916,0.5054016006106716,308524000
2015-05-14,0.5128697752952576,0.5155196803581387,0.504920174975272,0.5061246877191867,293052000
2015-05-15,0.5131106376647949,0.5174467565566097,0.5099789739073597,0.5150377888535302,215824000
2015-05-18,0.5123878121376038,0.515519475103714,0.5094970286506386,0.5119059957450076,324972000
2015-05-19,0.5091933012008667,0.5147595780018274,0.5082252079049218,0.513065443584004,253808000
2015-05-20,0.5091933012008667,0.5154856191237057,0.5087092545528942,0.5094352956747726,196824000
2015-05-21,0.5055631399154663,0.5116134638948466,0.5050790932250563,0.5094353403382498,239692000
2015-05-22,0.5048370361328125,0.5087092360754637,0.5036270061070732,0.5067731649542174,212592000
2015-05-26,0.5016908049583435,0.5058049987729792,0.4978186055739362,0.5024168459491792,259732000
2015-05-27,0.5285542607307434,0.5309743786472696,0.5033849882387413,0.5050790650102934,432332000
2015-05-28,0.5358145833015442,0.5375086599745188,0.5275861944041935,0.528554229974442,327656000
2015-05-29,0.5355727076530457,0.5392028562718807,0.5348466663892443,0.5358147021742555,335168000
2015-06-01,0.5416227579116821,0.5469470391495561,0.5355724934006038,0.5389606461428196,372660000
2015-06-02,0.5309742093086243,0.5411387243964253,0.5304901627996265,0.5382345607427267,224304000
2015-06-03,0.5251661539077759,0.5365407033573418,0.5241980604949114,0.5324265083032542,250788000
2015-06-04,0.5346047282218933,0.5362988054492823,0.5220200885896572,0.5220200885896572,323712000
2015-06-05,0.5387188792228699,0.5411389975893626,0.5273442709701982,0.5329105489831488,313320000
2015-06-08,0.5263760685920715,0.5406547797459362,0.5203258034405311,0.537024632195043,342812000
2015-06-09,0.5290382504463196,0.5329103925358185,0.5258920917234844,0.5268601272458592,256888000
2015-06-10,0.5195998549461365,0.526134167861819,0.5166956902279819,0.5227460141574155,529460000
2015-06-11,0.5251661539077759,0.5287963022554312,0.5195998764345591,0.5195998764345591,283052000
2015-06-12,0.5108873844146729,0.5249240449824291,0.5096772966294352,0.5217778859810048,323728000
2015-06-15,0.509919285774231,0.5123394033453883,0.5043530095905535,0.5082251515442819,306548000
2015-06-16,0.5162115693092346,0.516937610384367,0.503868986432298,0.5089512162580677,256892000
2015-06-17,0.5222621560096741,0.5251663217762438,0.5147598047129504,0.5159698353155637,233544000
2015-06-18,0.5309742093086243,0.5343623617711766,0.5251659397013712,0.5266180215282205,299404000
2015-06-19,0.5292802453041077,0.5353305105986651,0.5244400099883992,0.53097432189459,355656000
2015-06-22,0.5271021723747253,0.5331524959464928,0.5191157775720829,0.5302483314000186,514236000
2015-06-23,0.5135494470596313,0.5321843470875096,0.5094352528482937,0.528070152876172,414064000
2015-06-24,0.5084671378135681,0.5154854951706594,0.5060470205559655,0.5128233257971939,253368000
2015-06-25,0.5123393535614014,0.5154855118682093,0.5084671542837801,0.5084671542837801,350460000
2015-06-26,0.5019329190254211,0.5087092839883335,0.4997548532339172,0.5082252373123526,421296000
2015-06-29,0.48692816495895386,0.5012068766707806,0.4862021238803731,0.49612458912071505,391724000
2015-06-30,0.4866860806941986,0.4920103623525128,0.483297927684432,0.4898322392604542,315916000
2015-07-01,0.49370431900024414,0.5058049037404189,0.489348131573837,0.49878660498121513,302892000
2015-07-02,0.49418866634368896,0.497334826061605,0.491042506625773,0.4934626250472334,145764000
2015-07-06,0.48813819885253906,0.49685063416488917,0.4845080511308185,0.49007432764426,214776000
2015-07-07,0.4789418578147888,0.4871702772792704,0.46369510687626864,0.48523420573476705,594252000
2015-07-08,0.47555360198020935,0.4791837786243234,0.4716814020197893,0.4762796430790481,332492000
2015-07-09,0.46974536776542664,0.48523416977426964,0.4668412318138103,0.4830560461729948,357588000
2015-07-10,0.4779738485813141,0.4823300674984903,0.4745856654901383,0.4757957246976824,216708000
2015-07-13,0.48111996054649353,0.48378207322886063,0.47797380114907395,0.4828140374989243,212472000
2015-07-14,0.48136189579963684,0.4823299602604915,0.4750696066294451,0.4818459424551046,249216000
2015-07-15,0.4779738485813141,0.4832981033244907,0.4736176296641379,0.4801519436148586,265732000
2015-07-16,0.4886222183704376,0.4886222183704376,0.47918374249728724,0.48087781903347,282848000
2015-07-17,0.4857182800769806,0.48741235740099276,0.4794259599019746,0.48692836827995006,220372000
2015-07-20,0.4767637550830841,0.4876543160177771,0.47555369596257213,0.4857181868048558,188412000
2015-07-21,0.4789418578147888,0.4857181947708073,0.47579569827984247,0.47579569827984247,149720000
2015-07-22,0.46974536776542664,0.47555366851874276,0.463937095862194,0.47555366851874276,356472000
2015-07-23,0.47555360198020935,0.4825719319521314,0.46974530203957926,0.470713366454724,169916000
2015-07-24,0.46998730301856995,0.479425750304649,0.4680512031303779,0.4789417325451205,188844000
2015-07-27,0.4673252999782562,0.47264955460446484,0.46200104535204756,0.4658732174210691,192420000
2015-07-28,0.47748973965644836,0.4806358699163255,0.46369504423971186,0.46853528014731577,198308000
2015-07-29,0.4832979142665863,0.48717011375602387,0.47458547984038973,0.4765215795851085,232680000
2015-07-30,0.4845081567764282,0.48934839326089374,0.48208800968411036,0.48208800968411036,190180000
2015-07-31,0.4828139841556549,0.4866861554976712,0.4799098484366224,0.48644416101696586,218340000
2015-08-03,0.49104243516921997,0.49152642416297715,0.48039389835431795,0.486686188024408,397132000
2015-08-04,0.49297842383384705,0.49443050597182414,0.48741214743837236,0.4893482761890607,260100000
2015-08-05,0.49806085228919983,0.5055632018586909,0.4970927587897658,0.5050791551089738,234628000
2015-08-06,0.49491459131240845,0.5004808681434534,0.4866861444533675,0.49685066251444104,655676000
2015-08-07,0.5561437010765076,0.5655821214083401,0.5295223439041733,0.5435590637005072,1405248000
2015-08-10,0.575504720211029,0.5796189157980002,0.5488833596126923,0.5522715715962349,662304000
2015-08-11,0.572600245475769,0.5781665206610802,0.5670339702904579,0.5670339702904579,435008000
2015-08-12,0.574052631855011,0.5781668274007807,0.5634041223424202,0.5634041223424202,384048000
2015-08-13,0.5692121982574463,0.575988562114158,0.5677601161667113,0.5747784744718273,276884000
2015-08-14,0.5696961879730225,0.5730843407130105,0.5653399421357674,0.5687280948757555,214652000
2015-08-17,0.5660659074783325,0.5687280188897682,0.5590475508116661,0.5687280188897682,273880000
2015-08-18,0.5609139204025269,0.5682048220162662,0.5565393446685221,0.5643163295670182,287084000
2015-08-19,0.5587266683578491,0.5665036537549606,0.5526508876520547,0.5601848603626749,249248000
2015-08-20,0.5385550856590271,0.5550811047091639,0.5358817147386759,0.552407791731743,426932000
2015-08-21,0.5217862129211426,0.5436589249614762,0.5213001294763978,0.5346668158058567,382664000
2015-08-24,0.5033157467842102,0.5305351360551724,0.48606057236112893,0.4926223780358736,682284000
2015-08-25,0.49286529421806335,0.5273755743079889,0.49286529421806335,0.5254312997161675,622684000
2015-08-26,0.5300489664077759,0.5305350496145698,0.5050168690878781,0.5089053609134505,614976000
2015-08-27,0.5499774813652039,0.5502204940106434,0.532479296149107,0.5356386923115393,463764000
2015-08-28,0.5524077415466309,0.5558101501075066,0.5460889496804759,0.5499774414398733,320944000
2015-08-31,0.5463321208953857,0.5536230812749746,0.5441448907244509,0.5497345883868412,219352000
2015-09-01,0.5239732265472412,0.5395271950215176,0.5200847923716025,0.5305350895902249,353408000
2015-09-02,0.5397703647613525,0.5400133774823215,0.5293200645013749,0.5383121725496446,344044000
2015-09-03,0.5412284731864929,0.5504636504689981,0.5402563645101603,0.5477902791804107,262556000
2015-09-04,0.5285907983779907,0.5404992870193942,0.5283477857351851,0.5319932071489836,287972000
2015-09-08,0.5511927604675293,0.5533800487319932,0.5392843262278774,0.5414715565493954,238448000
2015-09-09,0.5402564406394958,0.5575115603904249,0.5390412611656414,0.5528940290414389,289392000
2015-09-10,0.5487623810768127,0.5555672576129435,0.5346666605867966,0.5370969612190709,357076000
2015-09-11,0.5504637360572815,0.5541091586460679,0.5404994612325073,0.5426867495515476,301584000
2015-09-14,0.5514357686042786,0.5548381780012743,0.548519384582317,0.5531369733027764,192460000
2015-09-15,0.5575115084648132,0.56042789257608,0.5499775934346289,0.5516787981852208,327976000
2015-09-16,0.5614000558853149,0.564559452998737,0.55240794792517,0.5565394538558882,173508000
2015-09-17,0.5665035247802734,0.5762247253419875,0.5652883457385962,0.5711210544870395,268712000
2015-09-18,0.5660176873207092,0.5708782897118752,0.5553243736487345,0.5587267837339605,326412000
2015-09-21,0.5718502402305603,0.5730654194632897,0.5638302427119383,0.5667466265161408,281840000
2015-09-22,0.5562962293624878,0.5633441170050006,0.5533798460778826,0.5594556252731686,228356000
2015-09-23,0.5589697957038879,0.5623722057844467,0.5545952767350196,0.5567825072479783,161632000
2015-09-24,0.5696629285812378,0.5754956374097913,0.5468180605931028,0.5555671528073963,382440000
2015-09-25,0.5737945437431335,0.5849739382872676,0.5682048464710665,0.5767108697483829,369692000
2015-09-28,0.5662604570388794,0.5774398493293603,0.5626150357814634,0.5737944280719444,395584000
2015-09-29,0.5762248635292053,0.5771969722299176,0.5643163726023961,0.5723363707834166,380736000
2015-09-30,0.5990697145462036,0.5997988106010516,0.5781691154884105,0.581571525115739,556380000
2015-10-01,0.5874040126800537,0.6007706320939851,0.5703918567920975,0.5990694280937725,489296000
2015-10-02,0.6027151942253113,0.6027151942253113,0.5781691149175157,0.5842448960542683,386144000
2015-10-05,0.6177827715873718,0.6253166830945106,0.6034439863170535,0.6066033816458665,482024000
2015-10-06,0.6258031129837036,0.6284764266883578,0.608791006063007,0.611221307051678,453216000
2015-10-07,0.6323648691177368,0.6386836627698492,0.617053968323365,0.6272612548339267,310152000
2015-10-08,0.6360104084014893,0.6377116133208987,0.6189982433215017,0.629691614161999,460068000
2015-10-09,0.6335798501968384,0.6386834628833893,0.621671362651963,0.6326076838292753,423248000
2015-10-12,0.6403848528862,0.6440303329647972,0.6296915412272152,0.634309072069518,227588000
2015-10-13,0.6416000723838806,0.6454885074538378,0.633093990296726,0.6352812784807846,298444000
2015-10-14,0.6649308204650879,0.6753811176974963,0.6415999256658258,0.642328963617522,612148000
2015-10-15,0.6666319966316223,0.6802416895158866,0.6593410959375087,0.6661459134081769,526048000
2015-10-16,0.677082359790802,0.683401152600343,0.6671180873053975,0.6688193497827563,448396000
2015-10-19,0.6758670806884766,0.6824289431351594,0.6680901551009869,0.6792695471973613,294712000
2015-10-20,0.674895167350769,0.6780545642019754,0.6678472776101593,0.6729509498775383,264824000
2015-10-21,0.6661460995674133,0.6831582638841094,0.6649309780836175,0.6790267001875484,386280000
2015-10-22,0.6902060508728027,0.6923933389322708,0.6729509329181734,0.6739230416302903,306884000
2015-10-23,0.6948235034942627,0.6994410914004168,0.6858313982695458,0.6962816952480934,381776000
2015-10-26,0.6916642189025879,0.6970109035480404,0.6853454255787634,0.6953096988751551,247436000
2015-10-27,0.6911780834197998,0.6955526007470157,0.687775616673155,0.6882616999063698,208268000
2015-10-28,0.6967678070068359,0.6967678070068359,0.6853453430961328,0.6955526278479165,217036000
2015-10-29,0.6727078557014465,0.6926363448481005,0.671492734308924,0.6855885132970017,327168000
2015-10-30,0.6894769668579102,0.6943376263890071,0.6748951620934439,0.6799988343210661,301160000
2015-11-02,0.6974970102310181,0.6982261063105307,0.6875327937159214,0.6916642995378626,190088000
2015-11-03,0.6926363110542297,0.6972538995949904,0.6848593838698792,0.6933654070313465,376768000
2015-11-04,0.6812137961387634,0.6957955974867248,0.6780544000524124,0.6906919843978168,442264000
2015-11-05,0.6734369397163391,0.6865606097680024,0.6714927223457646,0.6846163344544891,478800000
2015-11-06,0.7667605876922607,0.7762387777131188,0.7247163801961741,0.7400272802518145,1172272000
2015-11-09,0.7633582353591919,0.7655455235142348,0.7526648652298334,0.7592267296949619,492568000
2015-11-10,0.7487764358520508,0.7575255305951868,0.7327364384801255,0.7533939669568903,552260000
2015-11-11,0.7414853572845459,0.7546089673138243,0.7388119863949302,0.7492622834775226,619896000
2015-11-12,0.7388121485710144,0.7465891344140408,0.7356527516937188,0.7397842573156571,291080000
2015-11-13,0.7242301106452942,0.7427004026248507,0.7205846315966667,0.7395410067636815,292940000
2015-11-16,0.7388121485710144,0.7392982319148069,0.7278757658506922,0.7337085342044334,344280000
2015-11-17,0.7388121485710144,0.7451309423256056,0.7356527516937188,0.7407564240032422,257048000
2015-11-18,0.7569866180419922,0.7579624762568884,0.7338110614530456,0.7418615136666719,350216000
2015-11-19,0.7591820955276489,0.7667446174757794,0.7535711733845343,0.7596700245603806,254072000
2015-11-20,0.7657688856124878,0.7701600728083672,0.7601579629708379,0.7647930856232793,239744000
2015-11-23,0.7543030381202698,0.7721116044584516,0.7516195738466804,0.7721116044584516,242552000
2015-11-24,0.7604017853736877,0.7669885065214401,0.7508876067545132,0.7543029350292074,195428000
2015-11-25,0.7594258785247803,0.7679642568244855,0.75674241479079,0.7589380077529332,138300000
2015-11-27,0.7657688856124878,0.7682084146669895,0.7569865693836897,0.7608898275034844,86996000
2015-11-30,0.7738193273544312,0.7772347145171673,0.7657688757618385,0.7665007402850705,327244000
2015-12-01,0.7989466190338135,0.7996784836291944,0.7799182558798403,0.7806501204752212,409496000
2015-12-02,0.7928476929664612,0.8084606671671832,0.7911400284572384,0.8001662800758271,294240000
2015-12-03,0.7911399602890015,0.8074847976086101,0.7872367025344035,0.7991904112319363,246656000
2015-12-04,0.8233417272567749,0.8248054561196888,0.7911399249244789,0.7911399249244789,458756000
2015-12-07,0.8077288866043091,0.823097925841209,0.8052893574899276,0.823097925841209,333588000
2015-12-08,0.8187068104743958,0.8221221399020303,0.7926038524732355,0.7977268466146874,314488000
2015-12-09,0.7979705333709717,0.8233416770119876,0.7896761478712314,0.8184626198753229,372676000
2015-12-10,0.8045574426651001,0.8089485715314145,0.7977267266738841,0.8004101910831342,236596000
2015-12-11,0.7926037311553955,0.802117911530086,0.7908960667029574,0.7965069891165217,227320000
2015-12-14,0.7945554852485657,0.7989466731181105,0.7850413030275213,0.7933357496156718,275892000
2015-12-15,0.8043134808540344,0.8099244035046321,0.7991904872802994,0.8035816163202207,307296000
2015-12-16,0.8091922998428345,0.8118758217281188,0.7989463157232004,0.806020907187821,236356000
2015-12-17,0.7969948649406433,0.8187066902263306,0.7965069940443331,0.8104123033594707,254160000
2015-12-18,0.784065306186676,0.7994343435484456,0.7830895062925702,0.7913838926369018,395896000
2015-12-21,0.8026055693626404,0.8033374336712548,0.7855288712085046,0.7926035207498151,284216000
2015-12-22,0.803337574005127,0.811388024643264,0.7984585165373441,0.8050452383025557,130012000
2015-12-23,0.8065088987350464,0.8096802916362758,0.8030935704300141,0.8045572991787273,122524000
2015-12-24,0.8091922998428345,0.8111439574105815,0.8028495145328076,0.8040693077830174,52448000
2015-12-28,0.8084605932235718,0.8084605932235718,0.7894322917447752,0.8006541359186868,142024000
2015-12-29,0.8216342926025391,0.8240738220015479,0.8067531225545073,0.8089487164625058,203660000
2015-12-30,0.8145595192909241,0.8279769580803393,0.8143155838360314,0.8209023064218127,180344000
2015-12-31,0.804069459438324,0.8169989678818731,0.804069459438324,0.8133397037669577,148528000
2016-01-04,0.7896762490272522,0.7947992422281112,0.781625797904213,0.7877246491877696,358076000
2016-01-05,0.8023619055747986,0.8157793448905172,0.7928477245052687,0.8045574992438352,490272000
2016-01-06,0.7691841721534729,0.7928475950689323,0.7601578634864552,0.7891882728846071,449344000
2016-01-07,0.7386898994445801,0.7550347331796832,0.7289317281166244,0.7499116830539915,645304000
2016-01-08,0.7228332161903381,0.7489361731917182,0.7213694870165671,0.7482043086048327,398472000
2016-01-11,0.7240530848503113,0.7291761379004305,0.7111235717097317,0.7235652138113313,409372000
2016-01-12,0.7362504005432129,0.7469843728315353,0.7311274079712518,0.7369822649339144,469356000
2016-01-13,0.7138068079948425,0.7467404745626213,0.7130749435677406,0.741861358994291,481672000
2016-01-14,0.699413537979126,0.7074639881319124,0.6786775159097188,0.6991695444063799,600236000
2016-01-15,0.6613569259643555,0.6794094868687288,0.6498911456241877,0.6713590354532138,841452000
2016-01-19,0.6667238473892212,0.694046592425134,0.6640403250726716,0.6750182334370313,457140000
2016-01-20,0.670383095741272,0.6789214751766376,0.645255944597815,0.6540382594515493,481180000
2016-01-21,0.678189754486084,0.6886797358174235,0.6637965148188799,0.6777018835459533,481456000
2016-01-22,0.6940466165542603,0.6986817387503963,0.6896554297906718,0.691119158711868,257996000
2016-01-25,0.6933146119117737,0.7018529901170657,0.6918508832865302,0.6938025408411692,270728000
2016-01-26,0.7001455426216125,0.7030730010205787,0.6877039607519384,0.6947786131074626,227944000
2016-01-27,0.6918509006500244,0.7013650787899434,0.6786774590181026,0.6991694857969748,231700000
2016-01-28,0.684288501739502,0.6999014745287981,0.6708710641704653,0.6974619457128782,276776000
2016-01-29,0.7145387530326843,0.7160024821711655,0.6874599966226376,0.6901434612678773,310504000
2016-02-01,0.7147825360298157,0.7184417996347305,0.707707886053915,0.7138067362793682,289884000
2016-02-02,0.6845325231552124,0.7111234080376627,0.6796534649105223,0.7074641434356261,341908000
2016-02-03,0.687947690486908,0.6940465409397871,0.6720907840027294,0.6898993482235266,326772000
2016-02-04,0.6881919503211975,0.7038049274401538,0.6813612328446116,0.6889237568222526,348140000
2016-02-05,0.6447680592536926,0.6911191653332164,0.6428164594487035,0.6835566433851892,600428000
2016-02-08,0.6152498722076416,0.6381814351695786,0.6062235617758928,0.635010041377443,608852000
2016-02-09,0.6218364238739014,0.6476954380283924,0.6050036595003829,0.6079311170133247,425372000
2016-02-10,0.6203725934028625,0.6437920751777584,0.6169572656396971,0.6257395785756503,335800000
2016-02-11,0.617201566696167,0.623544355250393,0.604515989587715,0.604515989587715,340144000
2016-02-12,0.6276912689208984,0.6289110622493117,0.6037838547831135,0.62695940455644,340816000
2016-02-16,0.6584295034408569,0.6594053616116299,0.634766076977365,0.6367176769929875,485352000
2016-02-17,0.6747743487358093,0.6811171355419647,0.664040374988643,0.6667238975069132,771468000
2016-02-18,0.7328352332115173,0.755766853446123,0.7294199040796491,0.7301517686311869,1068660000
2016-02-19,0.7425932288169861,0.7491800087087623,0.7233209344768265,0.7289318563500748,525628000
2016-02-22,0.7689402103424072,0.7774785903500466,0.7518635084900839,0.7533272374243026,449668000
2016-02-23,0.7708919048309326,0.7782104916857979,0.7591821309653733,0.762841453474285,369380000
2016-02-24,0.776258647441864,0.7774784407065878,0.7464963781053459,0.7677203272405745,336852000
2016-02-25,0.777966320514679,0.7818695775789918,0.7640610144804573,0.7791861137935651,349616000
2016-02-26,0.7728434801101685,0.7835773955228122,0.7650369644484514,0.781625795688861,361964000
2016-02-29,0.7678242921829224,0.7839838562433007,0.7673346438022239,0.7739453639405849,323344000
2016-03-01,0.8018574118614197,0.8018574118614197,0.7685588682735934,0.7697831060469836,348700000
2016-03-02,0.8065093755722046,0.8094474995719666,0.7959811757395517,0.7974502377394328,233812000
2016-03-03,0.7994088530540466,0.8089576374702802,0.7886357727064679,0.8055298657118959,302004000
2016-03-04,0.7969602942466736,0.8062642528429937,0.7908392243051307,0.8055297221150146,175304000
2016-03-07,0.7918186783790588,0.7979397490876753,0.7815353052735202,0.7925532091990871,239968000
2016-03-08,0.7773729562759399,0.788390859541024,0.7749245398142383,0.7837388507513349,274940000
2016-03-09,0.7768833041191101,0.7854527325047372,0.7668447558139934,0.7842285534674417,222788000
2016-03-10,0.7756591439247131,0.78594251738604,0.759989288763291,0.7815353323133891,286084000
2016-03-11,0.7888807058334351,0.7891255884034729,0.777862858177502,0.7871668197175092,277400000
2016-03-14,0.790839433670044,0.7940223815423163,0.7815354142357509,0.7852080688479363,190312000
2016-03-15,0.786922037601471,0.7918188720159272,0.7729660653577576,0.7866772133932094,226216000
2016-03-16,0.8104265928268433,0.8131198917476963,0.7773729420129041,0.7810455958254983,363644000
2016-03-17,0.8035709857940674,0.8114058826747884,0.7925530836143524,0.8074884634218515,353680000
2016-03-18,0.8278106451034546,0.8385836689789629,0.8079784251594762,0.8131201420800698,545512000
2016-03-21,0.8302590250968933,0.830503849290526,0.8116510437588552,0.8204653568531751,337780000
2016-03-22,0.8287898302078247,0.8346660185362604,0.8185064568519187,0.8275656510612105,242012000
2016-03-23,0.8429907560348511,0.8491117690558807,0.8287899030863032,0.8324625575988114,429008000
2016-03-24,0.8442147970199585,0.8456838585843526,0.8327072453902943,0.8354004860084476,244956000
2016-03-28,0.8527843356132507,0.8564569313721089,0.8417664315869622,0.8427457865643339,265388000
2016-03-29,0.8664955496788025,0.8684542597901028,0.847153039236549,0.8491117493478495,261812000
2016-03-30,0.8755548000335693,0.8875520615573307,0.8691889037811706,0.869678610560151,376700000
2016-03-31,0.8723718523979187,0.8814309900026304,0.865516307737554,0.8794722796353459,379884000
2016-04-01,0.8851036429405212,0.8855933497186874,0.8603745889530792,0.8669853093965418,348292000
2016-04-04,0.8765339851379395,0.8971007318665281,0.873106213474794,0.8924487226809118,393940000
2016-04-05,0.8753097653388977,0.8833895458124155,0.865271216595368,0.868699046474175,339568000
2016-04-06,0.8765339851379395,0.8770236918218993,0.8478875159354472,0.8642919017875215,453376000
2016-04-07,0.8674750328063965,0.8787377635463306,0.8638024362117795,0.8709028051946711,378104000
2016-04-08,0.8731062412261963,0.8802066673075809,0.8645367534210963,0.8745753029499117,255936000
2016-04-11,0.8784928321838379,0.8929385093436601,0.8755547085666323,0.8782479496324953,387524000
2016-04-12,0.8775132298469543,0.882654886353441,0.8603742580756384,0.8814306490662699,292764000
2016-04-13,0.8995493650436401,0.8997941892571163,0.8814310306243441,0.8814310306243441,350716000
2016-04-14,0.9019976258277893,0.905915104438179,0.893428137719133,0.8971007921585177,416564000
2016-04-15,0.9090979099273682,0.9171776900550268,0.8988145374808426,0.901752660572665,436972000
2016-04-18,0.9051804542541504,0.9073840466273639,0.8963661431361507,0.9073840466273639,307320000
2016-04-19,0.8890209794044495,0.9103221992768448,0.8833896150459605,0.9086083133905472,309152000
2016-04-20,0.8924487233161926,0.8978352633441541,0.8865725349787807,0.8875518899725398,200172000
2016-04-21,0.8914693593978882,0.8968558993719248,0.8875518810872123,0.892693538534117,178280000
2016-04-22,0.8880417346954346,0.9005286441502768,0.885103610882593,0.8944076307066797,223540000
2016-04-25,0.8924487233161926,0.8973455566598456,0.885838004139747,0.8882864208115735,191972000
2016-04-26,0.8931834101676941,0.908118795337002,0.8892659311335336,0.897835420169189,214536000
2016-04-27,0.9135051369667053,0.9139948436609837,0.8892657939096827,0.8909796797773681,352396000
2016-04-28,0.8863275051116943,0.9132601423995317,0.8841239713357528,0.9078736032669945,381224000
2016-04-29,0.8699233531951904,0.8846138546887385,0.860374509711925,0.882655144506211,321904000
2016-05-02,0.8814308643341064,0.8868174046384657,0.8740856139417227,0.8782479166599207,256076000
2016-05-03,0.8709027767181396,0.875065079964214,0.8633127011958711,0.8713924834896825,224024000
2016-05-04,0.8510704636573792,0.8611089544947809,0.8422561519678972,0.8603744236560859,525764000
2016-05-05,0.8562120795249939,0.8662506282491869,0.8498461848157142,0.8581708477912326,246884000
2016-05-06,0.8650265336036682,0.867230126376434,0.8530292730073181,0.8547431590389588,183240000
2016-05-09,0.8638023138046265,0.8709026817813437,0.8567018874530472,0.8672300857071605,333336000
2016-05-10,0.8804515600204468,0.881920621858541,0.8608642245121627,0.8691888304282105,269676000
2016-05-11,0.8828997611999512,0.8926934265607618,0.8782477526411111,0.8831446436963665,328176000
2016-05-12,0.8709027767181396,0.8931834132631395,0.8552329189020597,0.8892659342154025,670540000
2016-05-13,1.0033624172210693,1.003852065675011,0.9548837177883278,0.9595356699751499,2110256000
2016-05-16,1.0329883098602295,1.047923756065841,0.9925893913322589,0.9957723399662735,973032000
2016-05-17,1.0351916551589966,1.0425368472176364,1.0151145555826206,1.0283359946879507,628392000
2016-05-18,1.0616346597671509,1.073631979457582,1.0283361171209435,1.0283361171209435,541072000
2016-05-19,1.066286563873291,1.0738766970001516,1.0560032480882995,1.0574721931292481,398880000
2016-05-20,1.0853838920593262,1.0897910759763016,1.0711830439377519,1.0728969293360724,391084000
2016-05-23,1.0870980024337769,1.0941983695891495,1.0804872835650614,1.0900361256531417,413636000
2016-05-24,1.1134871244430542,1.1169239153394137,1.0874664935831062,1.0904122474640292,415788000
2016-05-25,1.1088230609893799,1.1215877983525047,1.0999858000615463,1.1169238249801037,458076000
2016-05-26,1.1206058263778687,1.128706589413443,1.1075955135344586,1.110786726762197,309964000
2016-05-27,1.1267426013946533,1.1284609376826946,1.1181508029015659,1.1218330524212665,277416000
2016-05-31,1.14687180519104,1.149326638392794,1.130915740538308,1.13165223731999,412524000
2016-06-01,1.1490813493728638,1.160127749264892,1.1380348324279286,1.1414715057791693,387132000
2016-06-02,1.157181978225708,1.1670010772448176,1.143926089202306,1.1552180647795713,329208000
2016-06-03,1.1409802436828613,1.1473626692336865,1.1208511274397261,1.1458899098476967,461076000
2016-06-06,1.1350890398025513,1.1527634428940097,1.1291975330877642,1.143926182821829,322512000
2016-06-07,1.1372978687286377,1.1483443811394916,1.1368069490379336,1.141961956948903,193400000
2016-06-08,1.1336157321929932,1.141716492319964,1.124287555791546,1.1375433238078876,234616000
2016-06-09,1.1630736589431763,1.1647919958495965,1.1272339268344975,1.1296887607310537,472168000
2016-06-10,1.134107232093811,1.1596369418102652,1.1326343552214835,1.1493269207568904,400024000
2016-06-13,1.1485899686813354,1.1709284558319153,1.135334199135721,1.135334199135721,475588000
2016-06-14,1.1507991552352905,1.1561996227172548,1.1331247596863991,1.1458896074190903,298344000
2016-06-15,1.1625823974609375,1.17264695596379,1.1476082896601407,1.1603731412453735,301036000
2016-06-16,1.167246699333191,1.1692104959992733,1.1426989483748877,1.1539909255209981,246456000
2016-06-17,1.14687180519104,1.1689648357952676,1.142207715750019,1.1687193758856702,471000000
2016-06-20,1.1674920320510864,1.1824661409458306,1.1645462788465375,1.165282775674123,293768000
2016-06-21,1.1603734493255615,1.175593021074132,1.158654995414786,1.172401807330554,212508000
2016-06-22,1.1593908071517944,1.1704373187394552,1.1574270114824627,1.1628274788363377,202620000
2016-06-23,1.1903218030929565,1.1915492201408175,1.1697016414900345,1.170438138539924,297880000
2016-06-24,1.1225696802139282,1.1625825775701262,1.1120142002618756,1.1414715006131144,1017684000
2016-06-27,1.1105412244796753,1.1218332003123725,1.0940941220503735,1.1132414006866294,449088000
2016-06-28,1.1267426013946533,1.1328794498217265,1.1112774577494002,1.1316521503680401,381920000
2016-06-29,1.145153284072876,1.15399054171039,1.1336158508124028,1.1365616033582409,318932000
2016-06-30,1.1539907455444336,1.1611095512435732,1.1377892207334546,1.1471172827057672,430940000
2016-07-01,1.145398736000061,1.1625822143630424,1.141471144001427,1.1476081089205539,218488000
2016-07-05,1.162337064743042,1.164300861266531,1.1299340124203188,1.1390166152362935,371084000
2016-07-06,1.1697008609771729,1.1765743216269424,1.1483443336279835,1.1542358378841133,273104000
2016-07-07,1.2001405954360962,1.204313765499938,1.1721561728787935,1.177556642620616,395400000
2016-07-08,1.2482541799545288,1.2541456862690785,1.2082412865161516,1.212905376173021,481932000
2016-07-11,1.276975154876709,1.2863032175555198,1.264701221855731,1.2661740985003642,448776000
2016-07-12,1.2961221933364868,1.307905087250955,1.2750110043709502,1.2912126444510519,436760000
2016-07-13,1.2956308126449585,1.3059409445050336,1.29366701702256,1.29857656460498,324604000
2016-07-14,1.3088871240615845,1.320670136804775,1.2917037588992586,1.3025048148962177,316892000
2016-07-15,1.2936673164367676,1.2995588217203762,1.2725562452410026,1.2921944401158654,428616000
2016-07-18,1.3002952337265015,1.3115872077659596,1.2953856848855578,1.3096234116401577,252992000
2016-07-19,1.3137966394424438,1.3189516483974886,1.2971040789962118,1.2995589120526423,382652000
2016-07-20,1.3309799432754517,1.33809886517935,1.3128146242688405,1.3182150928781364,296460000
2016-07-21,1.3064326047897339,1.3322077734731002,1.3020139743446932,1.3280346029884094,361308000
2016-07-22,1.3420265913009644,1.3420265913009644,1.301522780058713,1.3110964188116896,315768000
2016-07-25,1.366820216178894,1.370011430073224,1.344236258934855,1.3501277667560565,312528000
2016-07-26,1.3901402950286865,1.3972591008461468,1.3768845230635434,1.3788483194559917,514508000
2016-07-27,1.3761481046676636,1.4046235636657496,1.3678018817345419,1.402168730245649,446676000
2016-07-28,1.3790937662124634,1.3894037849640968,1.3749205964970543,1.3793392261275652,221916000
2016-07-29,1.4016776084899902,1.4053597410368794,1.3594554629901536,1.384248668286961,409588000
2016-08-01,1.3925950527191162,1.412724288236496,1.3835124502387823,1.407569278657999,301120000
2016-08-02,1.3756574392318726,1.399959732731643,1.3624016640598016,1.3992232357482381,282748000
2016-08-03,1.3793392181396484,1.382039511295916,1.3663289062914539,1.3739387488800046,299828000
2016-08-04,1.4048689603805542,1.4112513865221377,1.3832669656990615,1.3859671418761887,272712000
2016-08-05,1.4286805391311646,1.429416919000909,1.414197348216651,1.4210706952125796,371588000
2016-08-08,1.441935658454895,1.4517547545769642,1.4267159775286864,1.4483180826395259,305064000
2016-08-09,1.4456181526184082,1.4596104207736613,1.4419360199128268,1.449054825417336,372344000
2016-08-10,1.4362900257110596,1.4605923131406242,1.43162593615756,1.4583830568480793,375740000
2016-08-11,1.4655016660690308,1.4716386313454868,1.4409539220160836,1.4438996747130126,681064000
2016-08-12,1.547491431236267,1.5558376535589815,1.4883313781839407,1.5195070112006033,1425744000
2016-08-15,1.5460187196731567,1.5587835729592483,1.5251531031134227,1.5492099329946796,573304000
2016-08-16,1.5366902351379395,1.5462637554232816,1.532026146404999,1.5438090396470807,287652000
2016-08-17,1.5010960102081299,1.5401270600992474,1.4890676559015776,1.5366903874402325,595212000
2016-08-18,1.5244160890579224,1.5268708044862407,1.49299488879489,1.4988863931074223,331684000
2016-08-19,1.5283445119857788,1.5398819499968233,1.5170525339458112,1.5236804213765618,291560000
2016-08-22,1.5347267389297485,1.536936112486618,1.514843079235344,1.5330084023037964,244748000
2016-08-23,1.5471460819244385,1.557229187840737,1.542719309594625,1.5503431757289816,339764000
2016-08-24,1.5232911109924316,1.5532946392042135,1.5161591853349021,1.5525569023163117,298448000
2016-08-25,1.5132079124450684,1.52452069826107,1.4942713768370703,1.5237829614174365,406032000
2016-08-26,1.525504231452942,1.5341117463225773,1.5050919907408407,1.5171426288269252,300024000
2016-08-29,1.5245203971862793,1.5378005958979002,1.522061157591226,1.5316524382759722,274652000
2016-08-30,1.5156670808792114,1.530668783580769,1.5114862208138928,1.5225530929692905,285544000
2016-08-31,1.5085346698760986,1.5227986323331688,1.50410801591277,1.5186178905601841,388544000
2016-09-01,1.5530486106872559,1.5587049448770756,1.5085352049269483,1.5097648835833823,428492000
2016-09-02,1.537800669670105,1.5579669982062025,1.5203397276286708,1.5562454952265035,323148000
2016-09-06,1.552310585975647,1.552310585975647,1.5353414680026072,1.5432112463627845,306812000
2016-09-07,1.5294393301010132,1.555016084220211,1.5205859014351608,1.5473922169880772,397988000
2016-09-08,1.5405062437057495,1.5429656011739907,1.510502833112367,1.5279637786086808,315808000
2016-09-09,1.4637759923934937,1.5321445302886554,1.4509876159140231,1.5235370143000158,697760000
2016-09-12,1.4940248727798462,1.4969760537543004,1.4096708891476752,1.444347089694647,598260000
2016-09-13,1.4723831415176392,1.5075511680735862,1.4640215398879957,1.4903360231170866,471768000
2016-09-14,1.4854180812835693,1.490336679542046,1.4635303600773693,1.475826797089245,319048000
2016-09-15,1.5417356491088867,1.5434571521240066,1.4844338733051343,1.4878769966039718,515212000
2016-09-16,1.5454245805740356,1.5555076865012794,1.5277176085041597,1.547146083603843,902444000
2016-09-19,1.565836787223816,1.6049396488076162,1.5545240030208463,1.5616559272335158,417128000
2016-09-20,1.5515730381011963,1.5837898922153604,1.5429655219415919,1.5837898922153604,331112000
2016-09-21,1.5951025485992432,1.5980537302627336,1.5559996847295037,1.5562455969900275,336212000
2016-09-22,1.5990371704101562,1.6093663048829971,1.5899378316164818,1.6044477085092688,308732000
2016-09-23,1.5973159074783325,1.6056775108428227,1.5901839827091335,1.601004943264206,276132000
2016-09-26,1.582313895225525,1.5887080819514476,1.5623935983956498,1.5791168018625636,230040000
2016-09-27,1.6364189386367798,1.6388782960776282,1.575428351688315,1.576166088559399,402752000
2016-09-28,1.642320990562439,1.643550669049167,1.621416925362442,1.6388779846144763,319788000
2016-09-29,1.6575684547424316,1.6627330804645366,1.624367959492239,1.6396155726314785,336684000
2016-09-30,1.6851128339767456,1.7015901264651991,1.6568308160183383,1.6666680090642387,429932000
2016-10-03,1.6833910942077637,1.709459782923044,1.6804400303184972,1.6851127142736615,242596000
2016-10-04,1.679702639579773,1.7141328222889216,1.6671601748345677,1.6858509158092747,281624000
2016-10-05,1.6779811382293701,1.711181759545532,1.6728166284073758,1.6939666095369352,305440000
2016-10-06,1.6560931205749512,1.6681436413124302,1.6295326048743495,1.6578146235374482,360212000
2016-10-07,1.64404296875,1.6715871415639882,1.639370282964661,1.6671603680933573,286260000
2016-10-10,1.650190830230713,1.6615036147395121,1.6346971856185881,1.6526500700272695,287876000
2016-10-11,1.6263355016708374,1.6472395666090103,1.6137930392542152,1.644780326934951,388540000
2016-10-12,1.6337133646011353,1.6423208788857364,1.606169201621824,1.6196953122502813,419920000
2016-10-13,1.6071527004241943,1.6182195704813909,1.566574255060191,1.614530652885184,390116000
2016-10-14,1.6228926181793213,1.6378943214015675,1.613301336462983,1.626827448862054,330636000
2016-10-17,1.6135475635528564,1.6378946409828776,1.6113342355205365,1.6226470225264642,195328000
2016-10-18,1.6381402015686035,1.6474855708427654,1.6292867740715975,1.635926874011502,269372000
2016-10-19,1.634697437286377,1.6423213046397644,1.6187119657076376,1.627073687201607,199060000
2016-10-20,1.665684461593628,1.6710950005674112,1.6305165446070702,1.6538798518420579,312084000
2016-10-21,1.6610115766525269,1.6639626405752121,1.6452720218114791,1.6597818982780672,279508000
2016-10-24,1.7389711141586304,1.7409385288962391,1.672078074931404,1.6723241043836006,339836000
2016-10-25,1.767499327659607,1.7780743748685892,1.7276587303001039,1.7360203328100516,397460000
2016-10-26,1.774631381034851,1.7940598553662928,1.7510220467857118,1.7527435497474475,333792000
2016-10-27,1.7382335662841797,1.791600389387692,1.731101642629352,1.7881573836737346,388664000
2016-10-28,1.7352826595306396,1.7731558430845342,1.7320855657538992,1.7465954438738287,290856000
2016-10-31,1.750038981437683,1.7615976815407823,1.7399557552779028,1.7409395218420822,252388000
2016-11-01,1.6981472969055176,1.7660240063294612,1.679456557816923,1.7564327245237776,473224000
2016-11-02,1.6910152435302734,1.734298967493413,1.688064061876418,1.7111815733192168,295848000
2016-11-03,1.6713405847549438,1.700360337535351,1.6388778263590418,1.6988847469474844,309664000
2016-11-04,1.6617493629455566,1.6902772922883926,1.6374022932933148,1.6602737723058523,328780000
2016-11-07,1.7527436017990112,1.7638104738923068,1.7092139674419675,1.7104436459564665,487580000
2016-11-08,1.750038981437683,1.7650406886124603,1.73380759537484,1.7593842360885372,429884000
2016-11-09,1.7205265760421753,1.7436440841327594,1.6900313494239831,1.7025736937312292,456532000
2016-11-10,1.6666682958602905,1.7584002599303368,1.6418293967354658,1.758154347652162,869280000
2016-11-11,2.1634469032287598,2.1831212909235798,1.930551110217553,1.9553901243605742,2175344000
2016-11-14,2.0569589138031006,2.168857062175992,2.0564670893774264,2.166397705510461,1348796000
2016-11-15,2.119671583175659,2.1506586398683436,2.0640911887768127,2.0729447340620997,626092000
2016-11-16,2.2534570693969727,2.2763284307788965,2.123606033307067,2.1479531025739242,987984000
2016-11-17,2.272148609161377,2.3311717856125207,2.2293565834239053,2.2701810761314367,832988000
2016-11-18,2.296003580093384,2.319858595876088,2.257638449756417,2.2721483297734535,576060000
2016-11-21,2.2866580486297607,2.32035049144068,2.2723939646307736,2.31395630350184,436436000
2016-11-22,2.3031351566314697,2.30534848420981,2.2719020719350604,2.2945276413061446,330368000
2016-11-23,2.314464807510376,2.3459908135362357,2.2849090447364513,2.3083072101272735,443236000
2016-11-25,2.3191440105438232,2.342296008210204,2.3006714570824385,2.325547769572074,195564000
2016-11-28,2.31791353225708,2.3334302586402047,2.3053521714711773,2.3120023312858766,278736000
2016-11-29,2.29673171043396,2.326041316645684,2.278998342852625,2.3152040368402926,444568000
2016-11-30,2.270869731903076,2.3191442091039463,2.268406693245575,2.3053513335549156,440500000
2016-12-01,2.158557891845703,2.2701310182756886,2.0878703659439415,2.268406938007068,1035524000
2016-12-02,2.1785082817077637,2.187128683646022,2.096490912029475,2.1243225960965666,478292000
2016-12-05,2.262988805770874,2.2809685711352796,2.1920548661476826,2.2164383932126315,602284000
2016-12-06,2.300179958343506,2.308554198973021,2.2553536244498305,2.271116748942317,498796000
2016-12-07,2.341557025909424,2.3472218263684814,2.2684064759835256,2.286632631459769,480804000
2016-12-08,2.302396297454834,2.3797339920486693,2.2918056514353693,2.344513423204749,381544000
2016-12-09,2.2615103721618652,2.3218534099207777,2.2341712537822738,2.3201293298387604,382312000
2016-12-12,2.2065861225128174,2.2154529222906736,2.1560949956843354,2.212989883204324,601332000
2016-12-13,2.245502471923828,2.2730880079783784,2.217917170757741,2.218902292974112,387796000
2016-12-14,2.375547170639038,2.3918028543687364,2.2553533883284134,2.2792443530354487,983980000
2016-12-15,2.4312100410461426,2.4615047607999943,2.379241002507358,2.3866298840681015,746548000
2016-12-16,2.47308087348938,2.480223357536973,2.407072792570852,2.4587954356175525,1089528000
2016-12-19,2.5031301975250244,2.523326608055003,2.438353610172694,2.4555946546734786,744656000
2016-12-20,2.590318202972412,2.6139627605059688,2.56445676998311,2.5757866054999448,848056000
2016-12-21,2.606574535369873,2.609530135165365,2.5543593304633885,2.6018948552677044,576136000
2016-12-22,2.638101577758789,2.6814499964432374,2.6238161352608573,2.630958856509823,718612000
2016-12-23,2.7038631439208984,2.7053410617644813,2.6174124665002383,2.620121669362268,647692000
2016-12-27,2.8895721435546875,2.890557265485511,2.739330009349485,2.7600192141155513,1194272000
2016-12-28,2.6908087730407715,2.9538552982875745,2.6770161294047248,2.9457274568751406,2295764000
2016-12-29,2.744502067565918,2.7459799852513287,2.5319466400707737,2.5836692961809296,2175368000
2016-12-30,2.6289875507354736,2.7565701967055545,2.618150508195533,2.7425311565518884,1212932000
2017-01-03,2.512488842010498,2.6198748616465517,2.447712273202324,2.5713539757873596,1501996000
2017-01-04,2.571107864379883,2.598446989423303,2.500666491891685,2.5467243394672394,1199220000
2017-01-05,2.5058388710021973,2.6063285763017627,2.488844228039089,2.574556166761628,984296000
2017-01-06,2.539335250854492,2.567659495350634,2.492538448315504,2.533177653210766,822856000
2017-01-09,2.6422879695892334,2.6600215704333214,2.5491873872670063,2.5491873872670063,916248000
2017-01-10,2.6223371028900146,2.6893300577557433,2.6016479086852535,2.655341019608907,880920000
2017-01-11,2.5900731086730957,2.6156881567623707,2.565197019440961,2.6107623124543324,525664000
2017-01-12,2.5477094650268555,2.57874314900227,2.5028831370127467,2.5671671463428867,625616000
2017-01-13,2.5474629402160645,2.586131664586219,2.538349743223407,2.551649824498608,457820000
2017-01-17,2.490320920944214,2.541797150531072,2.4770208436102323,2.5368713090572728,580612000
2017-01-18,2.535640239715576,2.542536559935051,2.441061764738323,2.468893443433328,654424000
2017-01-19,2.5900731086730957,2.6220919187846894,2.536380207784719,2.5385968494677553,644872000
2017-01-20,2.5617477893829346,2.6304650622234935,2.539827309834615,2.612731466379607,492024000
2017-01-23,2.588348865509033,2.60829910918122,2.554113415862732,2.5565764553063834,369904000
2017-01-24,2.643519878387451,2.6496774774571747,2.583669377782385,2.598447380661334,428052000
2017-01-25,2.6548492908477783,2.6920403376224438,2.6188897636881032,2.68588273954749,522760000
2017-01-26,2.7006607055664062,2.7080495882736866,2.6280026934278364,2.6575584591453034,458800000
2017-01-27,2.752875566482544,2.7558311661687753,2.6809565221903244,2.7075566844780883,471996000
2017-01-30,2.709772825241089,2.7341563419845616,2.657804029703355,2.731939701351205,496004000
2017-01-31,2.689084768295288,2.7105126930869594,2.664947406364293,2.6834199659121873,362756000
2017-02-01,2.8065690994262695,2.8107559842831167,2.7058330021030566,2.7235663679396556,590004000
2017-02-02,2.8420350551605225,2.8506556901775078,2.7600179375872704,2.7905588173129865,483240000
2017-02-03,2.817159652709961,2.8545970964164544,2.805337487503971,2.843513655050103,372744000
2017-02-06,2.88932466506958,2.8898172258507824,2.80779986612872,2.80779986612872,506768000
2017-02-07,2.9341518878936768,2.9782392623760487,2.903857159084364,2.923561005728272,746224000
2017-02-08,2.9213438034057617,2.938584607188135,2.8664191593888173,2.9161715622710496,449580000
2017-02-09,2.8664188385009766,2.932426916099545,2.847207793516005,2.9275008384912797,842568000
2017-02-10,2.798440933227539,2.972819910800055,2.7733184525586347,2.953855027538802,1651092000
2017-02-13,2.6693813800811768,2.8073083136669252,2.664947861681323,2.7927767084046544,1180724000
2017-02-14,2.679232597351074,2.7129754804117803,2.617904193914938,2.6597749178621406,850632000
2017-02-15,2.6846516132354736,2.704355460185253,2.6541107209298307,2.6821888085330388,373020000
2017-02-16,2.6415493488311768,2.6954886424494724,2.6023878216047738,2.694257122768754,647176000
2017-02-17,2.6410562992095947,2.645489816611735,2.580959647852112,2.6280026146476576,563740000
2017-02-21,2.73563551902771,2.7395762414007976,2.665440300717796,2.6656866986297807,551952000
2017-02-22,2.7314419746398926,2.757089339207847,2.712452924805124,2.747718168678423,433772000
2017-02-23,2.478175163269043,2.623674591625127,2.458199977467479,2.6017264405365244,1592888000
2017-02-24,2.502095937728882,2.515412804838418,2.3600490416474726,2.3938345094718625,1029904000
2017-02-27,2.5748462677001953,2.5898893946614487,2.5045626938589316,2.5203457122796236,715400000
2017-02-28,2.502589464187622,2.5943282343748613,2.4853268998551203,2.584463643116517,625360000
2017-03-01,2.534895658493042,2.573859904402475,2.493465264506915,2.5595564337055086,504804000
2017-03-02,2.44143009185791,2.5361281818896777,2.4387174706734034,2.522071423126301,754332000
2017-03-03,2.4273741245269775,2.435758698829909,2.3728733332261975,2.4308266378019776,864692000
2017-03-06,2.4086315631866455,2.4192358109627423,2.3469792770632654,2.3911222894683855,883568000
2017-03-07,2.43501877784729,2.454501018392794,2.395808058244353,2.408631746020303,603400000
2017-03-08,2.430579662322998,2.498150607843484,2.4283602233446233,2.4833539560129823,638712000
2017-03-09,2.430086612701416,2.452527947754857,2.401973090278253,2.4145503038182645,478060000
2017-03-10,2.444390296936035,2.4683114192431304,2.426141363041345,2.4564743301401886,499740000
2017-03-13,2.5117135047912598,2.521577858275613,2.454006931074662,2.454746822261791,774136000
2017-03-14,2.50998854637146,2.533909433668954,2.477682613259673,2.524538492921457,522016000
2017-03-15,2.5289766788482666,2.539827399761133,2.473982712547506,2.5215784707342577,615036000
2017-03-16,2.560049057006836,2.560542474662241,2.5255239322148944,2.5395806909593737,523100000
2017-03-17,2.6157827377319336,2.6170158114199213,2.5600488888847694,2.5775581589585843,1119688000
2017-03-20,2.699136972427368,2.703082903067438,2.617262792195184,2.6332925180603572,748568000
2017-03-21,2.6118369102478027,2.7117137662274495,2.6039455205570254,2.6818739932887112,913484000
2017-03-22,2.665104627609253,2.6697902137576572,2.596793800408482,2.6007394952743046,616764000
2017-03-23,2.640936851501465,2.677188467576278,2.6313192053997567,2.6572130488926424,533940000
2017-03-24,2.65030837059021,2.695191273699471,2.624414523710715,2.6872998827985213,439500000
2017-03-27,2.669543981552124,2.673489677122406,2.5543775074904054,2.603699290080955,506644000
2017-03-28,2.655733585357666,2.6853266510775926,2.645376047633409,2.67077670945977,432444000
2017-03-29,2.6471028327941895,2.675462830377159,2.6448833935791023,2.6631323250674424,349992000
2017-03-30,2.6979031562805176,2.712699804148065,2.6485813886965914,2.6542533390521768,525532000
2017-03-31,2.6863133907318115,2.7099880347577048,2.673243229928595,2.688286356128907,440808000
2017-04-03,2.672750473022461,2.704069804385905,2.6490758252262787,2.6868072363552313,445232000
2017-04-04,2.4853267669677734,2.5750925670667173,2.47447604642249,2.5499383781094633,1271280000
2017-04-05,2.4668312072753906,2.5245377948676087,2.453760812293843,2.466584498425447,747048000
2017-04-06,2.4848334789276123,2.4969172728010123,2.4268801867690346,2.472009793743864,635120000
2017-04-07,2.4742283821105957,2.5087537307817604,2.459185263350821,2.49124446529161,429068000
2017-04-10,2.411097764968872,2.48162780877449,2.4069053605003337,2.474969491546352,756332000
2017-04-11,2.4197282791137695,2.438963803638559,2.3760784621365247,2.381010521274176,618148000
2017-04-12,2.3997533321380615,2.434031984746072,2.394574563198847,2.419728751749877,414092000
2017-04-13,2.354870319366455,2.3972870690047534,2.354870319366455,2.375585629310127,506892000
2017-04-17,2.4471020698547363,2.4473485434770077,2.362515050834293,2.367693819119044,497292000
2017-04-18,2.448582410812378,2.454747781138886,2.4069055422184373,2.43279939203528,370116000
2017-04-19,2.458199977874756,2.4902589587046418,2.451541425816598,2.466091368654617,380828000
2017-04-20,2.497163772583008,2.5018493585150003,2.451540986948844,2.4727494780483386,404016000
2017-04-21,2.507521390914917,2.5102340120010056,2.4749689971427897,2.4868060815787123,341896000
2017-04-24,2.5388405323028564,2.5519106895449175,2.518125459609138,2.53908700591983,371820000
2017-04-25,2.5829837322235107,2.597533673024295,2.5319357026028113,2.553390668165355,388440000
2017-04-26,2.565228223800659,2.599013459439606,2.5632552586080775,2.596547546929865,327004000
2017-04-27,2.6051783561706543,2.613562927552629,2.554623513525946,2.5726259650982617,319700000
2017-04-28,2.5721335411071777,2.6051791243359173,2.5664613537290686,2.598274098155418,348248000
2017-05-01,2.6298394203186035,2.6350184241970496,2.575832059497635,2.5829837932490385,307732000
2017-05-02,2.551910400390625,2.6041917289891727,2.529222365408131,2.6029586554897772,629972000
2017-05-03,2.5709002017974854,2.580517848646386,2.5302097051583075,2.5450061211081225,336904000
2017-05-04,2.5610361099243164,2.5881630320832807,2.553144483444651,2.5770656013853372,209788000
2017-05-05,2.561282157897949,2.568433891759772,2.533908531417458,2.549445072923126,228428000
2017-05-08,2.5344018936157227,2.57459896914308,2.52305775618023,2.5731194217478963,365240000
2017-05-09,2.5385944843292236,2.587669793127988,2.531689458300519,2.5400742671552665,847672000
2017-05-10,2.991122007369995,3.004192402009824,2.8118373502495926,2.818495666806465,2129096000
2017-05-11,3.119605541229248,3.216523082330404,2.957090254572052,2.960542767496054,1939792000
2017-05-12,3.153883934020996,3.1960542121739643,3.10184953563685,3.122811320293868,962620000
2017-05-15,3.312206745147705,3.3146728925795808,3.1906284519364365,3.195067564350766,1087540000
2017-05-16,3.373859167098999,3.3893957084501487,3.288779193648565,3.363254920826887,1120700000
2017-05-17,3.149691581726074,3.3257704214752235,3.145499178001977,3.3070280767214504,1271368000
2017-05-18,3.281627655029297,3.2905056455887096,3.1331689039446218,3.1935881111475597,1156032000
2017-05-19,3.357417106628418,3.412221796681629,3.338161315635252,3.382844525897939,1018372000
2017-05-22,3.4290084838867188,3.443326781433547,3.390249939890111,3.4011123239638987,836608000
2017-05-23,3.3828439712524414,3.450979781572394,3.350257289596485,3.448758005174486,681248000
2017-05-24,3.4208614826202393,3.4825786904570926,3.408764727188624,3.479862976985115,815996000
2017-05-25,3.4132091999053955,3.4569050031234734,3.3682790240309726,3.456164332443164,608228000
2017-05-26,3.501587390899658,3.586510232150632,3.3848185430376834,3.405061731913186,779140000
2017-05-30,3.5763890743255615,3.6114442638718547,3.531458904958791,3.5475052763021133,989652000
2017-05-31,3.563551902770996,3.628971996415851,3.506771945651853,3.6213190282721746,887316000
2017-06-01,3.563798427581787,3.5803387353861713,3.5183745587160518,3.579351096196941,503340000
2017-06-02,3.5460238456726074,3.587003925183264,3.5400989524961988,3.560835843181173,487456000
2017-06-05,3.6539056301116943,3.666742821154969,3.5181279557964427,3.52973077438181,817376000
2017-06-06,3.6373653411865234,3.695379430669217,3.624034449037999,3.649214892300512,758728000
2017-06-07,3.6813085079193115,3.700070594735084,3.646253314918658,3.661805985890022,612612000
2017-06-08,3.9484212398529053,3.9499023458753766,3.7472229572676636,3.788450017799693,1161744000
2017-06-09,3.6931581497192383,4.159740379205594,3.524052877271534,4.066917823587869,3692928000
2017-06-12,3.702291965484619,3.745000358092621,3.5082532286339285,3.601322746434236,1697532000
2017-06-13,3.7375946044921875,3.820789383483801,3.595644822430972,3.8116550737367465,1672504000
2017-06-14,3.7454941272735596,3.8032614882870446,3.666002469715884,3.7405568727616902,1184640000
2017-06-15,3.761540174484253,3.791904838480644,3.616627973887709,3.627984057810561,963824000
2017-06-16,3.743025779724121,3.819061531999461,3.7089579901343286,3.771168910357104,924960000
2017-06-19,3.8837406635284424,3.8889248865482493,3.7835118809472283,3.787214762857107,778176000
2017-06-20,3.8780622482299805,3.9928562885387913,3.87386566470351,3.9259548601395835,1095444000
2017-06-21,3.936816692352295,3.9405198091548868,3.843747189358907,3.9057113587672965,682652000
2017-06-22,3.9096622467041016,3.9582955381397764,3.8857159363080838,3.9449644082842616,469132000
2017-06-23,3.7975833415985107,3.933114277867075,3.782524139406479,3.9173146405725805,1088588000
2017-06-26,3.7561092376708984,3.865965790265522,3.661805353361119,3.8304166660198358,1063960000
2017-06-27,3.6186039447784424,3.747222605231285,3.6129260190769314,3.738582232330615,999492000
2017-06-28,3.746234178543091,3.7509246990418164,3.598112800754038,3.6862450511447418,994948000
2017-06-29,3.6210715770721436,3.7208064055375925,3.556885633205565,3.71784419468138,1064424000
2017-06-30,3.5687365531921387,3.6519313380531204,3.542568465514879,3.6383534745318746,731060000
2017-07-03,3.4396233558654785,3.595644450866245,3.4211082404676434,3.5808324527209634,709072000
2017-07-05,3.531459331512451,3.560342897592176,3.484060411465397,3.503069231964382,820188000
2017-07-06,3.542073965072632,3.588979175908668,3.4502388218170346,3.5023282556245587,746284000
2017-07-07,3.623047113418579,3.64131549663618,3.5758951673646506,3.598854071863832,654972000
2017-07-10,3.7943739891052246,3.8017799882798204,3.670445868956459,3.6966139524436694,958492000
2017-07-11,3.848191499710083,3.855844467549612,3.7561093878406187,3.798077108911768,757956000
2017-07-12,4.011866092681885,4.0239626152441375,3.8649792764180715,3.907934409437304,1145208000
2017-07-13,3.965453863143921,4.105428347365477,3.919042591907299,4.023961654053339,1369132000
2017-07-14,4.0721025466918945,4.0735834172417675,3.9748359554399646,3.981748254222839,941948000
2017-07-17,4.054820537567139,4.135053099485219,3.993103327127061,4.106169301856319,930792000
2017-07-18,4.097035884857178,4.111601151785561,3.9819946198432525,3.9938444083383775,776640000
2017-07-19,4.075804233551025,4.132583948570152,4.0637077142300315,4.106168898457718,687044000
2017-07-20,4.135052680969238,4.135299414176921,4.046426960326311,4.0962943784424946,699596000
2017-07-21,4.14986515045166,4.179489619016848,4.100244459895567,4.114562992274154,648332000
2017-07-24,4.10172700881958,4.166653654680337,4.09111182617653,4.157025876136048,652524000
2017-07-25,4.08197546005249,4.096293989441663,4.038279672332216,4.078766045197789,496556000
2017-07-26,4.1291279792785645,4.195042005381771,4.0943192899212795,4.139496424860538,640404000
2017-07-27,3.99285626411438,4.1656646274199005,3.889665042161058,4.154061574334156,782856000
2017-07-28,4.058277130126953,4.082717377916283,3.9321274527285683,3.957060931604678,513348000
2017-07-31,4.011866092681885,4.107898073356324,3.965208077084623,4.071855238944093,559672000
2017-08-01,4.060744762420654,4.062472836494532,3.974587791918791,4.002483710292854,431384000
2017-08-02,4.058277130126953,4.095801303652187,3.9812544461343675,4.091851688037951,478444000
2017-08-03,4.109872341156006,4.113575222823159,4.040748901224705,4.057782910277469,442420000
2017-08-04,4.127893924713135,4.198498237713474,4.109872511194522,4.132584210294587,589096000
2017-08-07,4.254785060882568,4.255278527396876,4.147396765031254,4.1570250124401955,717412000
2017-08-08,4.204178333282471,4.309344180658221,4.164926072803495,4.292804100599621,755336000
2017-08-09,4.2488579750061035,4.251326718899198,4.139248194649431,4.1580102715451455,530784000
2017-08-10,4.066917896270752,4.262437991401511,4.056796182438303,4.250094265679627,1328088000
2017-08-11,3.850166082382202,3.925214179866279,3.7748712516849525,3.8792966109435016,1497196000
2017-08-14,4.157271385192871,4.160974267189058,3.930152029082633,3.941754847840141,1279020000
2017-08-15,4.12221622467041,4.188623725950479,4.087901468100768,4.162455875332975,764532000
2017-08-16,4.077038764953613,4.160727475464654,4.044699289520613,4.137275105043556,596632000
2017-08-17,3.9861910343170166,4.085679147526469,3.983969493490646,4.068645608019484,525444000
2017-08-18,3.9869329929351807,4.057537802157401,3.941015405498767,4.040503786282304,601204000
2017-08-21,3.92891788482666,4.022728079576373,3.8849753521965655,4.011372228827469,623672000
2017-08-22,4.016386985778809,4.022317097545813,3.9462146249087806,3.9654873703316342,450456000
2017-08-23,4.096689701080322,4.107808600353516,3.9743818090752,3.9830302607584267,579520000
2017-08-24,4.081616401672363,4.133257794297434,4.055178564868278,4.128809858475177,469700000
2017-08-25,4.047519683837891,4.11596267548687,4.041095200527793,4.105832049516076,357200000
2017-08-28,4.076181411743164,4.0793936533330815,4.010950663071852,4.066545158252987,389496000
2017-08-29,4.069509506225586,4.091253400781309,4.009220602178265,4.01737468045654,324096000
2017-08-30,4.093724727630615,4.104843626486688,4.058885385540368,4.089276791064531,384400000
2017-08-31,4.186628818511963,4.190581911349058,4.106573033206224,4.11398531791555,612684000
2017-09-01,4.211831092834473,4.2474117531565305,4.190581571082092,4.1992300213399805,445432000
2017-09-05,4.0994086265563965,4.165380716402682,4.041343667641575,4.160438877390444,695364000
2017-09-06,4.0969367027282715,4.146107187670898,4.062097830175713,4.132270418852339,397672000
2017-09-07,4.115963459014893,4.148331418391117,4.0756883692472305,4.113739490227362,352868000
2017-09-08,4.044553756713867,4.119173798157166,4.0203394154162595,4.104348758565908,498856000
2017-09-11,4.175756931304932,4.186381928837936,4.084829196817335,4.0902654064666235,567444000
2017-09-12,4.190828323364258,4.200464573932333,4.125597594473544,4.200464573932333,411488000
2017-09-13,4.20960807800293,4.238516837634444,4.133258432511277,4.165626384130129,580960000
2017-09-14,4.185640335083008,4.263719570048747,4.1461065810203195,4.170567873379828,513712000
2017-09-15,4.450268745422363,4.450268745422363,4.265942398558883,4.271131185293782,1364792000
2017-09-18,4.634101390838623,4.724288266953219,4.567635426670119,4.574553809984617,1684460000
2017-09-19,4.6291608810424805,4.690932441360508,4.5617061599740625,4.583697008878175,874280000
2017-09-20,4.591849327087402,4.680306127594955,4.551574254684968,4.632865722099381,724920000
2017-09-21,4.4663286209106445,4.514263387044134,4.388496363539716,4.4880720366836195,1075600000
2017-09-22,4.4228410720825195,4.504626887444689,4.412957873200647,4.454962528827101,491232000
2017-09-25,4.225174427032471,4.393193130875098,4.2044192751817,4.39195743586709,874580000
2017-09-26,4.2488932609558105,4.414935373863232,4.209112563893136,4.359835267504038,1125620000
2017-09-27,4.34204626083374,4.355389128240581,4.2684144821564995,4.339328391508533,713720000
2017-09-28,4.340811252593994,4.353165376060016,4.293370362818163,4.349211811485496,435244000
2017-09-29,4.417160511016846,4.4408804825127755,4.379603300382175,4.4248202176931155,619092000
2017-10-02,4.4228410720825195,4.496472812433763,4.373424135114495,4.467316645249275,503480000
2017-10-03,4.431984901428223,4.461882400997212,4.387756263846444,4.429019610876857,390332000
2017-10-04,4.469048500061035,4.491286297888394,4.401593783814105,4.438162722109657,427848000
2017-10-05,4.46657657623291,4.496968446355529,4.436679078268811,4.493509255084285,437364000
2017-10-06,4.479672431945801,4.493015297382533,4.422842721167553,4.438903455528192,318800000
2017-10-09,4.580730438232422,4.613840177597584,4.4977093750154795,4.5164879768907085,563492000
2017-10-10,4.668200492858887,4.7675292721665326,4.626937133836187,4.729972056130658,974876000
2017-10-11,4.717863082885742,4.719345728026768,4.638795587462878,4.68475334531968,529508000
2017-10-12,4.720088481903076,4.770988091478317,4.692908845379801,4.721323705708866,528292000
2017-10-13,4.808050632476807,4.818181257915022,4.735407600980414,4.782353643146508,628728000
2017-10-16,4.890576362609863,4.8935416530142355,4.774692983267617,4.837947170726928,576640000
2017-10-17,4.886129856109619,4.914544714564519,4.8515379364740125,4.869822169527182,478596000
2017-10-18,4.881928443908691,4.895765209219191,4.7766700588596835,4.895024357888533,567316000
2017-10-19,4.887364387512207,4.89230575251258,4.7551733303434505,4.804343328873144,570772000
2017-10-20,4.865127086639404,4.931593047578379,4.8562316861819,4.904413887854686,451620000
2017-10-23,4.858209133148193,4.913309251390918,4.837947883332161,4.886870940695217,428696000
2017-10-24,4.909108638763428,4.910838234626346,4.841406978358119,4.867350916301889,407244000
2017-10-25,4.785070896148682,4.9224512268176905,4.72354677125255,4.869574609468413,828160000
2017-10-26,4.835229396820068,4.846842194386241,4.7887772639964235,4.81274465302387,322744000
2017-10-27,4.987683296203613,4.987930246727563,4.86142182908043,4.887366243763604,572192000
2017-10-30,5.036604881286621,5.092198894717605,4.971868045803476,4.987681828997304,504056000
2017-10-31,5.109989643096924,5.136674903690228,5.0627961826558865,5.068479342458345,411908000
2017-11-01,5.119626998901367,5.1880699966345905,5.055384516487478,5.172750581065168,502576000
2017-11-02,5.088492393493652,5.1346975737172516,5.031909639694201,5.089975038655761,342308000
2017-11-03,5.156442165374756,5.156442165374756,5.073668508396481,5.119626277347894,353640000
2017-11-06,5.179666042327881,5.188314018609966,5.107269991943755,5.119624109124059,389944000
2017-11-07,5.2389678955078125,5.260464837397653,5.190292266399418,5.202399436065529,427700000
2017-11-08,5.16805362701416,5.238226186523067,5.120613229172381,5.234519574073353,522988000
2017-11-09,5.073174476623535,5.098130144892817,4.950867054181357,5.071939252811215,978564000
2017-11-10,5.340521335601807,5.403034209813154,5.229085403913691,5.264913016890397,1253256000
2017-11-13,5.2537946701049805,5.365971464997453,5.238475255861265,5.3405218960386485,582376000
2017-11-14,5.2920918464660645,5.307411258139312,5.21920140142691,5.262935668450402,529292000
2017-11-15,5.188316345214844,5.238228150926941,5.134451917726024,5.236992455887169,501948000
2017-11-16,5.228591442108154,5.29258696676698,5.219696511424893,5.262442511363069,441768000
2017-11-17,5.222412586212158,5.320999997740076,5.207340599329002,5.285666766365483,515664000
2017-11-20,5.289621829986572,5.301729001521993,5.201164544330197,5.2379804311801585,396100000
2017-11-21,5.338297367095947,5.349910637450724,5.297528388174567,5.329402437111528,399176000
2017-11-22,5.314313888549805,5.365496453370332,5.281675854300861,5.365496453370332,356640000
2017-11-24,5.364505290985107,5.365494722158135,5.306152432119051,5.330631185711029,180752000
2017-11-27,5.2947797775268555,5.374396934047274,5.291565304571221,5.3731608522373095,422896000
2017-11-28,5.2099714279174805,5.309369217528672,5.148898785735421,5.299973390146273,512752000
2017-11-29,4.856637477874756,5.195380380330995,4.728310438032359,5.192660623917057,1396788000
2017-11-30,4.96271276473999,5.011422692257335,4.862326501765291,4.9253770545036,823768000
2017-12-01,4.88779354095459,4.948371927275592,4.758972211909841,4.928096600616302,811548000
2017-12-04,4.615314960479736,4.952574735551664,4.561907364804277,4.94639291222798,1240844000
2017-12-05,4.642019748687744,4.764659735934192,4.4649831944785285,4.509983935048718,981488000
2017-12-06,4.679602146148682,4.701360674389994,4.570313846074366,4.591578130268668,467032000
2017-12-07,4.747103691101074,4.786912506160529,4.700866401576498,4.74636185335376,542600000
2017-12-08,4.734740734100342,4.816088685821254,4.726333868887798,4.79704944227275,466876000
2017-12-11,4.813119888305664,4.816087238244985,4.733008514045896,4.748832808366298,372748000
2017-12-12,4.718669414520264,4.792847063420354,4.695180085085747,4.769604856049477,455016000
2017-12-13,4.603447437286377,4.7609504993173095,4.596029530753521,4.759714417365335,554280000
2017-12-14,4.610617160797119,4.6815803289089635,4.56437987302724,4.597017903028691,438164000
2017-12-15,4.736473083496094,4.756748415463038,4.589601902614312,4.65463086089162,670036000
2017-12-18,4.893235206604004,4.896202087041947,4.74735297391145,4.777023664719389,477704000
2017-12-19,4.848975658416748,4.889031608432915,4.820541050842429,4.883839214135182,373100000
2017-12-20,4.8660359382629395,4.8974374224392445,4.810402811973474,4.888289188778725,288820000
2017-12-21,4.843533515930176,4.894468471178807,4.83512665211841,4.8694954733428135,300904000
2017-12-22,4.8282060623168945,4.837601890762726,4.728808261455715,4.8066946472238,466276000
2017-12-26,4.8818583488464355,4.889523375346236,4.742899383845124,4.772817652233782,355080000
2017-12-27,4.87518310546875,4.944415477662835,4.853919291206675,4.868507509059957,329488000
2017-12-28,4.880870342254639,4.929827389647915,4.8746889897689805,4.89892015561266,240248000
2017-12-29,4.784439563751221,4.9070795308792565,4.784439563751221,4.9070795308792565,279964000
2018-01-02,4.9290852546691895,4.932794443222492,4.809165514536284,4.84081411281156,355616000
2018-01-03,5.253487586975098,5.283900574820012,5.037878801310322,5.046532788516534,914704000
2018-01-04,5.281180381774902,5.39145764630267,5.258927136920637,5.334835574423454,583268000
2018-01-05,5.325934410095215,5.363270115965067,5.219118741577012,5.296016138028854,580124000
2018-01-08,5.489124298095703,5.563301462283385,5.404561878179114,5.449563080981352,881216000
2018-01-09,5.487640380859375,5.534124785339297,5.406045315206983,5.494563569968857,497000000
2018-01-10,5.53066349029541,5.534125085037613,5.340769551912294,5.39516610809075,582664000
2018-01-11,5.540554046630859,5.594703480944722,5.519042168833695,5.563301534543965,406032000
2018-01-12,5.5133562088012695,5.5630550947581,5.472806026500439,5.528686265043444,359916000
2018-01-16,5.4423933029174805,5.625364083759974,5.357831338992815,5.539813159965868,702348000
2018-01-17,5.5563788414001465,5.566268910887237,5.36302329043831,5.456981072796974,538408000
2018-01-18,5.54945707321167,5.603853648346066,5.505939530139907,5.5370938936763,408632000
2018-01-19,5.689650058746338,5.713881221348609,5.612753138625897,5.639704058229479,609380000
2018-01-22,5.778169631958008,5.779900429680884,5.639952464593581,5.697563505200899,550944000
2018-01-23,5.907238483428955,5.929985975578913,5.8130330982873,5.831577157225569,475228000
2018-01-24,5.830340385437012,5.9463042891241145,5.77470727199061,5.9104517858356616,579972000
2018-01-25,5.843939304351807,5.928007010548228,5.82910396549565,5.884736604107968,409884000
2018-01-26,6.016526699066162,6.016773821150451,5.874847929608717,5.887705352097186,516356000
2018-01-29,6.103559970855713,6.134714796126016,5.949271406327384,6.001937166797412,455116000
2018-01-30,6.001441955566406,6.092927561153107,5.8948738900609055,5.961633618061453,570832000
2018-01-31,6.07759952545166,6.163398052049386,6.044219650368878,6.076857687568881,478576000
2018-02-01,5.946550369262695,6.1047956944069,5.8862195895926135,5.897593332329065,519224000
2018-02-02,5.773964881896973,5.883995016456903,5.715859610395551,5.860010975879043,718464000
2018-02-05,5.283901214599609,5.7667956456032465,5.068786646953531,5.612754183074267,1165204000
2018-02-06,5.577643871307373,5.580610751067079,5.044061086941056,5.053951629354117,1114800000
2018-02-07,5.657259941101074,5.809818192498055,5.605336014010543,5.676546308025391,802932000
2018-02-08,5.378353118896484,5.815999168461384,5.3781055252547265,5.782866894731704,1144000000
2018-02-09,5.738361358642578,5.906743927301519,5.378354012801229,5.890919625518015,1674604000
2018-02-12,5.638219833374023,5.822427113135537,5.564042677484753,5.819459762800126,1093172000
2018-02-13,5.751960277557373,5.798197569787503,5.569483744070268,5.60187465515888,625524000
2018-02-14,5.969298839569092,5.99822815030115,5.700529593122754,5.711656214819168,744988000
2018-02-15,6.094906330108643,6.141143619170893,5.971772112245807,6.052625351790188,698900000
2018-02-16,6.029136657714844,6.181447327447493,6.019987953437412,6.067708922993821,637656000
2018-02-20,6.158698081970215,6.227682848500603,6.047926117107964,6.051635305141281,686240000
2018-02-21,5.971524715423584,6.230156807601068,5.967815998208812,6.223233617276445,892292000
2018-02-22,5.991069316864014,6.077168410379192,5.925505422488372,6.005419323083201,534364000
2018-02-23,6.084592342376709,6.084592342376709,6.0002251021026085,6.050944450904054,415300000
2018-02-26,6.100674152374268,6.135311617903012,6.038326242522451,6.1308582968921845,469312000
2018-02-27,6.0878095626831055,6.15832182525966,6.064800183803354,6.073954102700571,455436000
2018-02-28,5.987359046936035,6.138279755113741,5.97573048639036,6.098693949175323,523116000
2018-03-01,5.745143413543701,6.039068248822196,5.6439519976932635,5.985132432325624,1040120000
2018-03-02,5.852271556854248,5.8587044975791205,5.488824090998769,5.637518363562243,913428000
2018-03-05,5.830252170562744,5.869837973088654,5.67858870481161,5.802047180085536,620776000
2018-03-06,5.9913177490234375,6.010616102064279,5.872560323187705,5.9156098782556565,636808000
2018-03-07,5.983398914337158,6.035602843290673,5.887155868893438,5.88839271859095,581208000
2018-03-08,5.96707010269165,6.010861946127706,5.922783236208316,6.010861946127706,411912000
2018-03-09,6.069747447967529,6.082612387267655,5.998492899158838,6.014574309234023,505524000
2018-03-12,6.179349899291992,6.259511082169111,6.102899738097144,6.111064552078152,605060000
2018-03-13,6.128629207611084,6.296621799117841,6.087311539399535,6.222150802976712,619772000
2018-03-14,6.154114246368408,6.198895670808555,6.091766343627969,6.171680252768678,505496000
2018-03-15,6.168957710266113,6.250108454957748,6.126897740716199,6.167720860529324,401952000
2018-03-16,6.197164058685303,6.216214663355408,6.147681564147333,6.1852882222441865,399456000
2018-03-19,5.962618350982666,6.169206765311428,5.863653826995832,6.140259942881576,713772000
2018-03-20,6.174896240234375,6.213739743665158,5.965585945873619,5.965585945873619,554696000
2018-03-21,6.149661540985107,6.234771077875594,6.119229649354747,6.168464399222481,438688000
2018-03-22,5.983647346496582,6.132836648309609,5.9462884380915035,6.086323351533744,551196000
2018-03-23,5.763946533203125,5.99972949823396,5.752812995670607,5.997255326348952,735620000
2018-03-26,6.0487165451049805,6.049953395010789,5.836437520008111,5.888393710252099,611424000
2018-03-27,5.579624652862549,6.185288047109955,5.439342459636503,6.129620360305959,1409000000
2018-03-28,5.4764533042907715,5.675371878729523,5.368829439913462,5.545233667260633,945904000
2018-03-29,5.729803562164307,5.826541180790241,5.4603722398239825,5.544739471053771,916628000
2018-04-02,5.469030857086182,5.805510633503144,5.38119989165086,5.659290541498996,922092000
2018-04-03,5.5754194259643555,5.699125205057242,5.476454897070067,5.636035465355913,667432000
2018-04-04,5.597438335418701,5.607829573902521,5.2946064062187395,5.319594928082214,789168000
2018-04-05,5.477197647094727,5.668941526103146,5.4056958103700605,5.655828837020798,701240000
2018-04-06,5.300792694091797,5.482640348898953,5.271598121305618,5.374521424945044,662988000
2018-04-09,5.329491138458252,5.491793114192252,5.3094504901183965,5.363881321382225,499524000
2018-04-10,5.63875675201416,5.665724426100611,5.5026801157621295,5.5598324068060005,761676000
2018-04-11,5.597438335418701,5.665229133075065,5.564780022498119,5.6239114547512985,460244000
2018-04-12,5.804272651672363,5.822086401455529,5.646176743109061,5.6904636060630605,593920000
2018-04-13,5.727576732635498,5.8762710182372935,5.679331560568531,5.867858928197916,503036000
2018-04-16,5.727330207824707,5.760730824841944,5.633066275702735,5.734257701259384,350792000
2018-04-17,5.877013683319092,5.898291185362596,5.723866067532833,5.779533758733835,447224000
2018-04-18,5.848066806793213,5.919321362234728,5.758998966416393,5.826542027579637,391364000
2018-04-19,5.666714191436768,5.767163318548552,5.611294243733769,5.733762701395363,471996000
2018-04-20,5.6585493087768555,5.742421521198401,5.627375591163541,5.658054285619478,386200000
2018-04-23,5.539051532745361,5.727578974156031,5.5130734256041665,5.676365058920564,427508000
2018-04-24,5.472743034362793,5.660775374439431,5.407426408131954,5.564780055697154,414596000
2018-04-25,5.360419273376465,5.482145911707345,5.203065590990277,5.443054648803474,588492000
2018-04-26,5.572202682495117,5.580367497578545,5.45616670135541,5.52222563323922,375824000
2018-04-27,5.599663734436035,5.69788640272496,5.55735648951256,5.678093503727433,400848000
2018-04-30,5.564286231994629,5.665724939388697,5.544988348221181,5.615995160256952,327844000
2018-05-01,5.619706153869629,5.622427601656644,5.49748450389756,5.556121392690874,253788000
2018-05-02,5.599169731140137,5.660774858056326,5.572943889654946,5.616241184879557,268248000
2018-05-03,5.76444149017334,5.790667336480316,5.585810325843022,5.6310867779154075,443144000
2018-05-04,5.914619445800781,5.9178359161576575,5.71842230443126,5.735741034199062,400660000
2018-05-07,6.152629852294922,6.209782137688004,6.009378461333076,6.019275148911113,687616000
2018-05-08,6.195183753967285,6.197905200998077,6.10388857329828,6.1528760355524,506616000
2018-05-09,6.328289985656738,6.330516881289934,6.188007830162841,6.215223241257916,596760000
2018-05-10,6.435916900634766,6.445070818602756,6.363425024333664,6.381238780874218,994080000
2018-05-11,6.297365188598633,6.42750388950413,6.1986484226638865,6.25406836143427,1214456000
2018-05-14,6.317898750305176,6.39533893977784,6.2941475563821605,6.335465224124179,523140000
2018-05-15,6.075438022613525,6.257038389058598,5.974988898324583,6.254316469360305,963528000
2018-05-16,6.086570739746094,6.148670895131908,5.999976613682595,6.036840971555056,553828000
2018-05-17,6.128629207611084,6.222398078527706,6.07221923659057,6.088301113503419,519784000
2018-05-18,6.084839344024658,6.2439248764540105,6.079890999998536,6.180587866139875,483716000
2018-05-21,6.042778968811035,6.186030357277853,5.949999647933049,6.182319335450743,640624000
2018-05-22,6.004676818847656,6.081374246614038,5.94406079774361,6.056138452727022,518264000
2018-05-23,6.12821102142334,6.1294491082416975,5.947736494155233,5.9484792518078935,442956000
2018-05-24,6.131925582885742,6.174259472342994,6.071272537837177,6.12449894923433,437372000
2018-05-25,6.171288967132568,6.187628223626945,6.108902972622351,6.144552044886488,292112000
2018-05-29,6.1542067527771,6.2222873794511635,6.107417258414963,6.15321656638415,352684000
2018-05-30,6.26313591003418,6.271800632079458,6.163119991459009,6.187876542527776,390996000
2018-05-31,6.243331432342529,6.317848522105402,6.220555724010269,6.2312008201798275,493868000
2018-06-01,6.377758026123047,6.38394751792193,6.279475053739526,6.2881397756276485,421968000
2018-06-04,6.556746959686279,6.578779905209056,6.3797382767103175,6.411921458982363,642024000
2018-06-05,6.562193393707275,6.599823310358099,6.515155997893746,6.559965120145622,391712000
2018-06-06,6.564174175262451,6.567392635432392,6.455740965681344,6.472080222908524,371356000
2018-06-07,6.508471488952637,6.572342991875448,6.4181100231864665,6.560459811752169,369448000
2018-06-08,6.493122100830078,6.535702943284056,6.416872092287869,6.435687047857706,360456000
2018-06-11,6.452025890350342,6.522086403947534,6.439152525370189,6.4804957504078695,265372000
2018-06-12,6.500548362731934,6.512678970095048,6.428259575560509,6.478515421113784,319160000
2018-06-13,6.496092319488525,6.57704582658862,6.4869322707009776,6.50203390894642,338208000
2018-06-14,6.6077446937561035,6.664436992309635,6.526295848411222,6.541150059801145,430016000
2018-06-15,6.566896438598633,6.621855794029056,6.519611617533206,6.550557183529909,432260000
2018-06-18,6.562687873840332,6.580264742737644,6.495597913420497,6.522829688785232,356268000
2018-06-19,6.440887451171875,6.526792386973748,6.3133918490326115,6.459454510561664,594932000
2018-06-20,6.493865489959717,6.5468440016124605,6.443609636650687,6.481982309266357,369780000
2018-06-21,6.365133285522461,6.544122378391306,6.357458749231643,6.525802746048055,359516000
2018-06-22,6.2126312255859375,6.399295267059145,6.197282630119836,6.385926571940355,434160000
2018-06-25,5.91976261138916,6.109892064519146,5.831134567626335,6.1061787480421446,665816000
2018-06-26,5.990814685821533,6.08142359501043,5.939321211618251,6.033148580992837,478884000
2018-06-27,5.835591793060303,6.100733218921098,5.830145059335459,6.034386005315201,453892000
2018-06-28,5.9628400802612305,5.974723262204267,5.818014567642342,5.825689102972556,338012000
2018-06-29,5.864804744720459,6.04057536124603,5.863566657453693,6.0279498931534325,392300000
2018-07-02,5.99700403213501,6.000717349371839,5.77469088340808,5.795238786876777,357572000
2018-07-03,5.863317966461182,6.037603501810378,5.854900674750462,6.031661911908214,222732000
2018-07-05,6.009133815765381,6.014084747336042,5.879657393307566,5.918524921240412,306216000
2018-07-06,6.123013019561768,6.13143031117656,5.9633337961685315,5.9846244537259965,296352000
2018-07-09,6.1705474853515625,6.206939795200456,6.091822218066372,6.197284885318914,303880000
2018-07-10,6.269572734832764,6.291605682472225,6.1425719933760945,6.182925043510484,360016000
2018-07-11,6.127964973449707,6.211394194953113,6.117319407619024,6.176735311299435,367508000
2018-07-12,6.2195634841918945,6.267591063430919,6.163366513451234,6.173269321298891,345508000
2018-07-13,6.172278881072998,6.238131233451869,6.1301928906156204,6.238131233451869,246988000
2018-07-16,6.144550800323486,6.1975297769682784,6.132172764228667,6.144550800323486,197036000
2018-07-17,6.280465126037598,6.295566768020601,6.069787729317113,6.095287037376838,362136000
2018-07-18,6.231199741363525,6.286901859542751,6.180201598950853,6.273038305185594,277640000
2018-07-19,6.239368438720703,6.273037606629487,6.19728292321843,6.212384090879302,235752000
2018-07-20,6.211147785186768,6.275762059821637,6.200254789026668,6.2368945236074,222352000
2018-07-23,6.1745076179504395,6.186390799802978,6.022750329052509,6.184657855457479,301584000
2018-07-24,6.157177448272705,6.309182147808036,6.1396001061330505,6.222534468561057,354620000
2018-07-25,6.235408782958984,6.248034723130891,6.108655468475057,6.166585863929266,319112000
2018-07-26,6.308934688568115,6.345821847377965,6.1985211128845465,6.21535569840009,325124000
2018-07-27,6.239120960235596,6.352505555913222,6.185151792793048,6.345573779562055,295420000
2018-07-30,6.043792724609375,6.259174067318491,6.008885941777751,6.253232477215409,340340000
2018-07-31,6.061864852905273,6.1366293492911375,5.994527462109791,6.033394989763246,283988000
2018-08-01,6.101724147796631,6.148514122412983,6.037852628622784,6.093307325910319,283556000
2018-08-02,6.204461574554443,6.208422319466648,5.971503383548168,6.030423477747605,269668000
2018-08-03,6.241101264953613,6.264867624865823,6.212136545026433,6.228970656471044,214288000
2018-08-06,6.288881301879883,6.292347189956352,6.181933628553498,6.228475689063752,207508000
2018-08-07,6.361169815063477,6.379737341624423,6.310914440161853,6.337651357319183,258132000
2018-08-08,6.397562503814697,6.442619525117669,6.327501978125533,6.36240876279371,262100000
2018-08-09,6.349039554595947,6.418109888347605,6.3413650206022245,6.415386757999866,204280000
2018-08-10,6.307696342468262,6.340127422585993,6.255955449148608,6.26709587128567,256396000
2018-08-13,6.340622901916504,6.4614346132193425,6.314628738442863,6.316361682674439,375208000
2018-08-14,6.472078323364258,6.4861897749412725,6.362902387925973,6.4460841654484256,466220000
2018-08-15,6.413903713226318,6.5267930128182705,6.33517797617657,6.492876406685924,591136000
2018-08-16,6.373300075531006,6.486189799812854,6.3131418971569495,6.483714098260168,801260000
2018-08-17,6.060874938964844,6.262640164081372,6.033890117974757,6.26189740626977,1143188000
2018-08-20,6.135639190673828,6.268333600249603,5.909860184940863,6.020274222028637,854388000
2018-08-21,6.271303176879883,6.275759250343991,6.132171880260249,6.151977018472085,673988000
2018-08-22,6.506491184234619,6.511442588395638,6.235160752458858,6.238626640933194,749856000
2018-08-23,6.60601282119751,6.671369850900697,6.454008099765538,6.467871654891434,720684000
2018-08-24,6.73920202255249,6.753808334373064,6.609973489709539,6.614429564602073,531512000
2018-08-27,6.830305576324463,6.904574748142338,6.73746887545618,6.7689092995010505,505776000
2018-08-28,6.792675018310547,6.847139513201832,6.672606078782216,6.8243633400928605,475384000
2018-08-29,6.898195743560791,6.923213395504283,6.76418998756487,6.784996691464392,420108000
2018-08-30,6.881352424621582,6.978203291393143,6.844445090068747,6.866985687510032,346608000
2018-08-31,6.952442169189453,6.965322577513358,6.851380358509544,6.86128858296646,306592000
2018-09-04,7.027246952056885,7.064896973349428,6.9108276870605465,6.939313121222388,391720000
2018-09-05,6.896463394165039,7.045083493579317,6.815465574632586,7.00966247933656,393156000
2018-09-06,6.755272388458252,6.882590138419841,6.722328441118813,6.880113082405203,322796000
2018-09-07,6.733969211578369,6.859553044480889,6.618293128304533,6.663126746575645,295420000
2018-09-10,6.805059909820557,6.834784108594319,6.712668038438562,6.756510936348542,220140000
2018-09-11,6.7572550773620605,6.84642674167588,6.737934227253111,6.758740933177996,243112000
2018-09-12,6.643312454223633,6.736943097756134,6.48775682439531,6.717374684919017,419092000
2018-09-13,6.721090793609619,6.811748784675078,6.6918621912652645,6.709201112579683,305536000
2018-09-14,6.847168922424316,6.913304851365871,6.7745930260047995,6.811500356311514,386936000
2018-09-17,6.785244941711426,6.870701730586371,6.76592456397894,6.8216571496690825,205528000
2018-09-18,6.713162899017334,6.892002267360091,6.706475367953204,6.789207048610359,299520000
2018-09-19,6.736942291259766,6.7547768099047865,6.644550423085729,6.694585722871674,224860000
2018-09-20,6.595754146575928,6.65718353212217,6.541755456951724,6.614826959036045,430584000
2018-09-21,6.525655746459961,6.653221556320494,6.492464229118161,6.607644756615907,435128000
2018-09-24,6.581387519836426,6.584855303977938,6.407502240097522,6.494692443848466,293912000
2018-09-25,6.648514747619629,6.673532402830078,6.561819664266982,6.647524019559343,280388000
2018-09-26,6.611605644226074,6.693842193109499,6.595753054596774,6.6534670826269835,268548000
2018-09-27,6.623496055603027,6.668082118487996,6.592038436699828,6.6467798149507145,214428000
2018-09-28,6.960864067077637,6.983157101173726,6.727530845648773,6.755521156440593,709396000
2018-10-01,7.167445182800293,7.234323803011415,6.999999887289609,7.038641109330536,622060000
2018-10-02,7.096107482910156,7.251662624409891,7.073814452323231,7.139950380071097,383964000
2018-10-03,7.10230016708374,7.173885337155028,6.9982661777169435,7.166454169182356,320552000
2018-10-04,6.9180121421813965,7.0904110963959175,6.8409772533325635,7.066136607030106,391220000
2018-10-05,6.6844305992126465,6.955414299688162,6.626964126173844,6.893241750783535,426636000
2018-10-08,6.5831217765808105,6.7166319458750126,6.442180438378793,6.601203862384665,408612000
2018-10-09,6.5774245262146,6.657183560478461,6.509554699966674,6.56256218940692,273500000
2018-10-10,6.0857391357421875,6.517232521628312,6.083509643797506,6.4714076982160655,684940000
2018-10-11,5.8241682052612305,6.132059206262456,5.802618339176637,5.998548589627341,725436000
2018-10-12,6.1067938804626465,6.181104142598636,5.936128833558375,6.081281101494229,608236000
2018-10-15,5.830361366271973,6.093418777447087,5.829370638298549,6.093418777447087,449760000
2018-10-16,6.089207649230957,6.100354165390257,5.8937725068580225,5.943064647342415,408712000
2018-10-17,6.020594120025635,6.189525739271491,5.971549547815567,6.1513796459191505,329668000
2018-10-18,5.933157444000244,6.12834505608828,5.872718776956043,6.089951861282846,524020000
2018-10-19,5.676539897918701,6.007962279537765,5.640128162798834,5.988394338118346,613608000
2018-10-22,5.727317810058594,5.828874745209034,5.624522583116132,5.7288041381691235,368844000
2018-10-23,5.4756550788879395,5.553185091823817,5.367905265173093,5.460049578301201,626436000
2018-10-24,4.939384937286377,5.4838294422939455,4.925513799891303,5.437261917481859,884288000
2018-10-25,5.148194789886475,5.195505466731336,4.797451642818794,4.841790136318195,951720000
2018-10-26,4.911642074584961,5.073885227868115,4.783581160455203,4.912137202318271,664784000
2018-10-29,4.597806453704834,5.056299010980577,4.359766696610632,5.0528312268640185,758016000
2018-10-30,5.028309345245361,5.038217571103681,4.597807042135921,4.620843242051323,807192000
2018-10-31,5.222257614135742,5.265852948757622,5.053325987757277,5.193029015146663,745772000
2018-11-01,5.402584552764893,5.411997178609997,5.1320959322400155,5.258670544637143,566528000
2018-11-02,5.323568344116211,5.498939982899121,5.206901482185986,5.3931720755241255,452960000
2018-11-05,5.245542049407959,5.3337234579147905,5.084784734247469,5.310439223306944,379332000
2018-11-06,5.227955341339111,5.321833550103388,5.190799971066306,5.237615529731971,299012000
2018-11-07,5.2955780029296875,5.385245278168247,5.23092838505133,5.294587274784269,483812000
2018-11-08,5.102372169494629,5.237120642472799,5.048868599100119,5.2363774782721535,511352000
2018-11-09,5.094444274902344,5.184854691849739,4.979759370860876,5.013446481667973,413240000
2018-11-12,4.694904804229736,5.025088871314073,4.673106899469611,5.003043402678307,617116000
2018-11-13,4.93690824508667,5.058281178695416,4.786554270168518,4.7927471476339365,644712000
2018-11-14,4.884395122528076,5.124416332321778,4.776398216162309,5.1100495958398096,526580000
2018-11-15,5.013199329376221,5.085280104989628,4.842533796769718,4.878450402635184,840708000
2018-11-16,4.072930335998535,4.227247199286262,4.003078582071044,4.04543562736435,1963520000
2018-11-19,3.5842182636260986,4.008280305995026,3.582484371573526,4.0075376143583386,1697820000
2018-11-20,3.6927103996276855,3.8210188710538597,3.302087709556937,3.320665156282534,1692032000
2018-11-21,3.584465503692627,3.84677972504244,3.5572185972957584,3.8299361700211914,1025496000
2018-11-23,3.591649055480957,3.705343234871618,3.536907439799349,3.549787847750912,411968000
2018-11-26,3.7910473346710205,3.801450685910474,3.6302900457159755,3.712774164071728,814832000
2018-11-27,3.807891607284546,3.8891372130140236,3.7291230579052277,3.7650394300821546,738060000
2018-11-28,3.964932918548584,3.970134594593303,3.793029100299068,3.9255485299527764,804524000
2018-11-29,3.9017064571380615,4.004356732968369,3.871456890931644,3.967164658875983,549172000
2018-11-30,4.052210330963135,4.062871903006915,3.8610423948490924,3.9113758069944753,729564000
2018-12-03,4.216104030609131,4.331151975966607,4.149158015691905,4.279578791697591,890804000
2018-12-04,3.895507335662842,4.1764320017087915,3.8803823181221584,4.1714729330473075,812112000
2018-12-06,3.9247653484344482,3.9297241808490124,3.739300381485939,3.7549210228147314,692308000
2018-12-07,3.65995717048645,3.939146476316833,3.610615708883344,3.928980526342996,681676000
2018-12-10,3.7653350830078125,3.7901299564358393,3.611359434505701,3.615078736458336,629472000
2018-12-11,3.674337863922119,3.8652575134575486,3.595242469068492,3.857075239385153,671912000
2018-12-12,3.6919426918029785,3.7881463192835785,3.5907799950026513,3.680041114604785,654136000
2018-12-13,3.6916942596435547,3.8030228950890743,3.6557419566620117,3.73880446743354,471384000
2018-12-14,3.6311957836151123,3.7338460670296034,3.6076406755034944,3.6500396336429493,471820000
2018-12-17,3.5600342750549316,3.6733463588069095,3.5020144418458234,3.601193698480699,662868000
2018-12-18,3.6433444023132324,3.7273986295201365,3.5766464424306847,3.60392061057773,564372000
2018-12-19,3.4343247413635254,3.663180631015626,3.382751556488524,3.609623771160265,745364000
2018-12-20,3.3497748374938965,3.515899882546853,3.290019374136056,3.425894851881755,749588000
2018-12-21,3.2126588821411133,3.4092814990933213,3.1851366672694486,3.3763043562637693,863740000
2018-12-24,3.1509201526641846,3.222824992993771,3.0869495384357437,3.1362912311653037,463840000
2018-12-26,3.300184488296509,3.301176207361684,3.0859575637669683,3.197038138753829,695100000
2018-12-27,3.252331256866455,3.2823330130761676,3.1038105277404284,3.247868283406106,637044000
2018-12-28,3.3138225078582764,3.4065551273495505,3.231008028021288,3.272911127630204,628728000
2018-12-31,3.310102701187134,3.3896937205326476,3.27935704264688,3.357212671695011,465140000
2019-01-02,3.3775441646575928,3.4335803141832706,3.2245604965754184,3.2391894175155715,508752000
2019-01-03,3.1734836101531982,3.351262171811859,3.166045242899346,3.3172933048553106,705552000
2019-01-04,3.376801013946533,3.4149848066187722,3.2158828588061574,3.246628284088685,585620000
2019-01-07,3.5555710792541504,3.5925153388052258,3.382751357758868,3.434076728034462,709160000
2019-01-08,3.467053174972534,3.639377013860306,3.3944044328019096,3.6371452912634283,786016000
2019-01-09,3.5352394580841064,3.5825974791842783,3.467797585926189,3.518378812698559,617260000
2019-01-10,3.6009464263916016,3.6096245629691244,3.4554010706047524,3.515900451470391,523156000
2019-01-11,3.6902072429656982,3.71301844272241,3.5508605096458714,3.5786305425002416,874764000
2019-01-14,3.7301266193389893,3.7554173535643547,3.614334994925471,3.637890102118774,730168000
2019-01-15,3.7159929275512695,3.802278635897677,3.6976447057199398,3.762854846521988,617012000
2019-01-16,3.6904544830322266,3.7762443395502117,3.6849997911157066,3.743267430642726,470104000
2019-01-17,3.761863946914673,3.8017836045286253,3.6302036330822527,3.6574780419995303,493436000
2019-01-18,3.8910446166992188,3.9170792575285733,3.7601282142515524,3.811701399812497,651336000
2019-01-22,3.6887192726135254,3.8724486303416783,3.6584697062498654,3.8607951011208765,661552000
2019-01-23,3.7016117572784424,3.8327761807179597,3.6703704784814972,3.7440109396675116,591020000
2019-01-24,3.9136083126068115,3.9312123951627744,3.7814521324033876,3.7861631540125975,708972000
2019-01-25,3.970884084701538,3.9889842637498076,3.7514504493081198,3.854100734452272,1154572000
2019-01-28,3.4219272136688232,3.511932236758191,3.248116003850277,3.3857268605864648,2511528000
2019-01-29,3.262993097305298,3.424159313486155,3.2483641729312454,3.3758093304011707,1153932000
2019-01-30,3.406554937362671,3.4209358134287142,3.2595217883562695,3.339113057535904,974228000
2019-01-31,3.5642495155334473,3.5999540108787187,3.3815118771525667,3.4033313566584105,842852000
2019-02-01,3.588547706604004,3.6396250248280206,3.5352391385836293,3.58284496695386,625048000
2019-02-04,3.698884963989258,3.7360770356715824,3.582349443477123,3.604416733036331,528592000
2019-02-05,3.717977285385132,3.7546735016634356,3.677065907263031,3.7107867290905046,542424000
2019-02-06,3.7936012744903564,3.858067757324207,3.745747390238805,3.7512020827745176,702464000
2019-02-07,3.6552460193634033,3.7494662025740335,3.612351207362776,3.7472347160999955,637120000
2019-02-08,3.673842430114746,3.6845040032769223,3.5736714548923616,3.5880523299589884,461604000
2019-02-11,3.6311957836151123,3.6840085043529274,3.582845799969006,3.629707968123085,495180000
2019-02-12,3.7482264041900635,3.7638472823014486,3.6552459890064224,3.669627099873322,591060000
2019-02-13,3.790625810623169,3.8637704270231525,3.764095310280993,3.777732514292954,605372000
2019-02-14,3.8315370082855225,3.8598031342649817,3.7464908187723616,3.7896339153887535,827264000
2019-02-15,3.9012112617492676,4.063120930229174,3.8784000591850214,4.040309964126409,1516748000
2019-02-19,3.8838541507720947,3.9644373733081624,3.8714569501924943,3.8905488471711496,551892000
2019-02-20,3.9312119483947754,3.998405774245338,3.901954339175043,3.913111771758899,540988000
2019-02-21,3.8622822761535645,3.968403795380903,3.847653354144343,3.9438572086299692,448548000
2019-02-22,3.947080135345459,3.965924217238518,3.900466026630124,3.9141032284940063,401740000
2019-02-25,3.9346835613250732,4.098081015761407,3.926005190104835,4.030639376229336,656020000
2019-02-26,3.895259141921997,3.9860080614641,3.86178613909344,3.9299719118695458,488464000
2019-02-27,3.8533568382263184,3.907409324142628,3.796328721449508,3.880879059071465,500256000
2019-02-28,3.828784942626953,3.8694904205437743,3.8064468390577315,3.847152080269383,324944000
2019-03-01,3.883141279220581,3.9253356282880483,3.8203457712511417,3.8786734696049785,357188000
2019-03-04,3.8913326263427734,3.9444480861212767,3.8347420977569966,3.921613373719608,409992000
2019-03-05,3.8848776817321777,3.9231008186093046,3.821337515948499,3.875693997904095,362924000
2019-03-06,3.7739310264587402,3.8843814153761023,3.7712008697865027,3.8759426417050475,403524000
2019-03-07,3.7046830654144287,3.7600325424132524,3.658517275100549,3.7503524850138823,450104000
2019-03-08,3.7389347553253174,3.749607552745868,3.593983874098741,3.615329468939842,422416000
2019-03-11,3.9995486736297607,4.022383145946025,3.7153557376058735,3.7625145044463717,859728000
2019-03-12,4.0338006019592285,4.0802142180731416,3.9511486133330016,4.02734707318183,579576000
2019-03-13,4.18520450592041,4.2144925069713945,4.063832995794522,4.071279266258605,768900000
2019-03-14,4.109254360198975,4.206302049915156,4.101560022716196,4.194388206495997,519384000
2019-03-15,4.214739799499512,4.257430506653891,4.148965613399865,4.152440443905571,661484000
2019-03-18,4.193394660949707,4.3001221504480736,4.166340214746426,4.246261798397371,486992000
2019-03-19,4.361180305480957,4.405608911663843,4.271082758231127,4.287960307449288,854972000
2019-03-20,4.328665733337402,4.44358369967937,4.293916949026843,4.390219951705162,719148000
2019-03-21,4.5654520988464355,4.591761876833635,4.346785296813983,4.351749477326331,824312000
2019-03-22,4.405608654022217,4.586796952653689,4.391709329569417,4.53814931706889,747644000
2019-03-25,4.313277244567871,4.429187957112007,4.247006910656651,4.364903579201484,525212000
2019-03-26,4.38997220993042,4.511095173132419,4.333629760613929,4.45500126420522,703508000
2019-03-27,4.380788803100586,4.461951210974421,4.311292171727416,4.415537592197467,474372000
2019-03-28,4.399402618408203,4.4651763269331814,4.346286949689617,4.4068484127860525,480264000
2019-03-29,4.4567389488220215,4.481063243132153,4.415785644528867,4.466170702107102,456896000
2019-04-01,4.524250030517578,4.554530769530599,4.47684320275739,4.548573848513748,483824000
2019-04-02,4.542120933532715,4.586549543489302,4.50538713461349,4.548326395762182,440920000
2019-04-03,4.681610584259033,4.740683186301927,4.586796930001199,4.591761109684178,783504000
2019-04-04,4.672675609588623,4.715118258578977,4.609880107203589,4.6662220810838715,457376000
2019-04-05,4.739442825317383,4.756817457582848,4.67937794376251,4.715863677358308,481744000
2019-04-08,4.760292053222656,4.785360548814472,4.684838026039947,4.708913780233616,424192000
2019-04-09,4.697495460510254,4.737952621967194,4.6553008836547365,4.726783455346316,439972000
2019-04-10,4.767984867095947,4.793798031402698,4.692283263002493,4.6967508350151626,444772000
2019-04-11,4.754086971282959,4.801990416505006,4.704694650549751,4.7704683891884265,374600000
2019-04-12,4.716109752655029,4.796775997170075,4.7074226768961935,4.792804559647411,471708000
2019-04-15,4.584314823150635,4.71338065396783,4.54460233265461,4.708416474303269,440092000
2019-04-16,4.6714348793029785,4.6902983862830485,4.59076907734406,4.623531910854644,394964000
2019-04-17,4.648599624633789,4.727279930540216,4.626261289779183,4.706430944251977,351004000
2019-04-18,4.624027729034424,4.6893053245977745,4.596229077872031,4.655301685002387,380988000
2019-04-22,4.677887439727783,4.693524178836071,4.568926399865783,4.600447945030369,279936000
2019-04-23,4.7324934005737305,4.7637673615013725,4.6813636628757225,4.691043484239121,346856000
2019-04-24,4.744903564453125,4.785608803838229,4.6821080528027155,4.742917608168504,318204000
2019-04-25,4.639168739318848,4.727032746583743,4.5594956772888,4.704694407556375,499296000
2019-04-26,4.420253276824951,4.489750382310807,4.301363854483926,4.4852823358971206,868988000
2019-04-29,4.451030731201172,4.478829384680526,4.355968520461821,4.428195784835766,391920000
2019-04-30,4.492481231689453,4.518045865251692,4.399653032074296,4.418764608839681,362920000
2019-05-01,4.4793267250061035,4.587046998274141,4.479078184552007,4.544852403734665,354280000
2019-05-02,4.5468363761901855,4.588534349377443,4.445817733949464,4.489005055724903,394684000
2019-05-03,4.542369365692139,4.565203837620972,4.480814666142555,4.555275950428959,336824000
2019-05-06,4.4639363288879395,4.476098237094377,4.318737157845182,4.35596755671941,422176000
2019-05-07,4.296648025512695,4.415537442624855,4.248496519172208,4.415537442624855,555220000
2019-05-08,4.3167524337768555,4.396922099289843,4.257183690431415,4.269097533782561,419168000
2019-05-09,4.2241716384887695,4.257431073046785,4.10528271131123,4.247751254408855,660248000
2019-05-10,4.190169334411621,4.258921774760138,4.07053522154666,4.1933960994529045,569500000
2019-05-13,3.932781457901001,4.081207165854173,3.9168964140925757,4.058124156092293,656912000
2019-05-14,4.021886348724365,4.057131266192011,3.9337740550552525,3.9724935668324757,524880000
2019-05-15,3.9608285427093506,3.9973142709161906,3.9069684215084126,3.9662888565686694,502320000
2019-05-16,3.975968599319458,4.018659788300513,3.9129252672448542,3.955367915847823,781088000
2019-05-17,3.8851265907287598,4.063336679179551,3.8456624005455144,3.9340227704169433,1022068000
2019-05-20,3.7664854526519775,3.8414428671376397,3.7416650258097204,3.78634169944373,572064000
2019-05-21,3.8486404418945312,3.864525486029499,3.7885753332732044,3.8272950839699766,361848000
2019-05-22,3.7776551246643066,3.8359828278026757,3.766734021779344,3.8099215891786695,325868000
2019-05-23,3.656531810760498,3.7153558830582094,3.596714760323748,3.7153558830582094,591844000
2019-05-24,3.602670669555664,3.710638963055838,3.5959690749980227,3.675394048304366,357584000
2019-05-28,3.5574984550476074,3.6530567960748073,3.5555127355741414,3.62029396334607,428356000
2019-05-29,3.483285665512085,3.5448398912238175,3.448537113760825,3.5098432724823105,559800000
2019-05-30,3.4566969871520996,3.5222974311972357,3.4184299824673445,3.4865153492657726,394300000
2019-05-31,3.365999937057495,3.475085605191071,3.3642605381456385,3.407745747917385,389720000
2019-06-03,3.324254035949707,3.415945468963733,3.2949326074787635,3.377181522479234,478644000
2019-06-04,3.553358793258667,3.558576989646319,3.3662482997359766,3.3883635468515476,641836000
2019-06-05,3.5106189250946045,3.6326258954090536,3.474339902427115,3.6271591122073428,511616000
2019-06-06,3.5727407932281494,3.597340963653436,3.5123585351865088,3.5148434583345938,408140000
2019-06-07,3.615480661392212,3.6497717020871945,3.5595710725711975,3.578704697421778,348856000
2019-06-10,3.6882872581481934,3.756869575699366,3.671638556770695,3.671638556770695,402780000
2019-06-11,3.7459359169006348,3.7859423270741654,3.706426680944435,3.7481722529773527,383872000
2019-06-12,3.6328742504119873,3.7086627431420967,3.6177165992610254,3.702450435637407,358892000
2019-06-13,3.684062957763672,3.7024508211514497,3.637347300970326,3.6549898769601796,308080000
2019-06-14,3.594111204147339,3.615232580998467,3.549383763796696,3.590880993016756,394428000
2019-06-17,3.603801727294922,3.6408262775706546,3.5695104503770168,3.5923712226638465,276040000
2019-06-18,3.798863172531128,3.8542755782419014,3.6542440261118205,3.665177355007258,581920000
2019-06-19,3.8048276901245117,3.845579391165055,3.7787364683930944,3.8341491226934408,331644000
2019-06-20,3.829179525375366,3.9094407079618163,3.814767395281888,3.8955255151853057,350168000
2019-06-21,3.7710323333740234,3.8634695157207886,3.7645716764620256,3.814269183154485,434428000
2019-06-24,3.793396472930908,3.8229664870816453,3.7451900107403535,3.792402598548204,282948000
2019-06-25,3.764075517654419,3.873409770615861,3.7613422442717463,3.798366794884026,311868000
2019-06-26,3.957397699356079,4.018525715012638,3.8786275835270696,3.891548898744648,584072000
2019-06-27,4.056046485900879,4.075179869390578,4.00709450389113,4.0431251722006145,445440000
2019-06-28,4.08089542388916,4.109222975278916,4.034180012383485,4.100028808245674,397668000
2019-07-01,4.12910270690918,4.322425285583999,4.091580981007165,4.288134007384947,709756000
2019-07-02,4.031198024749756,4.133574667474192,4.018028360010262,4.11245305991974,400228000
2019-07-03,4.044119834899902,4.060271598661679,3.9842347500502386,4.054556227928874,246636000
2019-07-05,3.981501579284668,3.990198573699501,3.9181372211758556,3.9857259014219655,396552000
2019-07-08,3.9064583778381348,3.940749655318705,3.8763916594827172,3.921864617690294,329788000
2019-07-09,3.908942461013794,3.937021424305551,3.851542073066451,3.8642147998170633,342860000
2019-07-10,3.9772777557373047,4.034677926070866,3.938513801221479,3.952428994029615,452076000
2019-07-11,4.1318359375,4.172587636731505,4.0130591636678785,4.0503320650863355,682560000
2019-07-12,4.164884090423584,4.235951562123933,4.159665894238127,4.159665894238127,506392000
2019-07-15,4.156435012817383,4.202156549170008,4.128107935883614,4.186005262064048,289840000
2019-07-16,4.151715278625488,4.178800139545619,4.09605403391761,4.141527234277769,341444000
2019-07-17,4.217067718505859,4.224025315386901,4.124133561365389,4.1534549979214175,348204000
2019-07-18,4.2287445068359375,4.291611675670507,4.1708471833208245,4.227502282481341,442192000
2019-07-19,4.185509204864502,4.273473503950046,4.179545483405255,4.267013082173761,344896000
2019-07-22,4.257072448730469,4.269993763381509,4.199423469983475,4.206878238649661,315940000
2019-07-23,4.3649163246154785,4.36690407365911,4.280679179045427,4.296334243103651,428176000
2019-07-24,4.439461708068848,4.445177078468004,4.332115686637071,4.408152530809681,366236000
2019-07-25,4.308261871337891,4.410638545979392,4.28490415766955,4.397965577495782,392700000
2019-07-26,4.350255012512207,4.396970426286395,4.33534594882803,4.33534594882803,274160000
2019-07-29,4.3440423011779785,4.3601940609238286,4.2558296826323305,4.343048426939091,248160000
2019-07-30,4.359697341918945,4.371873132029704,4.283163330129323,4.2975756929739335,197772000
2019-07-31,4.192465305328369,4.329133201919049,4.15022256986587,4.328138853738319,359416000
2019-08-01,4.098042011260986,4.293352345433329,4.045859567856126,4.202903124428733,421212000
2019-08-02,4.005356311798096,4.07468439650725,3.9578956008821784,4.005356311798096,428348000
2019-08-05,3.74692964553833,3.8229664862300106,3.6999656448242644,3.8217240247642605,589156000
2019-08-06,3.785693883895874,3.8671975190677066,3.737984589194277,3.8217245605278523,361272000
2019-08-07,3.823960781097412,3.8358882228999276,3.707420584313564,3.7248145727961326,372560000
2019-08-08,3.932549476623535,3.933791938215995,3.824209337699398,3.881609736209267,309300000
2019-08-09,3.8311667442321777,3.8950277976904943,3.780723943545715,3.891549000193173,341816000
2019-08-12,3.7633306980133057,3.8311674995606437,3.7414637973080733,3.77898528983761,279200000
2019-08-13,3.877633810043335,3.923603941605102,3.7228268380075646,3.761839137174454,351956000
2019-08-14,3.729039192199707,3.80060337477063,3.685305630395405,3.7894214564329642,419880000
2019-08-15,3.6967358589172363,3.767803103434235,3.662444816834416,3.747924190376735,477200000
2019-08-16,3.9648525714874268,4.014052673664609,3.898258007873997,3.9596343752417362,1007960000
2019-08-19,4.243653774261475,4.259557185263446,4.062010326782719,4.078162087877525,815112000
2019-08-20,4.1713457107543945,4.238685572643521,4.150224098269429,4.2381883983700614,463188000
2019-08-21,4.254836559295654,4.310000624013573,4.215824258973244,4.237442570231564,427244000
2019-08-22,4.261048316955566,4.307018204407372,4.221787199795228,4.264527114125427,303488000
2019-08-23,4.036415100097656,4.238931756544543,4.016536196479894,4.184513240117776,568056000
2019-08-26,4.11121129989624,4.139290505122958,4.072944525822391,4.115187271752885,318208000
2019-08-27,4.02051305770874,4.152210645628509,3.9911916328287793,4.149477372792335,290968000
2019-08-28,4.010066509246826,4.062797788574296,3.9548478472392246,3.994147829397669,255612000
2019-08-29,4.153835296630859,4.186170331232956,4.098118953500955,4.101601195295332,357976000
2019-08-30,4.166519641876221,4.249845309492696,4.148362173480123,4.200098599773625,290616000
2019-09-03,4.0834431648254395,4.126722585321678,4.06056000028665,4.093641292804164,296140000
2019-09-04,4.197610855102539,4.205073003243259,4.144133312810069,4.144133312810069,227728000
2019-09-05,4.470719814300537,4.476938034180665,4.298099335723918,4.299840456267145,695676000
2019-09-06,4.443607807159424,4.50429843204044,4.405551750021269,4.447338644315782,376976000
2019-09-09,4.489623069763184,4.57618237942632,4.473206722581863,4.474699247167374,417524000
2019-09-10,4.556284427642822,4.5828984314235655,4.447090535664728,4.45679099798611,352812000
2019-09-11,4.584888458251953,4.633142646556369,4.54185763211947,4.5709594924601324,361512000
2019-09-12,4.583395004272461,4.686121580580133,4.575435664636502,4.631400586860731,327840000
2019-09-13,4.525440692901611,4.553796287173111,4.481663610109484,4.516735090417346,324592000
2019-09-16,4.482410430908203,4.516984249202246,4.439877271411032,4.450323995693853,231832000
2019-09-17,4.503801345825195,4.508029849430885,4.442613053157864,4.489126118400667,223048000
2019-09-18,4.476688861846924,4.51250660456592,4.390130028572315,4.496836520033768,258152000
2019-09-19,4.401075839996338,4.501066477704556,4.390380043147104,4.482659934073749,245476000
2019-09-20,4.295362949371338,4.423709154072333,4.285165296330682,4.40007972839213,350244000
2019-09-23,4.348840713500977,4.394358920996479,4.291880923743043,4.295612235452378,249712000
2019-09-24,4.291382312774658,4.409778952772018,4.255813649039051,4.3801799113775886,317268000
2019-09-25,4.43316125869751,4.452811252375424,4.246114136424576,4.290886081748511,308432000
2019-09-26,4.411025047302246,4.432167571254942,4.3600348681950605,4.423461965633221,234564000
2019-09-27,4.27223014831543,4.419977239225688,4.2115390646943025,4.3692356846774105,362056000
2019-09-30,4.32968807220459,4.3398861994373705,4.266758662696207,4.298099306682285,186184000
2019-10-01,4.327946662902832,4.502059653271342,4.3232209679555,4.352820015015438,366008000
2019-10-02,4.304069519042969,4.3179984851991176,4.231688234693131,4.306059235802468,293372000
2019-10-03,4.50977087020874,4.5159890902842,4.278200881845836,4.308546194326694,450588000
2019-10-04,4.526186466217041,4.555536915541805,4.446840719786559,4.512008433403047,265524000
2019-10-07,4.584888458251953,4.684630005905446,4.582401075157726,4.591106678777614,480984000
2019-10-08,4.408288955688477,4.493106696546903,4.390131482364123,4.493106696546903,444436000
2019-10-09,4.494847297668457,4.544345419129444,4.456294042330738,4.4851468348326335,292412000
2019-10-10,4.552552223205566,4.603542382419933,4.487384504486904,4.492607865822143,309124000
2019-10-11,4.6261773109436035,4.7095024943521935,4.617720304866025,4.636624033361884,446404000
2019-10-14,4.639609336853027,4.660502784972389,4.586380383808158,4.617471960010484,200040000
2019-10-15,4.884361743927002,4.956992090427198,4.715969765993203,4.729899204985138,664124000
2019-10-16,4.830635070800781,4.955250424777155,4.819193490363622,4.850285061269194,428944000
2019-10-17,4.832625389099121,4.9201790766985045,4.778152515173166,4.875158541564577,263436000
2019-10-18,4.738107681274414,4.8657076382947935,4.663736680149976,4.833123535647285,307440000
2019-10-21,4.875406265258789,4.888838034381538,4.780639042549487,4.799542767912057,261868000
2019-10-22,4.865459442138672,5.037582290930523,4.8577486960356095,4.93236829928217,328720000
2019-10-23,4.852525234222412,4.866702797247039,4.751539748913042,4.783377591136965,279916000
2019-10-24,4.896549701690674,4.930128181999743,4.859737102018711,4.893813248634319,232020000
2019-10-25,5.087576389312744,5.108469835274076,4.969428317063148,4.977139061323128,423092000
2019-10-28,5.143542289733887,5.196024510528046,5.102003511475333,5.131353969528301,330792000
2019-10-29,5.047282695770264,5.136080335727095,5.02788176994097,5.129613044170756,211236000
2019-10-30,5.049272060394287,5.079866446308874,4.98111927989931,5.074145417594322,205960000
2019-10-31,5.0000224113464355,5.049271453425996,4.920179461449782,5.028378006680686,209732000
2019-11-01,5.039074420928955,5.07140945328979,4.939580991837522,4.964702945101358,283640000
2019-11-04,5.23582124710083,5.2482581622440865,5.0970287848086295,5.120160545577461,376716000
2019-11-05,5.213683128356934,5.2616882337933415,5.165677548500833,5.235571429715009,300868000
2019-11-06,5.164434432983398,5.2151755201128704,5.076880272973076,5.1895563806129115,269012000
2019-11-07,5.182094097137451,5.265668347898031,5.1373221601435795,5.250993122968694,280340000
2019-11-08,5.168166160583496,5.199755403331977,5.127622718426216,5.165181585587165,189100000
2019-11-11,5.178116321563721,5.201248085248823,5.0811102688957686,5.167420525750098,243436000
2019-11-12,5.213683128356934,5.269648047395998,5.181347630947833,5.216419106724231,283504000
2019-11-13,5.187814712524414,5.209951608915257,5.1214030745125365,5.182342281589192,300188000
2019-11-14,5.2181620597839355,5.22040084709971,5.136826570275355,5.196770942750464,518080000
2019-11-15,5.078872203826904,5.26766000684304,4.990571751337868,5.215923569407396,1053628000
2019-11-18,5.28009557723999,5.3067095772299275,5.068424185006569,5.071408759749638,574588000
2019-11-19,5.173388957977295,5.27263330067502,5.115185719333257,5.249003876002134,414564000
2019-11-20,5.252734661102295,5.336557514458712,5.1378202350738,5.150505744742969,472588000
2019-11-21,5.227862358093262,5.303974482555849,5.206222645734679,5.2482586160399025,288388000
2019-11-22,5.245521545410156,5.297008897141253,5.2218916467211445,5.250495836442807,224100000
2019-11-25,5.502213954925537,5.507188720820836,5.360685043816864,5.373619150492768,506476000
2019-11-26,5.397497653961182,5.489279855070489,5.391030363405299,5.484553685138145,385244000
2019-11-27,5.432344913482666,5.477398667601776,5.405960057098674,5.443048598428453,215784000
2019-11-29,5.395007610321045,5.429855713118774,5.371111497105578,5.401479672137648,141556000
2019-12-02,5.2085700035095215,5.401480390489016,5.193386388743987,5.388038706325236,372036000
2019-12-03,5.168991565704346,5.17297393437235,4.987531718407815,5.0248690359039845,465232000
2019-12-04,5.2128005027771,5.2750295239225125,5.18417521002258,5.252627038328583,273424000
2019-12-05,5.195873737335205,5.250386317817483,5.165256789877544,5.234704675116104,184884000
2019-12-06,5.281251907348633,5.314109295050578,5.2551158345092945,5.265072704983166,232236000
2019-12-09,5.281251907348633,5.336013745415493,5.249639840610495,5.258351864890274,211880000
2019-12-10,5.326307773590088,5.378082376592798,5.258602267864311,5.311372463267864,256388000
2019-12-11,5.409942150115967,5.4154186193797,5.334271920323018,5.3367611382120295,233796000
2019-12-12,5.577463626861572,5.595634492971763,5.372108104307723,5.381068910279655,404348000
2019-12-13,5.575473785400391,5.69968310102903,5.521458732849416,5.5804522231485825,454704000
2019-12-16,5.60434627532959,5.676780957217417,5.594887436207027,5.62301517418907,320976000
2019-12-17,5.682506561279297,5.705157830802687,5.613556685564712,5.623015525277864,321196000
2019-12-18,5.7128729820251465,5.773359596815519,5.7088901386516016,5.717353384089296,343548000
2019-12-19,5.860979080200195,5.874420763919292,5.742495044080471,5.74747348062605,445360000
2019-12-20,5.958305358886719,5.983694625150512,5.908273164533799,5.92743962261988,603044000
2019-12-23,5.944616794586182,6.019042686636488,5.933913580092987,5.986932568386922,355060000
2019-12-24,5.939636707305908,5.9568119814362035,5.894831726925983,5.929182275186573,138864000
2019-12-26,5.953824996948242,5.9819522610221405,5.924203632205237,5.943121311029904,182852000
2019-12-27,5.896076202392578,5.982450126411778,5.869690869583076,5.969008443235842,254644000
2019-12-30,5.782820701599121,5.8794002996521755,5.751457400084134,5.874173082733011,258056000
2019-12-31,5.856996059417725,5.866454897894464,5.7283063851222105,5.747472841444349,231004000
2020-01-02,5.971747398376465,5.971747398376465,5.892343557368757,5.942873317534562,237536000
2020-01-03,5.876163482666016,5.9199728720181835,5.827126877093122,5.852018586378897,205384000
2020-01-06,5.900805950164795,5.906033166396497,5.756683859907929,5.782819941066442,262636000
2020-01-07,5.972245693206787,6.0180462724291255,5.884129345960443,5.929183112101722,314856000
2020-01-08,5.9834465980529785,6.024766771198286,5.927938401487843,5.968013727979196,277108000
2020-01-09,6.049159526824951,6.121594208507884,5.995393743948689,6.069819610250797,255112000
2020-01-10,6.081518173217773,6.186809770808669,6.0673301525191965,6.156442070101162,316296000
2020-01-13,6.272188663482666,6.297329150957725,6.142005348332934,6.1646570922930986,319840000
2020-01-14,6.155198574066162,6.254764936804578,6.142005668991298,6.229375193836621,359088000
2020-01-15,6.1126322746276855,6.190294163709813,6.086744978266976,6.1678916774449775,263104000
2020-01-16,6.196268558502197,6.202242586844452,6.142751557564768,6.166149637417852,284192000
2020-01-17,6.204981327056885,6.222903414229106,6.1574383487703335,6.215435759214884,253792000
2020-01-21,6.171627044677734,6.205230781169707,6.137525274594158,6.168391013256984,217916000
2020-01-22,6.225641250610352,6.312263957542838,6.198011544974662,6.216929224037822,239240000
2020-01-23,6.294093132019043,6.302556379249734,6.176853941628619,6.265717088011191,244516000
2020-01-24,6.234850883483887,6.459373323812355,6.18058706828655,6.409589911292452,373512000
2020-01-27,5.978965759277344,6.029993548666782,5.780579376647325,5.930177934070112,470536000
2020-01-28,6.172372817993164,6.2047317024404665,5.991659294470787,6.044927515155654,310976000
2020-01-29,6.111887454986572,6.194029766775103,6.072060433577997,6.157936810518202,258848000
2020-01-30,6.118605613708496,6.132047293861875,5.95905070533799,6.014060847833454,290504000
2020-01-31,5.885124206542969,6.084754962077711,5.843306477363866,6.072806903806579,370420000
2020-02-03,5.982202529907227,6.001617770811708,5.860731222841778,5.866954032117835,255564000
2020-02-04,6.151463508605957,6.170630439804868,6.07405087000954,6.124083060037123,271544000
2020-02-05,6.2418212890625,6.282643426590387,6.158434133822679,6.272437773515948,208220000
2020-02-06,6.328692436218262,6.328692436218262,6.1950247854163525,6.27617149723825,218284000
2020-02-07,6.262481212615967,6.310771004142484,6.237091470292002,6.288617293152528,189752000
2020-02-10,6.545747756958008,6.546494095154397,6.280153909329865,6.285132345924866,529608000
2020-02-11,6.668213367462158,6.782963800994379,6.592045100779323,6.654025347107429,638556000
2020-02-12,6.783960819244385,6.790432882359467,6.682154013051636,6.720984967432465,374644000
2020-02-13,6.740151882171631,6.807359362526985,6.698582927043743,6.72596385787813,528016000
2020-02-14,7.213339805603027,7.342278260206727,7.119000674286669,7.1503639666787,1041924000
2020-02-18,7.382106781005859,7.400526904302085,7.09062606249954,7.110041303544848,620164000
2020-02-19,7.833390235900879,7.85106354274294,7.504572249442802,7.504572249442802,694332000
2020-02-20,7.6840410232543945,7.873714894888247,7.37662945552859,7.785349784048547,810052000
2020-02-21,7.3198771476745605,7.5969210401481435,7.23499683896158,7.57178055068456,768180000
2020-02-24,6.802380084991455,7.016199338897415,6.670952392850735,6.725464993578654,856916000
2020-02-25,6.522847652435303,6.939533231849029,6.421040848946925,6.87755297413896,1055496000
2020-02-26,6.662239074707031,6.856393798090952,6.521601824049285,6.523094974974329,747732000
2020-02-27,6.291381359100342,6.650035058030481,6.198978180673771,6.3486661896433265,906416000
2020-02-28,6.726498603820801,6.786025220014102,6.022142987866289,6.0388302026384215,1133252000
2020-03-02,6.8849053382873535,6.913797166362256,6.500598134684433,6.896611616484956,890744000
2020-03-03,6.622391223907471,7.000471907211568,6.5369618035389685,6.940696348294873,652792000
2020-03-04,7.086148738861084,7.0956132359591555,6.655016977084495,6.729736766025134,597408000
2020-03-05,6.806698322296143,7.053521573190133,6.762115469104556,6.886647984097472,540328000
2020-03-06,6.626124858856201,6.684655282128576,6.42587639884421,6.627121046584288,515412000
2020-03-09,6.113051414489746,6.460746125923893,5.93223026929171,5.9750691939527965,614160000
2020-03-10,6.502589702606201,6.502589702606201,6.126750856528981,6.389514062063672,580648000
2020-03-11,6.138705730438232,6.391008731373115,6.041570519242013,6.362615237701674,499964000
2020-03-12,5.387526035308838,5.880923631088162,5.374823569991074,5.61542030097447,816540000
2020-03-13,5.9984822273254395,6.002965310557186,5.469717358068509,5.7409488816546626,634836000
2020-03-16,4.891635894775391,5.6313591651526504,4.831860358542011,5.290388872874681,726972000
2020-03-17,5.411435127258301,5.500849751931683,4.757141639737589,5.003964863236285,833632000
2020-03-18,5.05153751373291,5.228871812287041,4.500107763548538,4.983791976099977,874268000
2020-03-19,5.304337978363037,5.397986289544187,4.816668621115726,5.030116956698216,765512000
2020-03-20,5.124512672424316,5.736465097616872,5.109070573692925,5.454523519308622,804636000
2020-03-23,5.297362327575684,5.391758348792214,4.944437330353153,5.123514999602431,643876000
2020-03-24,6.206201076507568,6.292876059408333,5.679927024794933,5.703588027208368,1101644000
2020-03-25,6.1175360679626465,6.521021198857749,6.06871905400613,6.321271009472455,793432000
2020-03-26,6.406947612762451,6.530981768193431,6.226624340048425,6.324755715422224,696108000
2020-03-27,6.294620513916016,6.553398962971216,6.193749008437143,6.226625583919375,638828000
2020-03-30,6.614916801452637,6.624132369122534,6.316038635709813,6.360123148529998,602252000
2020-03-31,6.565353870391846,6.85925066065243,6.419650591298266,6.655016951703314,949960000
2020-04-01,6.054023742675781,6.513797974723411,6.009441362649647,6.367347894307023,656912000
2020-04-02,6.362863540649414,6.376063859748151,6.0350940165438125,6.083163282338751,675764000
2020-04-03,6.074944972991943,6.366848916226877,5.937461073176995,6.325255104286607,663212000
2020-04-06,6.684905052185059,6.721766853089152,6.299601252887598,6.35713549567767,727884000
2020-04-07,6.451531410217285,6.930234615967251,6.408443076627985,6.906573134198207,784520000
2020-04-08,6.648789405822754,6.6736959982368775,6.490633090304865,6.560620382212222,542444000
2020-04-09,6.54916524887085,6.797483029259877,6.486151729113998,6.774569281195856,525564000
2020-04-13,6.721019268035889,6.729736505149638,6.40097077670597,6.489388738890452,398408000
2020-04-14,7.072200775146484,7.106322463455055,6.821641256423125,6.84928748657064,530948000
2020-04-15,6.994741439819336,7.077680131266718,6.85875206625174,6.904081699089675,366148000
2020-04-16,7.339946269989014,7.4470443089984295,7.136958612386728,7.150158933574938,745620000
2020-04-17,7.28066873550415,7.44355709099503,7.146671728445653,7.422137389111221,539120000
2020-04-20,7.149410724639893,7.310057761824691,7.105077280558592,7.154143210414438,449388000
2020-04-21,6.712550640106201,7.092623585364658,6.652775099143894,7.031354000292277,735160000
2020-04-22,7.126994609832764,7.169834008405409,6.859250031441919,6.904828590033302,483356000
2020-04-23,7.073695182800293,7.301091565642666,7.0485396583616815,7.169087413152613,424160000
2020-04-24,7.212672710418701,7.214665085855016,6.988763250171881,7.0634830296786895,352328000
2020-04-27,7.3992228507995605,7.5591226255631305,7.322510692410657,7.347168358521073,479388000
2020-04-28,7.256758689880371,7.576558289662233,7.251279418796474,7.546670276809507,442904000
2020-04-29,7.433594703674316,7.486396460952846,7.316284912831754,7.391502559762413,379160000
2020-04-30,7.279672622680664,7.43359481387851,7.265725042255465,7.379547464677034,375916000
2020-05-01,7.043059349060059,7.195486992501526,6.994740682990575,7.082162447614579,342096000
2020-05-04,7.255014896392822,7.268713548503362,6.995738119325999,6.995738119325999,317556000
2020-05-05,7.316036224365234,7.478675656247142,7.255015083856229,7.359124557554137,368896000
2020-05-06,7.416906356811523,7.521763077483136,7.357629146127671,7.3954871319733,323464000
2020-05-07,7.593245506286621,7.656507952184078,7.504827533970793,7.556134774726998,373732000
2020-05-08,7.783282279968262,7.7895088107814665,7.631103529628599,7.664976294301974,339216000
2020-05-11,8.0353364944458,8.082160653065852,7.749658581132941,7.778301003425402,469060000
2020-05-12,7.773319244384766,8.14193536937113,7.763605818569572,8.09311883703048,493060000
2020-05-13,7.750903606414795,8.04828682508833,7.566346145958419,7.88788917695127,625852000
2020-05-14,8.000467300415039,8.00594657145442,7.6587496689661885,7.812422936821651,602312000
2020-05-15,8.458996772766113,8.468709724642611,7.844553042787187,7.860244072841024,987660000
2020-05-18,8.717522621154785,8.883151049347713,8.64803366379229,8.72773437583405,774460000
2020-05-19,8.772568702697754,9.053513652036244,8.729978224426016,8.757375530322994,717320000
2020-05-20,8.936450004577637,9.009176918940598,8.855503711851938,8.957371367604736,587536000
2020-05-21,8.742430686950684,9.018643100840507,8.704821630062318,9.017647388137924,761068000
2020-05-22,8.9924898147583,9.058990680194775,8.680660774144064,8.792241384160201,1038764000
2020-05-26,8.685145378112793,9.147410726225075,8.63956681667973,9.122503655684598,770780000
2020-05-27,8.493367195129395,8.600464286122484,7.966843156069111,8.59274371088442,1175892000
2020-05-28,8.455260276794434,8.727736915986602,8.347912357345622,8.380788934384054,734896000
2020-05-29,8.842304229736328,8.842304229736328,8.45326468089764,8.522504711672052,745256000
2020-06-01,8.773314476013184,8.80768556853216,8.65700135357661,8.800213922369807,389876000
2020-06-02,8.792243003845215,8.80419820713607,8.625618842521979,8.763352133490903,391320000
2020-06-03,8.736703872680664,8.833092308430011,8.667463817050606,8.789257185116382,365440000
2020-06-04,8.737698554992676,8.913867083283895,8.64899026063786,8.699324261655503,424280000
2020-06-05,8.890695571899414,8.967442272418863,8.679392153122198,8.765608145573463,481748000
2020-06-08,8.776073455810547,8.860544253093519,8.657214928312351,8.848085509142086,387736000
2020-06-09,9.016280174255371,9.079820998793462,8.722499271335058,8.771089034057965,468488000
2020-06-10,9.335979461669922,9.468791963630917,9.123429840269035,9.137633781043302,632180000
2020-06-11,8.767352104187012,9.230823645573384,8.757135687164366,9.11993921020311,583652000
2020-06-12,8.903153419494629,9.15706672531287,8.674656633598799,9.132398281278823,570908000
2020-06-15,9.143611907958984,9.152084082233072,8.715024259120732,8.786290139747404,400004000
2020-06-16,9.038705825805664,9.236305261306823,8.809710968139095,9.194692472801044,535716000
2020-06-17,9.205657005310059,9.268449757485541,9.04045104234301,9.083809028987462,408304000
2020-06-18,9.187715530395508,9.25200347717217,9.084555204995517,9.196685786834397,254408000
2020-06-19,9.230823516845703,9.413969994218638,9.196935772316948,9.212135876739245,524160000
2020-06-22,9.495450973510742,9.499936577289342,9.242783823096545,9.269446502899408,398468000
2020-06-23,9.41895580291748,9.610823539062606,9.376595875081744,9.519623842531779,375108000
2020-06-24,9.205159187316895,9.525104713245367,9.11445759212739,9.445117618857322,449372000
2020-06-25,9.458824157714844,9.473775223385793,9.15208539867424,9.325015494381816,376072000
2020-06-26,9.124922752380371,9.46878958777205,9.095021577728417,9.46878958777205,592084000
2020-06-29,9.16977596282959,9.174261567246987,8.870761332951616,9.139625743182323,342248000
2020-06-30,9.466547012329102,9.494952984920882,9.236056935633457,9.283400540133483,367892000
2020-07-01,9.498689651489258,9.544289959332023,9.38207441860672,9.48947035343062,326648000
2020-07-02,9.580672264099121,9.705510657234788,9.546783565117343,9.607333997458817,364056000
2020-07-06,9.806924819946289,9.876196461855601,9.680591238091617,9.709745287833652,315892000
2020-07-07,9.839317321777344,10.036915810548884,9.818386406235929,9.913572643810939,357800000
2020-07-08,10.182439804077148,10.19141101450712,9.93276297623018,9.960919915767859,365480000
2020-07-09,10.474472999572754,10.535272457666457,10.19987784530415,10.346146153732471,494548000
2020-07-10,10.44482421875,10.620245677843826,10.344654268209897,10.553964428188653,497676000
2020-07-13,10.019224166870117,10.75679273687105,9.99206340527175,10.560191369118831,457076000
2020-07-14,10.342907905578613,10.368573467822202,9.753350901503671,10.041900031956262,542676000
2020-07-15,10.19365119934082,10.398724775967576,10.022714411488709,10.380037134519926,403984000
2020-07-16,10.101451873779297,10.173214863652948,9.862987765330187,9.98209529869069,344964000
2020-07-17,10.167983055114746,10.214828568840142,10.054607273413215,10.191904370749212,266284000
2020-07-20,10.47622013092041,10.496652967271615,10.123382992744844,10.240497288481693,284852000
2020-07-21,10.294567108154297,10.525307174326196,10.252954316936837,10.47846070344216,277036000
2020-07-22,10.404455184936523,10.56766690260036,10.257688779713293,10.333439305059624,367292000
2020-07-23,10.096471786499023,10.512350708777685,9.998295129795638,10.415669253516857,411660000
2020-07-24,10.161008834838867,10.330699465976354,9.74488086878818,9.842558491775453,473292000
2020-07-27,10.387264251708984,10.407447096722754,10.184182988039145,10.19863596964487,292132000
2020-07-28,10.181940078735352,10.347893186811495,10.175711181461638,10.340169088040522,271636000
2020-07-29,10.43111801147461,10.481701064109142,10.313007557877759,10.356613637735114,284508000
2020-07-30,10.579130172729492,10.588100430153268,10.26142698106072,10.340915039427342,308880000
2020-07-31,10.579879760742188,10.731131814787535,10.398726524810586,10.528548622228614,386080000
2020-08-03,10.974077224731445,11.062286491322997,10.680046336092941,10.697239724104751,412720000
2020-08-04,11.190865516662598,11.190865516662598,10.870172810136406,11.013699808621558,310336000
2020-08-05,11.249670028686523,11.334390820336285,11.129566289305151,11.20706106632307,249924000
2020-08-06,11.298258781433105,11.320684899282398,11.142024032389706,11.312461767611383,244316000
2020-08-07,11.16270637512207,11.46695370483284,11.001238890163282,11.275335052663479,342516000
2020-08-10,11.128318786621094,11.370769513487343,10.820832034835066,11.29701322413298,427796000
2020-08-11,10.814355850219727,11.100163656521731,10.760283358062656,11.03736994797502,354512000
2020-08-12,11.402666091918945,11.429327823141078,10.922249241981222,10.95464273687655,464412000
2020-08-13,11.40540599822998,11.683240635337325,11.318442885169105,11.508067299164681,374460000
2020-08-14,11.526008605957031,11.66629612771983,11.402914473135302,11.492119911655452,366436000
2020-08-17,12.296470642089844,12.36898173658061,11.778428471199705,11.812316220002733,621300000
2020-08-18,12.220468521118164,12.454946105530478,12.046542307651915,12.409096754213667,503448000
2020-08-19,12.09862232208252,12.274541845988981,12.058254735555801,12.256103246491822,622624000
2020-08-20,12.101110458374023,12.334341855133404,11.839722135724827,11.935656438012165,921388000
2020-08-21,12.641831398010254,12.766669779396832,12.155184707574236,12.161663596571229,999868000
2020-08-24,12.678458213806152,12.870076834415576,12.466406762691987,12.84142087324948,490564000
2020-08-25,12.708112716674805,12.719325301047373,12.532441290508038,12.589254189402922,289076000
2020-08-26,12.731034278869629,12.826220507556279,12.636097091934104,12.757197920853272,321244000
2020-08-27,12.586762428283691,12.807784169735637,12.525214885431776,12.739508696253512,317604000
2020-08-28,13.104557037353516,13.104806079177933,12.600966902681765,12.63336040014111,537160000
2020-08-31,13.330559730529785,13.530400544551487,12.994916057578646,13.139439180720887,500840000
2020-09-01,13.779718399047852,13.951951935919698,13.396366353244208,13.439736370619267,511316000
2020-09-02,14.303645133972168,14.682759244340765,13.858478124124495,14.659827233952877,874012000
2020-09-03,12.976621627807617,13.843025331300952,12.840279891466327,13.787441967935662,945128000
2020-09-04,12.584795951843262,13.135645359790704,11.669786990581494,12.745563447837947,1463684000
2020-09-08,11.87741470336914,12.51251200002009,11.669288490108539,11.69944772697826,795728000
2020-09-09,12.677018165588379,12.770986350088675,12.195211103916458,12.362958594648799,736200000
2020-09-10,12.274975776672363,13.026225091425845,12.130657544985931,12.950451886964478,698684000
2020-09-11,12.12816333770752,12.61470553639161,11.86021593774041,12.44820456904525,636928000
2020-09-14,12.833796501159668,13.275223857082135,12.593517213166718,13.041923627654745,1201744000
2020-09-15,12.952195167541504,13.25902564618018,12.789432836907169,13.240331463550191,727556000
2020-09-16,12.477116584777832,13.053639178724612,12.47636923592044,12.918543987432042,556384000
2020-09-17,12.42627239227295,12.55214555830305,11.998803001457551,12.096011623427543,792512000
2020-09-18,12.152838706970215,12.59476434999197,11.952938097299745,12.556130406850448,698460000
2020-09-21,12.479859352111816,12.48509364683612,11.868939665502111,11.889378611804318,721044000
2020-09-22,12.600001335144043,12.61022081017737,12.119192530019532,12.537438903227134,646452000
2020-09-23,12.087533950805664,12.688982438524803,12.043167481088513,12.537934295980353,647012000
2020-09-24,12.311115264892578,12.531954024991112,11.978113310545085,12.036189739834754,731240000
2020-09-25,12.83529281616211,12.845014055737062,12.209169491993075,12.410316619544057,588016000
2020-09-28,12.996060371398926,13.012760668787523,12.711911904489462,13.001294665245672,573808000
2020-09-29,13.18624496459961,13.402596798297033,12.894619111633903,12.898855991013688,621460000
2020-09-30,13.490086555480957,13.581811770974532,13.110972335920128,13.11820051376153,689184000
2020-10-01,13.573833465576172,13.721640269355907,13.420542299237164,13.716905157437534,525004000
2020-10-02,13.023232460021973,13.479116270992375,13.012015569976656,13.185496560011263,552496000
2020-10-05,13.6017484664917,13.603493231467061,13.183252087060835,13.1964628579424,479820000
2020-10-06,13.695466995239258,14.099756122403639,13.624180750405333,13.78868783495499,784420000
2020-10-07,13.922286033630371,14.077072813452194,13.822086144009363,13.957929628003441,418084000
2020-10-08,13.79741096496582,14.042427289964117,13.716902667061937,14.03295516619571,378900000
2020-10-09,13.721639633178711,13.782956477201752,13.619945027428178,13.725877463066608,346892000
2020-10-12,14.183506965637207,14.304145829346655,13.87094393351596,13.947713600880679,434744000
2020-10-13,14.205690383911133,14.305641179862262,13.976876084595618,14.253796458591037,344604000
2020-10-14,14.053145408630371,14.299905554881196,13.918299330296772,14.247811725098789,276100000
2020-10-15,13.928269386291504,13.963912031780902,13.726623063873422,13.769494835800847,267224000
2020-10-16,13.770241737365723,14.079316120436602,13.751298441121284,13.994819111584793,242392000
2020-10-19,13.45743179321289,13.941730079394526,13.366703059710574,13.861470887026698,298068000
2020-10-20,13.60473918914795,13.75852856761623,13.466652694794615,13.54292411787451,229212000
2020-10-21,13.484350204467773,13.75030373474217,13.437241549522454,13.584300992798621,219596000
2020-10-22,13.321089744567871,13.571090324619641,13.192225299225626,13.482107309048406,290480000
2020-10-23,13.549653053283691,13.552644350271331,13.251546442745628,13.409821804430145,233484000
2020-10-26,13.101995468139648,13.651848403574887,12.999552567317002,13.386892293084564,336896000
2020-10-27,13.356733322143555,13.40184809604685,13.152095681900734,13.266253707199537,250520000
2020-10-28,12.58928394317627,13.220393591857459,12.571338057744866,13.158578507420327,376520000
2020-10-29,12.985095024108887,13.153340745881657,12.711913346417065,12.800149003053184,320080000
2020-10-30,12.496560096740723,12.897856990701754,12.263258872527214,12.811616158245108,416820000
2020-11-02,12.543170928955078,12.798405806391667,12.357975768923946,12.619940590155108,299652000
2020-11-03,12.980608940124512,13.065853305359841,12.56510386899864,12.670538064484012,272900000
2020-11-04,13.753046035766602,13.786197524134844,13.297162201529076,13.349256039213904,410228000
2020-11-05,14.117701530456543,14.29616672826443,13.949206689153698,14.120194594995569,319028000
2020-11-06,14.518502235412598,14.54517194275608,13.853494808551364,14.06760266870012,383348000
2020-11-09,13.590033531188965,14.647614991238628,13.570093767264419,14.509030256532114,582976000
2020-11-10,12.731854438781738,13.565854896982422,12.590527533848146,13.565854896982422,644068000
2020-11-11,13.37791919708252,13.394868614007644,12.90957198820832,13.014757068840087,404744000
2020-11-12,13.416553497314453,13.72487962042422,13.276223997600011,13.438737209686394,365812000
2020-11-13,13.257280349731445,13.62791977043853,13.0202404815326,13.586543644162287,346312000
2020-11-16,13.474878311157227,13.608726976234765,13.116701371422666,13.133151604457215,413776000
2020-11-17,13.382156372070312,13.555636406024307,13.264010585238776,13.512017281226335,312028000
2020-11-18,13.38863754272461,13.565108878568495,13.145616019171882,13.425028492178553,510924000
2020-11-19,13.400105476379395,13.447214139144812,13.060871759876816,13.173285038164575,565936000
2020-11-20,13.048657417297363,13.454192184098973,13.02597451944593,13.413813469182104,341088000
2020-11-23,13.100749015808105,13.342523982133073,12.97662064380809,13.131905666953251,361356000
2020-11-24,12.91904354095459,13.12268279887082,12.846510765037769,13.103241268940936,346500000
2020-11-25,13.195216178894043,13.229862361709015,12.981108321918962,12.99357079291506,259916000
2020-11-27,13.221636772155762,13.36745063039831,13.131158110731977,13.335047445141566,167276000
2020-11-30,13.361469268798828,13.372437042983178,12.933501680749448,13.225377589647909,286952000
2020-12-01,13.350005149841309,13.488340787299954,13.188737497094824,13.45194983360929,296948000
2020-12-02,13.504040718078613,13.632655084976157,13.194717204013912,13.310619984326111,283360000
2020-12-03,13.359930038452148,13.623219135110165,13.293111004710088,13.550914119265673,199520000
2020-12-04,13.521742820739746,13.523488100995525,13.35269887470123,13.412287593276208,202244000
2020-12-07,13.570112228393555,13.694277275694578,13.463650125798035,13.56462719738745,223244000
2020-12-08,13.314054489135742,13.562134444514125,13.245738413198577,13.548421391347365,271920000
2020-12-09,12.895934104919434,13.377882629065406,12.83360238493295,13.264688583186022,401300000
2020-12-10,12.937323570251465,13.033564149842743,12.814903780148565,12.834352008905753,207764000
2020-12-11,12.978212356567383,12.984944288810818,12.788474206368559,12.932335731565678,209264000
2020-12-14,13.27291488647461,13.35269940163199,13.042287742625733,13.052759424573647,270156000
2020-12-15,13.324527740478516,13.427748485122573,13.151245631264212,13.403563746810363,193016000
2020-12-16,13.206841468811035,13.401066886976302,13.176921566726696,13.386356125785557,223116000
2020-12-17,13.305328369140625,13.343475348476602,13.143016338983031,13.330759054626947,231384000
2020-12-18,13.236265182495117,13.368906499021984,13.035307786207087,13.342976481723317,342064000
2020-12-21,13.29635238647461,13.334000987593647,12.932584571882952,13.03954601291587,302332000
2020-12-22,13.242496490478516,13.301337641252605,13.018850469781013,13.283386458378164,185580000
2020-12-23,12.974221229553223,13.239255607690996,12.969983099117881,13.220306713466732,179144000
2020-12-24,12.95876407623291,13.097140569319125,12.90391280994124,13.002146899651299,97884000
2020-12-28,12.865264892578125,13.027327723165342,12.728883838059996,13.027327723165342,212564000
2020-12-29,12.90839958190918,13.037302097093704,12.807671695086933,12.890199207593932,170372000
2020-12-30,13.11035442352295,13.178171170166523,12.86202527236656,12.955272704559913,225396000
2020-12-31,13.01984977722168,13.115591016138055,12.880226384175948,13.10113039211051,192424000
2021-01-04,13.078192710876465,13.615742011146418,12.927599242109281,13.068967927641092,560640000
2021-01-05,13.368657112121582,13.407302472036285,13.051762687944073,13.064478030942194,322760000
2021-01-06,12.580536842346191,13.209339128183563,12.552113971233737,13.18689966900286,580424000
2021-01-07,13.30807113647461,13.341730797202668,12.851803450025132,12.932584733559379,461480000
2021-01-08,13.241003036499023,13.384864571344687,13.006885287324671,13.32652273983297,292528000
2021-01-11,13.584824562072754,13.923410895275449,13.326522086293744,13.382620254524944,518344000
2021-01-12,13.448445320129395,13.717469676057005,13.3090720354351,13.715474254041633,291476000
2021-01-13,13.49531364440918,13.588312829989961,13.348959290974944,13.453676107629107,210028000
2021-01-14,13.164705276489258,13.563129433798691,13.145008815054661,13.53844632176283,283120000
2021-01-15,12.824874877929688,13.289370556573889,12.813904815728419,13.192382423843515,277780000
2021-01-19,12.990180969238281,13.058745294589198,12.8094183999896,12.981204424929691,226188000
2021-01-20,13.32975959777832,13.394334960248127,13.02159164441147,13.076442896035246,258572000
2021-01-21,13.830162048339844,13.961557417872259,13.217316544480186,13.382370623620872,337780000
2021-01-22,13.675576210021973,13.804478705812457,13.59055586012485,13.70300231342873,246820000
2021-01-25,13.616486549377441,13.791264718700832,13.200858749845947,13.744640530815339,251112000
2021-01-26,13.399076461791992,13.608011753112285,13.351454554818053,13.543934751020387,163980000
2021-01-27,12.882966041564941,13.197117405737215,12.759299395157162,13.194374415149015,371272000
2021-01-28,13.015859603881836,13.303832786369663,12.925603398405974,12.96125752897706,228316000
2021-01-29,12.95477294921875,13.298844248379915,12.876733718218354,13.03979330117493,271552000
2021-02-01,13.2013578414917,13.235016546030161,12.8680074112006,13.01810246395482,217204000
2021-02-02,13.520247459411621,13.535455651670333,13.24972710296581,13.362672897031258,220440000
2021-02-03,13.494070053100586,13.894239588569938,13.480107808440119,13.599285267904376,245408000
2021-02-04,13.627460479736328,13.636685262893018,13.301839615572577,13.494569008759719,201340000
2021-02-05,13.554403305053711,13.700260222525516,13.50927520997887,13.688043261194451,169152000
2021-02-08,14.399871826171875,14.434777431390412,13.690287476293078,13.690287476293078,434624000
2021-02-09,14.224844932556152,14.543982991928148,14.184204154366212,14.302135646312935,287560000
2021-02-10,14.72449779510498,14.864868764267287,14.302886507761833,14.424308580214941,485352000
2021-02-11,15.209684371948242,15.23112706545273,14.884812109876446,14.939913507325505,450828000
2021-02-12,14.920965194702148,15.25007655073427,14.735216012231374,15.009476109662426,374756000
2021-02-16,15.288971900939941,15.331108771075836,14.909745776355733,15.023688331990344,321960000
2021-02-17,14.865865707397461,15.182510952257076,14.740204559335906,15.130151585752609,274756000
2021-02-18,14.789073944091797,14.833204338482444,14.535757167617932,14.689342809907556,233868000
2021-02-19,14.886311531066895,15.136136799537871,14.8067761927287,14.98404724530722,271724000
2021-02-22,14.317096710205078,15.092503415652395,14.286429231767997,14.734968210445974,325884000
2021-02-23,14.103921890258789,14.200411642931076,13.353447515639967,14.03735109421353,391780000
2021-02-24,14.459959983825684,14.467689626179622,13.718960534974423,14.08472374913518,448320000
2021-02-25,13.271668434143066,14.33604503377152,13.180664664299409,14.007681229546021,824436000
2021-02-26,13.677574157714844,13.817196599240104,13.325025590650462,13.715470998195592,500932000
2021-03-01,13.804482460021973,13.887508362431754,13.516759388085847,13.837642792776997,353184000
2021-03-02,13.370152473449707,13.883017611524197,13.359929981184765,13.862572626994314,264116000
2021-03-03,12.770272254943848,13.415280307824407,12.76428789319654,13.39009881360608,377592000
2021-03-04,12.336942672729492,12.940065006184655,12.051214100929837,12.766283575718424,573344000
2021-03-05,12.427947044372559,12.51620877715478,11.647802882766449,12.51620877715478,542840000
2021-03-08,11.56203556060791,12.43767086170831,11.535357021668677,12.416478305393017,543112000
2021-03-09,12.490846633911133,12.587119448958653,12.030928846477169,12.101762202614545,521824000
2021-03-10,12.438970565795898,12.949518071359698,12.428245993141903,12.810345999896265,384376000
2021-03-11,12.96298885345459,13.015615573749297,12.704597203673218,12.91959105198292,299916000
2021-03-12,12.825809478759766,12.858482699487679,12.560434347032377,12.618547030088788,243964000
2021-03-15,13.160272598266602,13.175736267841275,12.737268498209911,12.834539384977663,221988000
2021-03-16,13.260038375854492,13.480768395679805,13.085947690037107,13.325134593591912,272128000
2021-03-17,13.309920310974121,13.421656807101401,12.958995974954899,13.009128022957645,243864000
2021-03-18,12.69262409210205,13.153040536918233,12.687137167380808,13.105652421851302,293896000
2021-03-19,12.815585136413574,12.891157608452602,12.582883194939253,12.720060123632631,299208000
2021-03-22,13.155282020568848,13.363042994193847,12.876438414572064,12.882424841241273,297804000
2021-03-23,13.040054321289062,13.313160787972613,12.990670104930036,13.223122719753363,222048000
2021-03-24,12.613308906555176,13.128347157153584,12.607074154877502,13.120365571341896,245840000
2021-03-25,12.505814552307129,12.684893630534804,12.24318331483644,12.470149063376926,295144000
2021-03-26,12.809099197387695,12.8260594741813,12.344443177035437,12.525017891116645,363968000
2021-03-29,12.917844772338867,13.031826673479056,12.670177704693614,12.790145082796014,273520000
2021-03-30,12.841523170471191,12.944780486955326,12.675164794869955,12.811843161738674,200204000
2021-03-31,13.316904067993164,13.438866586799831,12.952012663765188,12.984935160709263,314776000
2021-04-01,13.779314994812012,13.837427675731215,13.47951981918243,13.540377389252601,308276000
2021-04-05,13.954651832580566,13.981089348588277,13.70074911424588,13.834933755719648,255672000
2021-04-06,13.828948020935059,14.021245352074898,13.741155331035856,13.96687371055432,191744000
2021-04-07,14.110288619995117,14.210053229554168,13.67930288073969,13.848154984300294,251284000
2021-04-08,14.283379554748535,14.437516747610694,14.215538448610802,14.219280441632788,244416000
2021-04-09,14.366183280944824,14.374164867052535,14.141712232094443,14.180620204712,195172000
2021-04-12,15.173284530639648,15.31644787868243,14.106046778604638,14.256193658189272,869324000
2021-04-13,15.642678260803223,15.66313030176449,15.090228636123317,15.19573037905559,676212000
2021-04-14,15.241125106811523,15.683583192027253,15.19174088446408,15.58830746441622,385500000
2021-04-15,16.099353790283203,16.17617262671742,15.594790851218043,15.625718187075496,598480000
2021-04-16,15.875133514404297,16.12778893649542,15.827993724295668,16.015302699362998,335208000
2021-04-19,15.325676918029785,15.770380435986798,15.197229403276417,15.500016894296358,404420000
2021-04-20,15.13562297821045,15.460607402763602,14.927861975871348,15.287265504225546,334132000
2021-04-21,15.32442855834961,15.326423717038507,15.066784782879804,15.083245555639282,216776000
2021-04-22,14.815376281738281,15.402245009748478,14.748782510604462,15.338893728178245,277788000
2021-04-23,15.229401588439941,15.29898762144005,14.865258975706045,14.899178575127507,227500000
2021-04-26,15.441652297973633,15.44265035305597,15.089481569125153,15.14934108819596,197796000
2021-04-27,15.345630645751953,15.633702297877146,15.318444345028562,15.541918324877749,164572000
2021-04-28,15.240874290466309,15.495775075867305,15.179768393969029,15.328418655657499,209416000
2021-04-29,15.288762092590332,15.400249314514156,15.03610669007181,15.363835052069922,173196000
2021-04-30,14.974251747131348,15.32891712364902,14.961781291996889,15.138865180071269,201912000
2021-05-03,14.801908493041992,15.210945526831226,14.752774498264074,15.08948155740076,203912000
2021-05-04,14.317549705505371,14.603127639752627,13.977350846645164,14.60287836381595,405324000
2021-05-05,14.42454719543457,14.778714048157239,14.353713824890036,14.67445867543016,292024000
2021-05-06,14.488897323608398,14.537034222412254,14.184614161752153,14.46121247004089,193380000
2021-05-07,14.777464866638184,14.935592361660992,14.63729475006567,14.773474549523607,229328000
2021-05-10,14.232250213623047,14.771231390042047,14.216537267252024,14.75252522966659,268904000
2021-05-11,14.27265453338623,14.321040702680126,13.717711144915837,13.79253483360114,285584000
2021-05-12,13.726189613342285,14.22676129514802,13.677055622256908,13.97659961647428,303408000
2021-05-13,13.633163452148438,14.047688486390815,13.427397542382266,14.000797960717158,285404000
2021-05-14,14.209553718566895,14.294354154257531,13.716214774847739,13.857382967525348,258616000
2021-05-17,14.132234573364258,14.135975614937974,13.820967926352823,14.123754435127603,216980000
2021-05-18,13.982836723327637,14.370424621276909,13.971114095138578,14.233496978952044,186256000
2021-05-19,14.032719612121582,14.046437399200386,13.511446557431478,13.534641586644556,344000000
2021-05-20,14.57818603515625,14.64926868256999,14.23698913728333,14.268913581492626,321592000
2021-05-21,14.956543922424316,15.186253573106038,14.834581403727405,15.128139938116746,672992000
2021-05-24,15.575339317321777,15.708026419316466,15.140362339765977,15.176776605180022,554816000
2021-05-25,15.611002922058105,15.78135160000394,15.446141168140517,15.728975118686956,435408000
2021-05-26,15.663129806518555,15.756659643282918,15.54964743265717,15.69729963234004,370440000
2021-05-27,15.451628684997559,15.71301350125259,15.423694560556758,15.662881452515867,581476000
2021-05-28,16.20634651184082,16.239269950108906,15.46459393048107,15.46459393048107,644536000
2021-06-01,16.226306915283203,16.349767007135505,15.865905288663171,16.231794791624537,472804000
2021-06-02,16.738849639892578,16.87902072588437,16.19737476490016,16.21408576604293,594168000
2021-06-03,16.929899215698242,17.21847129138276,16.544058155353124,16.66153180928474,580008000
2021-06-04,17.536968231201172,17.619522309019455,17.055352034082247,17.07231040448416,617120000
2021-06-07,17.577625274658203,17.770671401569484,17.152377671861235,17.529988835613384,575756000
2021-06-08,17.41600799560547,17.580120999269276,17.21049044852789,17.486092592253875,323848000
2021-06-09,17.321456909179688,17.53774857957234,17.21917515913366,17.47862428839778,381656000
2021-06-10,17.3880672454834,17.45492658004247,17.139596351931722,17.313227348700284,287772000
2021-06-11,17.78746223449707,17.901220881544482,17.40677074647091,17.442444395379372,416308000
2021-06-14,17.980552673339844,18.001258732686562,17.625308335365094,17.86804258177238,321376000
2021-06-15,17.75079345703125,17.97806147072669,17.690422506195826,17.8770263954044,243032000
2021-06-16,17.772499084472656,17.916693536065623,17.547227610058183,17.753041588714538,307124000
2021-06-17,18.617704391479492,18.79507727521168,17.718615039002227,17.736825869884164,809656000
2021-06-18,18.599241256713867,19.33393054114516,18.544606869488764,18.744183688009922,968856000
2021-06-21,18.388185501098633,18.497204919347844,17.784967179120958,18.39616796308535,672384000
2021-06-22,18.846715927124023,18.923554282225197,18.347027754098903,18.43234723947505,580144000
2021-06-23,19.01685333251953,19.112151844778943,18.86767033492806,18.96745874513874,332356000
2021-06-24,19.164793014526367,19.378838801661235,19.047791087863185,19.186996981738847,320924000
2021-06-25,18.990659713745117,19.304493868278314,18.854449649585785,19.23963111726195,278364000
2021-06-28,19.942638397216797,20.03618967530736,19.278049752226757,19.320209875130892,495436000
2021-06-29,19.98430061340332,20.056146596873912,19.615333384101778,19.840355506804368,367632000
2021-06-30,19.96010398864746,20.11976470642001,19.821648001779995,19.956860755413256,326568000
2021-07-01,20.169157028198242,20.412639309870123,19.9765653336419,20.082341546483036,480136000
2021-07-02,20.443574905395508,20.461787638432394,20.24474797008716,20.39692488065581,342764000
2021-07-06,20.654626846313477,20.797822057395553,20.307115565327255,20.693543739793842,446708000
2021-07-07,20.328567504882812,20.83075087840981,20.2889026163701,20.80929681779007,418428000
2021-07-08,19.860563278198242,20.09032463642369,19.65899178119099,19.814411920773434,503300000
2021-07-09,20.00774574279785,20.037682832732596,19.712373688002067,19.920182276618323,296624000
2021-07-12,20.469018936157227,20.489224427222073,20.14495643378594,20.19709558433514,321984000
2021-07-13,20.20707893371582,20.41788148144217,20.071367513471934,20.35725928537485,290708000
2021-07-14,19.799442291259766,20.374470918983608,19.71088147606324,20.314598630919193,380100000
2021-07-15,18.926044464111328,19.804928088921027,18.81852293543399,19.769753101816907,550564000
2021-07-16,18.12250518798828,19.11639435261983,18.034692367796808,18.990163304637974,688224000
2021-07-19,18.739946365356445,19.001639510689028,17.82763283134469,17.87727866318357,749060000
2021-07-20,18.572551727294922,18.798072557036225,18.125501300584705,18.69030165895757,434687000
2021-07-21,19.36885643005371,19.4856090035134,18.702273121923145,18.84197575457192,371017000
2021-07-22,19.552465438842773,19.844843620586143,19.23513872825936,19.60036402572014,323826000
2021-07-23,19.516544342041016,19.658243548910573,19.209196632541854,19.614336189466204,195672000
2021-07-26,19.25310516357422,19.400790275891424,18.87390954372015,19.270069328407626,203943000
2021-07-27,19.167285919189453,19.580407941955066,18.701274837113473,19.224164307286145,248863000
2021-07-28,19.461654663085938,19.604351158481332,18.95473218178442,19.278044720649348,202191000
2021-07-29,19.620323181152344,19.810918303884666,19.28702962192941,19.477624744661732,190781000
2021-07-30,19.457670211791992,19.58839115686576,19.22217037958414,19.37684062143377,183497000
2021-08-02,19.708139419555664,19.918692641756888,19.31996397493198,19.658246157031073,217444000
2021-08-03,19.77299690246582,20.179133736994178,19.179256959148386,19.69815512536188,301811000
2021-08-04,20.23102569580078,20.274933053992783,19.785970024202093,19.94762729014503,231309000
2021-08-05,20.5932559967041,20.689053180647594,20.298881216154545,20.4565472561194,211435000
2021-08-06,20.322832107543945,20.52640018775171,20.167162623068112,20.48049815988606,178497000
2021-08-09,20.251981735229492,20.464529594578934,20.100303496019695,20.402660738937794,146443000
2021-08-10,19.893747329711914,20.386699800310055,19.792959659042435,20.27892889959778,179238000
2021-08-11,19.657241821289062,20.006500278263275,19.388812940997163,20.000512479255963,185925000
2021-08-12,19.862808227539062,19.986544030649764,19.578412491857296,19.8278825690031,151652000
2021-08-13,20.14521026611328,20.171156132325986,19.80892466078818,19.862811057810926,183063000
2021-08-16,19.90771484375,20.244000433695106,19.41176663794206,20.0923221857742,210876000
2021-08-17,19.416751861572266,19.728090737961047,19.22615677089567,19.643269936714752,204585000
2021-08-18,18.999637603759766,19.592378233211438,18.95972148704265,19.45866152617535,285913000
2021-08-19,19.75603485107422,20.451557934500364,18.72222963976643,19.452678382023343,766555000
2021-08-20,20.77187728881836,20.82077321265322,19.890749520984425,19.948625241185688,675741000
2021-08-23,21.911455154418945,21.950372043387453,20.90559242072421,20.92654781503845,575807000
2021-08-24,21.746807098388672,21.912455612295695,21.489354530572843,21.70689287160836,297299000
2021-08-25,22.165912628173828,22.42236781375246,21.67595421767392,21.69092181188649,347701000
2021-08-26,22.021223068237305,22.292645868059488,21.74381246896601,22.15294323628419,237940000
2021-08-27,22.58802032470703,22.673838480332282,22.120014556008485,22.136978720684745,304722000
2021-08-30,22.639909744262695,22.9941568216949,22.503201000370392,22.781608955896733,262580000
2021-08-31,22.341495513916016,22.65089250327732,22.077011144271818,22.65089250327732,259850000
2021-09-01,22.397382736206055,22.652885681890442,22.313546367552515,22.44129784039471,201767000
2021-09-02,22.352468490600586,22.549086081510215,22.251664973231776,22.47423109860129,187834000
2021-09-03,22.798599243164062,22.941320936100873,22.156849427126577,22.281606457901745,280532000
2021-09-07,22.617952346801758,22.854491200701247,22.478223171429327,22.78861950065067,198107000
2021-09-08,22.295581817626953,22.566055000916677,21.93428399752232,22.469243411768282,254434000
2021-09-09,22.133893966674805,22.49419234140638,22.08798385031387,22.268631791690794,196856000
2021-09-10,22.434310913085938,22.582022062631296,22.226715012884625,22.304562523639426,248376000
2021-09-13,22.108945846557617,22.91936791921735,21.81551663993488,22.63991144130801,297500000
2021-09-14,22.198772430419922,22.366445185218126,22.043075485118035,22.231707334266016,199755000
2021-09-15,22.297574996948242,22.32352543494079,21.923303891252903,22.265637607115426,166538000
2021-09-16,22.198772430419922,22.233704254336217,21.88438411153166,22.139887083869368,156033000
2021-09-17,21.857431411743164,22.277612619303632,21.78756777908955,22.25665352950755,294503000
2021-09-20,21.07196617126465,21.391343922715027,20.621842510335245,21.10490107385771,349440000
2021-09-21,21.20470428466797,21.38335531025641,20.90928009412331,21.37537143862154,204688000
2021-09-22,21.89835548400879,21.917317657113234,21.15480262749525,21.324472291848853,268726000
2021-09-23,22.43830108642578,22.491197565406008,21.847450823734473,22.096964887609527,248555000
2021-09-24,22.0380802154541,22.105948834782026,21.818508517957728,22.027101916125478,217655000
2021-09-27,21.617902755737305,21.756632542660846,21.283554755626117,21.66780481724471,245215000
2021-09-28,20.65876579284668,21.377367513543536,20.610858757648057,21.1727660577654,343069000
2021-09-29,20.477121353149414,20.976149504320897,20.42721739584747,20.899299504081362,218394000
2021-09-30,20.67573356628418,21.02505364612349,20.647788112188337,20.72763253869664,221009000
2021-10-01,20.701684951782227,20.818456217323668,20.16373112853372,20.709668823706075,240978000
2021-10-04,19.693647384643555,20.502072459663843,19.51699137275486,20.464146213423493,345635000
2021-10-05,20.411252975463867,20.60787060159694,19.815413144126776,19.911227234832396,279282000
2021-10-06,20.659765243530273,20.679724921866388,20.04096952772109,20.08089269167579,297202000
2021-10-07,21.034038543701172,21.280558205670204,20.93123809902089,21.05100379615461,256919000
2021-10-08,20.790512084960938,21.16478323209781,20.73462117065461,21.059987767773446,151258000
2021-10-11,20.654775619506836,21.02206038251233,20.47113323800409,20.535009924932787,163388000
2021-10-12,20.630823135375977,21.01607258154006,20.488101422085006,20.787517577189956,162134000
2021-10-13,20.898298263549805,20.94919972445094,20.67273772647982,20.877339174409542,180652000
2021-10-14,21.703733444213867,21.712714824312044,21.080945740229247,21.24662345805557,243589000
2021-10-15,21.81951141357422,21.88837755794307,21.61990124937462,21.76761242822681,226994000
2021-10-18,22.17880630493164,22.247672430455058,21.601928766992366,21.706726120933922,189494000
2021-10-19,22.246673583984375,22.33549938257233,21.994165106804306,22.232698954477204,161473000
2021-10-20,22.060041427612305,22.389399966135976,21.939276312880036,22.261648487005353,146276000
2021-10-21,22.647890090942383,22.666854163332363,22.04007462843789,22.054047353929004,187590000
2021-10-22,22.681827545166016,23.085041624530948,22.5171492438251,22.778639129118687,249384000
2021-10-25,23.1209716796875,23.309603490413924,22.725741492187264,22.928346029634163,230235000
2021-10-26,24.668956756591797,25.209904995015314,23.877498837400612,23.942373030271778,485898000
2021-10-27,24.403472900390625,25.0412307654121,24.234800774457163,24.426428909268584,245990000
2021-10-28,24.892520904541016,24.901504187472494,24.475334123231644,24.82964363494435,234204000
2021-10-29,25.517305374145508,25.659029569587442,24.951408004090574,24.952405512162027,292503000
2021-11-01,25.776798248291016,25.843667453082208,25.177964121870314,25.599144739630198,265740000
2021-11-02,26.349681854248047,26.62614385904909,25.749850221733695,25.77180872302394,294112000
2021-11-03,26.54630470275879,26.731944022538766,26.18401125146522,26.61816526883248,239910000
2021-11-04,29.743078231811523,31.30403755928699,27.06529244963564,27.176076766711496,1153631000
2021-11-05,29.694168090820312,31.338963477413824,29.352831919936655,30.1283219934152,851260000
2021-11-08,30.74412727355957,31.039551467751014,29.848869503912805,30.09039970844162,503101000
2021-11-09,30.597410202026367,32.24719897354787,29.905758328954708,32.21925352023755,646746000
2021-11-10,29.4017391204834,30.790036130161724,28.722063048254366,29.298940589292386,636206000
2021-11-11,30.3309268951416,30.53053889387548,29.719119488467012,30.408776298031434,332172000
2021-11-12,30.3309268951416,30.620364102941615,29.572403965050402,29.951666381916553,413054000
2021-11-15,29.96664047241211,30.584436813509054,29.19015278129784,30.49261657674967,384909000
2021-11-16,30.1442928314209,30.33092962922338,29.648259120968326,29.70115750469505,264484000
2021-11-17,29.204126358032227,30.44970177167363,28.744021941865494,30.358877136697892,428508000
2021-11-18,31.613431930541992,32.69632208138197,31.26011991579018,32.304088216967905,781711000
2021-11-19,32.92089080810547,33.02369125644482,31.842989977328124,32.18033238408653,533867000
2021-11-22,31.893884658813477,34.57965399197314,31.83799375290327,33.4518493719841,754335000
2021-11-23,31.684295654296875,32.297102543568556,30.819977769764165,31.473705332919113,532163000
2021-11-24,32.61049270629883,32.79114066054026,30.86788604375997,31.399851018268393,435162000
2021-11-26,31.441768646240234,32.64642145713921,31.28906615044119,32.53663465229077,283069000
2021-11-29,33.311119079589844,33.34704839782403,31.973723784042836,32.303084116966744,454964000
2021-11-30,32.612491607666016,33.28817778104512,31.80207139090752,33.10453347336312,622066000
2021-12-01,31.37773895263672,33.22836378888721,31.32283883342435,33.15849160220757,484368000
2021-12-02,32.06747817993164,32.41883815872118,30.968483947927016,31.157140743690952,472890000
2021-12-03,30.637096405029297,32.0704816897679,30.07512022638851,31.9417150365412,544325000
2021-12-06,29.982288360595703,30.18591534356921,27.986928984047356,29.825572842929404,658938000
2021-12-07,32.36793518066406,32.38989827762411,30.595170939341617,30.90061524712522,593053000
2021-12-08,31.768030166625977,32.231185706011715,31.363767175848032,31.940715387711048,475551000
2021-12-09,30.434463500976562,32.14634175578324,30.372576157247455,31.67619708871225,488507000
2021-12-10,30.142993927001953,31.247977863240173,29.806607883251402,31.093259512246096,488825000
2021-12-13,28.109703063964844,30.23881905579451,28.064784956866134,30.193900948695802,598344000
2021-12-14,28.285383224487305,28.625761687072913,27.200363333189514,27.64854487263401,667035000
2021-12-15,30.40351676940918,30.44444245103476,27.787290786113335,28.348267344123084,698297000
2021-12-16,28.33529281616211,31.103242571601943,28.04182961030161,31.095257722209322,707366000
2021-12-17,27.750362396240234,28.869320837505036,27.709436710244137,27.934027264232302,713758000
2021-12-20,27.668508529663086,28.09273361260145,27.095554688998547,27.255263089907647,461847000
2021-12-21,29.022035598754883,29.066953699593395,27.351083389886625,28.322312378783895,524385000
2021-12-22,29.34644889831543,29.501167258480958,28.397180886972137,28.83837714503304,395184000
2021-12-23,29.58601188659668,30.004249327388557,29.37739293325969,29.700802192444193,343022000
2021-12-27,30.88863182067871,31.03037335853597,29.58600863922849,29.60597266515189,403686000
2021-12-28,30.266765594482422,31.272928831171807,29.95732892330133,31.254961970494172,420591000
2021-12-29,29.946352005004883,30.492356516503865,29.31250844227248,30.217857815509355,343139000
2021-12-30,29.5321102142334,30.40152399689202,29.486194474350164,29.772670461422774,308864000
2021-12-31,29.357421875,29.975295641228815,29.277567685538354,29.619943260606355,266530000
2022-01-03,30.06613540649414,30.65506088396236,29.730746983010228,29.760693023921544,391547000
2022-01-04,29.236652374267578,30.412506273159206,28.29736631833969,30.221854174052957,527154000
2022-01-05,27.553714752197266,29.36241416290745,27.48284494360128,28.896263922576807,498064000
2022-01-06,28.126676559448242,28.386203228261643,27.015704794741346,27.589656357033327,454186000
2022-01-07,27.197370529174805,28.37023146068801,27.007716072731807,28.089743152747793,409939000
2022-01-10,27.35009002685547,27.41896458581148,25.59728809455643,26.53258160637673,594681000
2022-01-11,27.76633071899414,28.013880083162555,26.79011341199353,27.273231058770712,404089000
2022-01-12,27.947999954223633,28.542913097666553,27.557711420208538,28.015874979351672,383413000
2022-01-13,26.526594161987305,28.428122969014137,26.449732849381693,28.327307108956052,540171000
2022-01-14,26.892925262451172,27.147461852547423,26.162258231690252,26.25209445126841,395832000
2022-01-18,25.855817794799805,26.589479608098458,25.72306063189079,26.212167872798418,424270000
2022-01-19,25.021339416503906,26.494650686731937,25.006367348530603,26.031497074855327,488315000
2022-01-20,24.10601043701172,25.532408368979212,24.034141082261314,25.257909661766874,435181000
2022-01-21,23.33142852783203,24.7777888109652,23.220630635739806,23.464185710724166,718958000
2022-01-24,23.329429626464844,23.337414476365872,20.84995476798677,22.289327723810725,913982000
2022-01-25,22.283334732055664,22.901208567764087,21.9599255139499,22.50493046590802,664616000
2022-01-26,22.730520248413086,24.013179473462507,22.259379872780205,23.197668199419752,755959000
2022-01-27,21.90403175354004,23.951296685258097,21.635520701076413,23.525074371304836,573353000
2022-01-28,22.79839515686035,22.816362018022183,21.25720705922735,21.971902408548047,543774000
2022-01-31,24.4414005279541,24.464359350922813,23.010012443225385,23.139774819631263,564680000
2022-02-01,24.593124389648438,25.099200900238642,23.84648571371286,25.05827521283449,518925000
2022-02-02,25.196025848388672,25.76997742494614,24.508279682970674,25.747020504208642,543419000
2022-02-03,23.904376983642578,25.031320141143613,23.736683738576613,24.413448211145454,410178000
2022-02-04,24.274702072143555,24.590126448449606,23.588953199928845,23.928334026677387,354829000
2022-02-07,24.68295669555664,25.136128268103885,24.157913870021662,24.327604278168515,376868000
2022-02-08,25.06226348876953,25.184040996681343,23.936317975792957,24.31462730633743,410359000
2022-02-09,26.65635871887207,26.67632274726425,25.306822003877873,25.575331141416935,524282000
2022-02-10,25.776962280273438,26.875956696243357,25.553371259865138,25.94765224403098,513200000
2022-02-11,23.905376434326172,26.10436470242998,23.729698327222916,25.868794514206858,605472000
2022-02-14,24.22279930114746,24.82969166731445,23.71173084298083,23.89040565806533,440424000
2022-02-15,26.446739196777344,26.49664735834343,24.738855406055166,24.903553862322717,699869000
2022-02-16,26.46270751953125,26.53357923761162,25.505454789455644,26.211167656729955,732676000
2022-02-17,24.46236228942871,25.738034385511142,24.120986161346572,25.58331602110284,810595000
2022-02-18,23.59893798828125,24.940489851461738,23.057925385234288,24.62306827367426,761255000
2022-02-22,23.34739112854004,24.02016312698906,22.958102179090826,22.99303826922734,633422000
2022-02-23,22.34621810913086,24.110999005697554,22.26037623222335,23.75864140441162,566511000
2022-02-24,23.704744338989258,23.75664967134235,20.85195012786592,20.976722451568083,735801000
2022-02-25,24.112998962402344,24.17288914266841,23.33841333215444,23.67779419345299,528866000
2022-02-28,24.340578079223633,24.62006868867866,23.66381369430016,23.9482943575517,477319000
2022-03-01,23.434234619140625,24.332596742039758,23.089863741278815,24.24675295413784,412056000
2022-03-02,24.18000030517578,24.3686892557631,23.376331351543982,23.716767798485705,389642000
2022-03-03,23.67483901977539,24.28582786565828,23.430242778868017,24.22193247470261,365095000
2022-03-04,22.89812469482422,23.640895547693273,22.44487395060943,23.345384829396824,431415000
2022-03-07,21.316736221313477,22.9949616917966,21.294773194366044,22.77931691004563,450821000
2022-03-08,21.47846794128418,22.336048491385068,20.615894582710208,21.273806590453198,557467000
2022-03-09,22.975994110107422,23.181653292570914,22.210260552846403,22.350028744404234,492742000
2022-03-10,22.620582580566406,22.75036705531013,21.845863124303154,22.493791506270135,428066000
2022-03-11,22.06350326538086,23.106777572967157,22.00959159077199,22.98397960489083,367209000
2022-03-14,21.294776916503906,22.225237078748616,21.12405976728501,21.83288640436173,385354000
2022-03-15,22.935062408447266,22.999955601888228,21.286789766958282,21.48246524329248,491996000
2022-03-16,24.455547332763672,24.556380372712788,23.133734394649547,23.461191848389458,671422000
2022-03-17,24.72510528564453,24.800978097864387,23.86652477225049,24.08017210028269,471941000
2022-03-18,26.409313201904297,26.52512276051768,24.58333514335811,24.758045377216146,730719000
2022-03-21,26.689851760864258,27.10716266483215,25.92411815693594,26.463227335855564,591727000
2022-03-22,26.480195999145508,27.193017534747547,26.028942808576723,26.682859862762534,547007000
2022-03-23,25.5916690826416,26.56805276024476,25.53276649933288,26.082855274149125,502120000
2022-03-24,28.103513717651367,28.27323306190968,25.864217697027325,26.12279077061931,877379000
2022-03-25,27.646268844604492,28.31116937725865,27.225964556594754,27.839948716581148,579016000
2022-03-28,28.172399520874023,28.20334846514163,27.161071883126954,27.710164765675586,425494000
2022-03-29,28.608678817749023,28.898198933699994,27.933794541753244,28.647613973006745,488984000
2022-03-30,27.644271850585938,28.448940537214433,27.457580397748032,28.257258179479766,463487000
2022-03-31,27.240942001342773,28.201353346712636,27.22496957985246,27.736123247324148,523440000
2022-04-01,26.66788673400879,27.45059240423101,26.223621927715985,27.329791938552983,517235000
2022-04-04,27.314815521240234,27.51248847819135,26.569049452024597,26.68385930081857,397120000
2022-04-05,25.88817596435547,27.27388423698452,25.77735921455071,27.208991048164048,436615000
2022-04-06,24.3666934967041,25.25821843251392,23.96336133874279,24.89282362740827,703833000
2022-04-07,24.168025970458984,24.681177151050353,23.439231862653937,24.40064102393103,557992000
2022-04-08,23.0808162689209,23.88348924002758,23.02391120195369,23.877498631652568,524781000
2022-04-11,21.880807876586914,22.283142273490554,21.62423229582705,22.17731831863499,575207000
2022-04-12,21.468490600585938,22.687475058843898,21.246857062720853,22.499785773556166,662258000
2022-04-13,22.166330337524414,22.462840718557523,21.41956648457213,21.692116334602638,516943000
2022-04-14,21.2228946685791,22.739387248033424,21.12805223392379,22.467835155377976,569097000
2022-04-18,21.747024536132812,22.051519204129075,21.04418677754343,21.16498722557269,525701000
2022-04-19,22.161340713500977,22.336050945283077,21.27879983247337,21.68412947440656,512781000
2022-04-20,21.44652557373047,22.632563469405223,21.16499167198525,22.479816251213727,468974000
2022-04-21,20.149673461914062,22.355025493487677,19.966975076322765,21.673152730988313,656209000
2022-04-22,19.482770919799805,20.452168011025645,19.467796301219373,20.26946966670985,624713000
2022-04-25,19.8691349029541,19.912063162922802,19.064466149204407,19.170290098791902,641566000
2022-04-26,18.756969451904297,19.755317830937148,18.639164312711245,19.685433749076594,653143000
2022-04-27,18.38459014892578,19.135347189747915,18.25979657551477,18.567286599843538,499460000
2022-04-28,19.74932861328125,20.00390853421084,18.459462599553735,18.93567409390409,570327000
2022-04-29,18.516368865966797,20.094757079487714,18.48641772811952,19.3699563005302,500435000
2022-05-02,19.500747680664062,19.541678442085633,18.360633174906106,18.510385111192527,572049000
2022-05-03,19.569625854492188,19.792259039385,19.101400562477515,19.367959800118072,475751000
2022-05-04,20.3004150390625,20.366306015109927,18.720029413867877,19.890094566830278,648855000
2022-05-05,18.81287956237793,19.89209369873995,18.469447805157312,19.834190824555343,626331000
2022-05-06,18.64415740966797,19.479774994567933,17.96028922277007,18.7050574905657,633297000
2022-05-09,16.922012329101562,18.224855867951003,16.799214334182974,18.004222024798295,644455000
2022-05-10,17.565940856933594,18.167945631447047,16.996882526811753,17.659785477148134,761474000
2022-05-11,16.6025333404541,17.723679709805957,16.54063736858062,17.318350115313986,670167000
2022-05-12,16.148283004760742,16.76027138150345,15.541288387972504,16.192210954575692,708728000
2022-05-13,17.676761627197266,17.898395162592152,16.56560054932208,16.760278243017794,670437000
2022-05-16,17.23549461364746,17.758629582507602,17.077756453890803,17.480090921564244,521446000
2022-05-17,18.14698028564453,18.34066013363728,17.604877794636984,18.04414975285288,585830000
2022-05-18,16.910030364990234,18.0880821606439,16.836153153733687,17.67576403216512,545161000
2022-05-19,17.09572410583496,17.657794163493797,16.70636680844537,16.909032620158758,621310000
2022-05-20,16.666431427001953,17.38124861372586,15.72898198152953,17.30337830808669,739105000
2022-05-23,16.870094299316406,16.887066422487216,16.152281838098215,16.247124263630415,639889000
2022-05-24,16.1273193359375,16.5695884679846,15.753937439124629,16.48273226407491,588550000
2022-05-25,16.946964263916016,17.08273932475285,15.973574204961489,15.993541629725314,781132000
2022-05-26,17.821516036987305,18.062117209841798,15.995536452195877,16.009513268011506,996575000
2022-05-27,18.779935836791992,18.849819932258,18.070109559332337,18.15596797841863,738379000
2022-05-31,18.641164779663086,19.168292685705072,18.319696047812112,18.948654788721765,664100000
2022-06-01,18.289743423461914,19.021532644241965,18.092070474721062,18.69307743392003,544514000
2022-06-02,19.559642791748047,19.586598627684122,18.16794588692091,18.26179050845508,648656000
2022-06-03,18.6890869140625,19.300077733080343,18.491413917844703,19.05049055894073,598779000
2022-06-06,18.754972457885742,19.305063023804752,18.533338989843504,19.10739008508047,422406000
2022-06-07,18.894746780395508,18.96862398496373,18.15796462255959,18.441496029776626,388914000
2022-06-08,18.62114143371582,19.1523747665173,18.508303322559527,18.7719230143709,363252000
2022-06-09,18.022003173828125,18.905728608063846,18.015013287420633,18.454380024664644,395574000
2022-06-10,16.94955062866211,17.671508752316218,16.844700429049166,17.574648354657395,465248000
2022-06-13,15.624463081359863,16.288505207349672,15.58352177022173,15.97695432377349,604153000
2022-06-14,15.813190460205078,16.04285871390006,15.38980044565933,15.708341205730797,469680000
2022-06-15,16.503196716308594,16.843705180487913,15.90306154726617,16.07181781028133,563936000
2022-06-16,15.57852840423584,15.919037789492796,15.378816671462324,15.837155169600095,545749000
2022-06-17,15.857126235961914,15.971960359046658,15.305921302394394,15.625460063082594,630334000
2022-06-21,16.542139053344727,16.983501852392877,16.38336767373331,16.451270521864426,483089000
2022-06-22,16.33643913269043,16.638004241604527,16.156698061806285,16.202631340813966,437135000
2022-06-23,16.201631546020508,16.561111743614834,15.830166643598124,16.495206818519033,463680000
2022-06-24,17.101333618164062,17.11531339362541,16.286508882728302,16.476235767276282,472153000
2022-06-27,16.844701766967773,17.305038195164876,16.602051748038424,17.28706447239258,427968000
2022-06-28,15.958983421325684,17.177225718178914,15.922036052738708,16.875660606306198,461149000
2022-06-29,15.519613265991211,15.797212715501667,15.148149350331243,15.791221792094543,482352000
2022-06-30,15.137165069580078,15.544577370607138,14.840592942881747,15.338873769532965,686070000
2022-07-01,14.502079963684082,15.04130207720822,14.371269098189229,14.877538754510784,577610000
2022-07-05,14.942447662353516,14.949437550043237,14.034757416999662,14.154584471238092,651397000
2022-07-06,15.108205795288086,15.29693367587243,14.767696439592328,14.988378766026717,529066000
2022-07-07,15.835159301757812,15.922033887778007,15.366834946177347,15.433738833674866,492903000
2022-07-08,15.815187454223633,16.013901175356242,15.366833829739814,15.407775139572864,467972000
2022-07-11,15.13017463684082,15.504634465828993,15.016338528855416,15.503635502509574,437321000
2022-07-12,15.06027603149414,15.40877331749036,14.855571384713883,15.246007992085453,458483000
2022-07-13,15.142157554626465,15.352854075184304,14.444164978224428,14.568984930055194,521918000
2022-07-14,15.349857330322266,15.450711678494367,14.706784918969744,15.086237666862278,456235000
2022-07-15,15.739296913146973,15.759267610476122,15.422753123079167,15.63644558399528,385935000
2022-07-18,16.077808380126953,16.87266137055177,15.97895195225039,16.27851907838697,670517000
2022-07-19,16.967525482177734,17.08535554670121,16.14870690622852,16.462253801166636,702366000
2022-07-20,17.781349182128906,17.90716904198324,16.776799657559938,16.922589260993277,760538000
2022-07-21,18.024002075195312,18.117866551176544,17.519730257668552,17.859240712784164,557049000
2022-07-22,17.29405403137207,17.94111946651388,17.112315071094837,17.867226650028243,536671000
2022-07-25,16.999481201171875,17.099337556208535,16.625021298235573,16.994487335889186,480748000
2022-07-26,16.509185791015625,16.894629452817544,16.454264711674202,16.864671981012815,397865000
2022-07-27,17.76437759399414,17.910167215628285,16.888639948434598,17.007468032119625,569776000
2022-07-28,17.95809555053711,18.113870989178302,17.414880394394697,17.94910964143553,474646000
2022-07-29,18.136838912963867,18.21772161938443,17.666516650418973,17.787342656791314,435460000
2022-08-01,18.414440155029297,18.818857535494043,17.964089498853447,18.155812405222676,476469000
2022-08-02,18.499317169189453,18.910724445156035,18.065942218466965,18.095899696899046,489527000
2022-08-03,18.86578369140625,18.940676413397988,18.110872215029424,18.15780539379247,418146000
2022-08-04,19.187326431274414,19.246241473857335,18.73298180504358,18.821854326848907,409652000
2022-08-05,18.96164894104004,19.201303021248535,18.639114229543424,18.78290591582799,386068000
2022-08-08,17.767372131347656,18.212730811911012,17.21716704327838,17.47679279559304,981859000
2022-08-09,17.061386108398438,17.42186610763536,16.699908098300725,17.227147332131914,668263000
2022-08-10,18.070934295654297,18.09190395710125,17.292057074907298,17.672508823560776,597422000
2022-08-11,17.916156768798828,18.680056200111537,17.850251846796258,18.10488562543429,509327000
2022-08-12,18.682050704956055,18.691038518199683,17.927139148933303,18.13384171212563,478094000
2022-08-15,19.00458335876465,19.136393177894906,18.586188222110913,18.674060799997406,457666000
2022-08-16,18.851808547973633,19.114430240289973,18.474352717118556,18.892749861924315,451240000
2022-08-17,18.3085880279541,18.66108018121252,18.118863088985453,18.49631884951857,446799000
2022-08-18,18.745962142944336,18.837828691537812,18.156811761959567,18.274641838156523,415447000
2022-08-19,17.82328987121582,18.493322839399585,17.744403196488058,18.37948673370404,441588000
2022-08-22,17.009462356567383,17.53270768486589,16.94155952049922,17.464804848797726,409593000
2022-08-23,17.156253814697266,17.43984516322094,16.94555727793766,16.96453091770443,369986000
2022-08-24,17.197195053100586,17.380930050763475,16.870666370629312,16.987496528417196,522661000
2022-08-25,17.887195587158203,17.921147004715145,16.80875145416787,16.81973528817723,770691000
2022-08-26,16.23657989501953,17.89818268593195,16.21361230728249,17.831279754143317,769127000
2022-08-29,15.778240203857422,16.314466422893805,15.744289732907449,15.996925575894142,496132000
2022-08-30,15.445720672607422,16.01589736454598,15.160132368788158,15.937011634223913,530181000
2022-08-31,15.072257995605469,15.517615662367046,14.937452225253965,15.361840232489836,573710000
2022-09-01,13.916926383972168,14.359288157443446,13.250887267454193,14.18853397404984,1178865000
2022-09-02,13.62734317779541,14.150587623662512,13.571423131666329,14.079690745301827,743157000
2022-09-06,13.44560432434082,13.759152148617861,13.331768217096759,13.711220955609713,535751000
2022-09-07,13.698315620422363,13.822174355497893,13.330736456144963,13.5474882899435,512657000
2022-09-08,13.973999977111816,13.991979993276425,13.353710852564674,13.443607123053166,624873000
2022-09-09,14.370545387268066,14.457445776957336,14.109844218200262,14.140807947475356,486612000
2022-09-12,14.488412857055664,14.530364644872812,14.18176376823684,14.352568700528598,484159000
2022-09-13,13.115982055664062,13.906077779739885,13.084019064569471,13.786215134259724,714956000
2022-09-14,13.112984657287598,13.274799067006125,12.898230418523704,13.238839991763056,588507000
2022-09-15,12.914213180541992,13.217865400833004,12.775372213905372,13.000115265517547,523625000
2022-09-16,13.182905197143555,13.196889124161244,12.602569368158692,12.72742640372154,670751000
2022-09-19,13.366694450378418,13.447602135184914,12.995120180495919,12.997117748224642,569685000
2022-09-20,13.160931587219238,13.467580662495783,13.042068193653254,13.199887497460312,524818000
2022-09-21,13.245834350585938,14.014954232937612,13.095007011890376,13.197889860840233,807679000
2022-09-22,12.54663372039795,13.133961515714864,12.413786413091321,13.055051396378376,759162000
2022-09-23,12.501686096191406,12.596577717875299,12.242982472153528,12.405796166827699,663309000
2022-09-26,12.21401596069336,12.644523785356407,12.200032031813773,12.476715686217661,547343000
2022-09-27,12.398802757263184,12.721433280792,12.243980304995283,12.492695107737486,553854000
2022-09-28,12.721434593200684,12.808334989361853,12.339871496224669,12.395807208221072,542414000
2022-09-29,12.206025123596191,12.485704640827295,11.932338310214531,12.433764063797438,532763000
2022-09-30,12.12511920928955,12.61855476348867,12.061192262595364,12.073178624637013,565638000
2022-10-03,12.497690200805664,12.663500713610109,12.091155142665752,12.332878948203971,547478000
2022-10-04,13.151944160461426,13.204884007832803,12.864273364101878,12.864273364101878,584182000
2022-10-05,13.193892478942871,13.305764849217423,12.606565630898162,12.896233919312582,507131000
2022-10-06,13.114982604980469,13.640381012464916,13.088013059620748,13.204879819401478,644157000
2022-10-07,12.062188148498535,12.655508616946014,12.008250010692723,12.490697375710603,672478000
2022-10-10,11.656654357910156,12.110134687053332,11.394953895179079,12.023234286244145,698699000
2022-10-11,11.572749137878418,11.832451043030106,11.270095239713184,11.547777159682585,667482000
2022-10-12,11.486848831176758,11.721579746970669,11.332026352784338,11.565758960846363,492590000
2022-10-13,11.946322441101074,12.064187525392592,10.800633851376169,10.95845315309276,850103000
2022-10-14,11.214159965515137,12.097148763311685,11.19118650675513,12.043210621943858,713432000
2022-10-17,11.874404907226562,11.934336712830873,11.503829830567671,11.504828138320566,580774000
2022-10-18,11.953312873840332,12.477712029429732,11.60471206188069,12.32988153915583,659362000
2022-10-19,12.037219047546387,12.3358778734089,11.820467184391672,11.865415802068567,523131000
2022-10-20,12.180054664611816,12.754396879534767,12.091155747711756,12.09914697198284,652398000
2022-10-21,12.451742172241211,12.483706114735975,11.873404857768438,12.08416302534478,609494000
2022-10-24,12.584590911865234,12.695464025751829,12.050202926324882,12.493695381871259,517457000
2022-10-25,13.245834350585938,13.284790260624495,12.64951696009475,12.679483337842468,505482000
2022-10-26,12.881251335144043,13.372688283527417,12.693466616606672,12.854282739652131,532953000
2022-10-27,13.160931587219238,13.82217518035097,13.106993440610113,13.614412865955106,583113000
2022-10-28,13.818177223205566,13.834159670293044,13.046061565540322,13.089012605993728,521040000
2022-10-31,13.48156452178955,13.822175109237515,13.281793433045827,13.762243306322553,486341000
2022-11-01,13.527510643005371,13.909073706460989,13.503537924946162,13.795203771971535,432817000
2022-11-02,13.203883171081543,14.193750080488073,13.195892898715572,13.834162104258576,672628000
2022-11-03,13.40565013885498,13.76523902211561,12.941182752282689,13.028083145048377,500065000
2022-11-04,14.139811515808105,14.212727988213533,13.681335835572494,13.970005849436946,612576000
2022-11-07,14.28464412689209,14.39551724133916,13.938041808372441,14.211727659965966,410061000
2022-11-08,14.585299491882324,14.87396851193535,14.199740339117714,14.78407129521519,595292000
2022-11-09,13.760246276855469,14.194749245388879,13.743265519316347,14.14580454084958,454414000
2022-11-10,15.731989860534668,15.754963323772765,14.530365423553512,14.783076376923939,700819000
2022-11-11,16.308330535888672,16.370259916254394,15.464297438067865,15.788925625890009,655487000
2022-11-14,16.2763614654541,16.52108206686752,15.903787966983026,16.199449875205215,527852000
2022-11-15,16.646936416625977,16.978555473985047,16.36326088303957,16.702872115333125,545876000
2022-11-16,15.891804695129395,16.343287439083888,15.854847306643538,16.143517308173692,649547000
2022-11-17,15.659071922302246,16.24739904652719,15.517234114515407,15.697028572418933,710894000
2022-11-18,15.391378402709961,15.983700649375441,15.102708397423328,15.94774061551983,492072000
2022-11-21,15.299483299255371,15.459300164906633,15.062753876386287,15.129677641354991,404739000
2022-11-22,16.019655227661133,16.039632808134733,15.104702617773174,15.3104673147673,472866000
2022-11-23,16.500110626220703,16.50810280470266,16.029650420700868,16.079592486666538,427241000
2022-11-25,16.251392364501953,16.4681432353888,16.153504874424023,16.29933780193483,167934000
2022-11-28,15.80889892578125,16.33829347076689,15.70701629565095,16.00767074262559,303741000
2022-11-29,15.621113777160645,15.913778897103128,15.502250394430199,15.808898489169126,298384000
2022-11-30,16.907970428466797,16.914964181032015,15.583147881912108,15.68305849672562,565298000
2022-12-01,17.119781494140625,17.249665193995767,16.62022557743616,16.98390260494698,470977000
2022-12-02,16.861013412475586,16.917963908869055,16.430396388248067,16.644207055618132,371389000
2022-12-05,16.59524917602539,16.97990748405333,16.45737124674866,16.664188140663757,352255000
2022-12-06,15.97280216217041,16.55828121576056,15.804951144521732,16.515320136499295,352694000
2022-12-07,16.105682373046875,16.17162373381162,15.653083725365772,15.75799095539726,372388000
2022-12-08,17.15375328063965,17.16374462857711,15.944826859373718,16.25854908651471,515456000
2022-12-09,16.98590087890625,17.56738473701974,16.959924899441535,17.144760067530523,465338000
2022-12-12,17.519426345825195,17.522423940579902,16.78208282842497,17.02186944660051,457328000
2022-12-13,18.055950164794922,18.773312896973106,17.695270719801442,18.51454214589469,656589000
2022-12-14,17.658306121826172,18.235793906965526,17.404531951309433,17.971027918416507,496888000
2022-12-15,16.93694305419922,17.304616230476075,16.6851679759373,17.130770989108214,478542000
2022-12-16,16.556283950805664,17.02586780624239,16.39542762151936,16.849024938081747,478232000
2022-12-19,16.239561080932617,16.594245272681047,16.130658653998417,16.557279390348295,354039000
2022-12-20,16.07071304321289,16.295513588505056,15.837921135341295,16.049731786029263,403260000
2022-12-21,16.486339569091797,16.612228984511415,16.087693882513552,16.099684258103085,325025000
2022-12-22,15.325377464294434,16.1236686264642,14.868783538656384,16.07970707700127,565045000
2022-12-23,15.192495346069336,15.325376644787509,14.869782259429021,15.182503998741366,349326000
2022-12-27,14.108458518981934,15.086589097423587,14.043515716090102,15.060612166832314,464902000
2022-12-28,14.023534774780273,14.249333894789332,13.871669340252495,13.91463137268626,351066000
2022-12-29,14.590031623840332,14.669960504329158,14.214366076108336,14.389210859487921,354923000
2022-12-30,14.601020812988281,14.616006880843551,14.22035868196572,14.32126881054406,310490000
2023-01-03,14.302286148071289,14.982682047498178,14.08348078348017,14.837810367489242,401277000
2023-01-04,14.73590087890625,14.839808607059629,14.228352617509586,14.554063307465187,431324000
2023-01-05,14.252330780029297,14.55106500758206,14.135434115107048,14.478129888796087,389168000
2023-01-06,14.845803260803223,14.996669173791805,14.021536170907764,14.46114496790957,405044000
2023-01-09,15.614121437072754,16.04174083826341,15.127553464181608,15.270427071771651,504231000
2023-01-10,15.894871711730957,15.947824139665439,15.458259534317742,15.493228298581526,384101000
2023-01-11,15.986787796020508,16.01376424221786,15.549177090180791,15.82593149314411,353285000
2023-01-12,16.496334075927734,16.622221609826266,15.478239131308847,16.085699840694257,551409000
2023-01-13,16.883991241455078,16.906971530423156,16.150643894020064,16.263542495863074,447287000
2023-01-17,17.686277389526367,17.712255272963468,16.883991088127484,16.883991088127484,511102000
2023-01-18,17.361570358276367,17.857128303594102,17.266653496873438,17.651311852780974,439624000
2023-01-19,16.750110626220703,17.181728085914905,16.71614233042768,17.020869863408038,452932000
2023-01-20,17.823158264160156,17.840143365009215,16.810058837010637,16.99589257194811,564967000
2023-01-23,19.17595672607422,19.227910593960342,17.802177774981764,18.047957702236456,655163000
2023-01-24,19.247886657714844,19.477683801393976,18.803282247641693,18.810275999184583,496204000
2023-01-25,19.30583953857422,19.3527986829265,18.56349935328675,18.896203804799455,449537000
2023-01-26,19.78441047668457,20.14808746569954,19.26087576369776,19.683500359889386,489535000
2023-01-27,20.346914291381836,20.609681217666772,19.387767750203274,19.444716337644525,542142000
2023-01-30,19.144983291625977,20.12211348530926,19.132992911894107,19.932283592332396,488611000
2023-01-31,19.519651412963867,19.669517828864823,18.933172787295593,19.15297673690667,498017000
2023-02-01,20.924402236938477,21.173179754180076,19.593584395695807,19.673513274993415,660477000
2023-02-02,21.689720153808594,21.929506784254198,20.681617361721663,20.981350173364984,564276000
2023-02-03,21.08125877380371,21.725686324206944,20.77053418941779,20.981347215456356,429366000
2023-02-06,21.07027244567871,21.550844283584937,20.767540124697106,20.78752282089384,452197000
2023-02-07,22.153308868408203,22.239232935371913,21.13121666091227,21.363010976269244,664150000
2023-02-08,22.185277938842773,22.85768053067308,21.988452406748905,22.36711549775643,559651000
2023-02-09,22.317163467407227,22.999557491709666,22.10035711997715,22.58592558750438,523876000
2023-02-10,21.246110916137695,22.05838850067455,20.79251561122699,21.670734556522017,550737000
2023-02-13,21.768648147583008,22.02841744596163,20.94338158194869,21.51887019594832,474919000
2023-02-14,22.950599670410156,23.028529512840443,21.347023654423356,21.5588352663049,675474000
2023-02-15,22.743783950805664,22.834702740208446,22.086369260238467,22.528974733051307,420575000
2023-02-16,21.982460021972656,22.52997175274306,21.907525869971312,22.113342288734373,412026000
2023-02-17,21.369007110595703,21.72069380435597,20.956373763969037,21.611791347619178,465888000
2023-02-21,20.636653900146484,21.474907454748386,20.599686109819366,20.98134676815922,410015000
2023-02-22,20.735570907592773,21.085260501359326,20.40286641662807,20.688613663327068,513184000
2023-02-23,23.64298439025879,23.86678639368228,23.004551924706405,23.419184292490083,1117995000
2023-02-24,23.265317916870117,23.4531525765487,22.92662020294301,23.204373176224866,589716000
2023-02-27,23.48012924194336,23.858792378976418,23.433172002016676,23.64897978549694,452994000
2023-02-28,23.195375442504883,23.803835590024388,23.185384097424375,23.35123699558317,455963000
2023-03-01,22.67784309387207,23.235348128467578,22.48801128896413,23.171403880977884,460026000
2023-03-02,23.29329490661621,23.359236279299715,22.412078207513495,22.46803013779007,389415000
2023-03-03,23.86878204345703,23.878773390868645,23.10945679106635,23.299288580577688,412393000
2023-03-06,23.533082962036133,24.226464971153543,23.46614112197271,23.869783571567154,437429000
2023-03-07,23.27126693725586,24.107665419371397,23.224299823878457,23.58304302978278,515154000
2023-03-08,24.16362953186035,24.18261688972193,23.407173347133313,23.47012781713612,513573000
2023-03-09,23.419164657592773,24.436432986839232,23.36620132941234,24.157632182310337,501257000
2023-03-10,22.94849967956543,23.61002468475085,22.709671082114248,23.392180907202604,474866000
2023-03-13,22.949499130249023,23.281261328785007,22.280981070155615,22.735654088257906,421890000
2023-03-14,24.04570960998535,24.201597655704894,23.443142246378383,23.479117583684822,474910000
2023-03-15,24.210594177246094,24.26855116568074,23.343217756211608,23.743928730018236,524486000
2023-03-16,25.52264976501465,25.56961497502834,23.876831829766417,24.00973759899107,583253000
2023-03-17,25.706520080566406,26.380035679628442,25.649559915079895,25.963335426659217,848547000
2023-03-20,25.88139533996582,26.005306818209036,25.11194798271265,25.59660021134252,432747000
2023-03-21,26.180177688598633,26.373039827669455,25.36276646397826,26.161192238077973,547408000
2023-03-22,26.448984146118164,27.569179039359145,26.218149211334993,26.406013865923246,797295000
2023-03-23,27.171464920043945,27.479244205116395,26.670825406717857,27.095519307910028,564889000
2023-03-24,26.759761810302734,27.147483566492234,26.33606661722122,27.01158158648211,454920000
2023-03-27,26.51194190979004,26.980604872002896,26.346060787962443,26.817721854374156,361026000
2023-03-28,26.391027450561523,26.493954097903753,25.831430276636002,26.4280015261845,356104000
2023-03-29,26.964616775512695,27.058549118534597,26.577895624876554,26.80573249398258,393694000
2023-03-30,27.363323211669922,27.479240987555464,27.082524988572516,27.20943454014177,364516000
2023-03-31,27.757043838500977,27.814002093547877,27.08552575743304,27.12050045894926,433933000
2023-04-03,27.94490623474121,27.979880933429747,27.316358484909628,27.489234513271896,398716000
2023-04-04,27.43327522277832,27.979883109323673,27.287380209480947,27.945907140533155,368592000
2023-04-05,26.86168670654297,26.978601316294384,26.376035833177692,26.80972402243849,515015000
2023-04-06,27.017576217651367,27.0605445928743,26.408013855590625,26.56490064896027,397654000
2023-04-10,27.559186935424805,27.601156578457452,26.64984085776074,26.80372954888045,395279000
2023-04-11,27.14948272705078,27.7700368974792,27.106512443675086,27.704084326370346,314378000
2023-04-12,26.47596549987793,27.448266020868353,26.428998382664645,27.350336855929694,446259000
2023-04-13,26.443986892700195,26.86768205467949,26.310084293892768,26.714792100143995,353615000
2023-04-14,26.7387752532959,26.863685447596264,26.201161670292343,26.48495802818626,395660000
2023-04-17,26.982601165771484,26.986598002254567,26.414009721025014,26.545914854858225,321471000
2023-04-18,27.647125244140625,28.08980780824291,27.337348466129004,27.513222631299666,604812000
2023-04-19,27.910932540893555,27.97988321134387,27.212435336818444,27.34134236619058,358660000
2023-04-20,27.08452796936035,28.00986330483547,26.980602593808353,27.651120059660737,427713000
2023-04-21,27.099515914916992,27.163471016898853,26.70280177882077,26.93263607855508,345103000
2023-04-24,27.02257537841797,27.346342052515727,26.651841580341635,26.993596880204745,339282000
2023-04-25,26.22214698791504,27.227424769103525,26.20615964157671,27.058545558051136,378527000
2023-04-26,26.93663215637207,27.310363995555466,26.685813042578094,26.98260053980685,406337000
2023-04-27,27.20644187927246,27.475249647938753,26.605873778790013,27.343344501390266,377161000
2023-04-28,27.72906494140625,27.73805734723163,27.05155063154271,27.20544122898803,292216000
2023-05-01,28.889230728149414,29.037125120699496,27.76004336563465,27.819999727596734,570329000
2023-05-02,28.189729690551758,28.8152812553003,28.06282204018928,28.659393206887817,402730000
2023-05-03,27.782026290893555,28.346620912349294,27.45226344860526,27.81999909733756,383387000
2023-05-04,27.542200088500977,27.838985705920198,27.220430905977167,27.631134947468425,321850000
2023-05-05,28.659395217895508,28.734340190712658,27.71107761966049,27.806008680953532,361494000
2023-05-08,29.130054473876953,29.199005142283028,28.329631292767775,28.501506691508787,344979000
2023-05-09,28.550474166870117,28.95218580301935,28.429562707730817,28.87823955817829,314869000
2023-05-10,28.86425018310547,29.092087035721274,28.440554984400553,28.98416291165598,369350000
2023-05-11,28.557466506958008,28.929200880631168,28.2257062150905,28.875238824459824,322149000
2023-05-12,28.319637298583984,28.759321683502982,28.025847918273,28.508500674940795,274222000
2023-05-15,28.932199478149414,28.948188731002215,28.131776222392435,28.487519468067003,293926000
2023-05-16,29.1920108795166,29.848540343495443,28.811286001539706,28.820278407031964,449405000
2023-05-17,30.15631866455078,30.177303485997825,29.408856859607813,29.562745550219454,432535000
2023-05-18,31.65523910522461,31.805130950219393,30.298215015668987,30.388150503861503,748725000
2023-05-19,31.24153709411621,31.557310036295906,30.893787555280724,31.513341024657798,473908000
2023-05-22,31.15360450744629,31.497357248904468,30.65796053218652,30.878800536037453,372000000
2023-05-23,30.665952682495117,31.26552200836537,30.608994425638024,30.977728808186782,356253000
2023-05-24,30.51605796813965,30.585008634281714,29.78458357347646,30.188292620825063,721419000
2023-05-25,37.95271301269531,39.45163534563884,36.6086781009965,38.4953221653252,1543911000
2023-05-26,38.91801834106445,39.14185643210818,37.523021390592284,37.8627772696222,714397000
2023-05-30,40.08218765258789,41.90787495219455,39.9203052702445,40.56584114605257,923401000
2023-05-31,37.80681228637695,40.26604235870074,37.79481987267266,39.45962305827401,1002580000
2023-06-01,39.74142837524414,40.02122599416547,38.312455429541636,38.461346644765726,635873000
2023-06-02,39.298744201660156,40.47090176603985,39.02993646505513,40.06819143341224,482731000
2023-06-05,39.142860412597656,39.536574551620944,38.679193055600464,38.88104760038669,396094000
2023-06-06,38.62622833251953,39.1318653148493,38.12059135018976,38.8021043858252,388729000
2023-06-07,37.45195007324219,39.47470731820112,37.33302378077641,38.891066864084394,511998000
2023-06-08,38.4863166809082,38.84009908086617,37.481937448389274,37.70080073139002,417772000
2023-06-09,38.74615478515625,39.68657409721963,38.5432805257342,39.01298885760703,427717000
2023-06-12,39.45771789550781,39.505688712065734,38.59425082216785,39.17589363712525,388701000
2023-06-13,40.996768951416016,41.075722741706215,39.715559758019225,40.16128459363338,613208000
2023-06-14,42.97055435180664,42.973550859582204,40.52705475486993,40.7988906205553,740465000
2023-06-15,42.62677001953125,43.26238049136282,42.121080670450745,42.57580269390377,568622000
2023-06-16,42.665740966796875,43.694107345246216,42.634757991858756,43.423274132181255,655709000
2023-06-20,43.78105545043945,43.96294653447216,42.647754022226124,42.97155606415184,451153000
2023-06-21,43.01852798461914,43.588180974948955,42.054125063664856,43.47424885194241,551603000
2023-06-22,42.99854278564453,43.39929334950014,42.20802885458694,42.227014364418665,417737000
2023-06-23,42.18304443359375,42.78267395605411,41.989163484276936,42.43788869619759,358140000
2023-06-26,40.60700988769531,42.73769860364241,40.07533559160771,42.434883556150716,594322000
2023-06-27,41.850242614746094,41.91420242654618,40.42312334973698,40.77390538486543,462175000
2023-06-28,41.09171676635742,41.81926974246126,40.49308608154793,40.63499705446512,582639000
2023-06-29,40.79689407348633,41.57441550067201,40.575030476017865,41.5324415126294,380514000
2023-06-30,42.27598190307617,42.52383047806392,41.47547583911563,41.65436660593907,501148000
2023-07-03,42.38691329956055,42.87161562417635,42.17604453301068,42.49084942883537,198209000
2023-07-05,42.29097366333008,43.150441505603716,42.05911410135034,42.10908258566203,323618000
2023-07-06,42.07710266113281,42.15305612625902,41.320568329955776,41.81826310309718,303582000
2023-07-07,42.47686004638672,43.187425147164426,42.154060635419896,42.29597160095548,355881000
2023-07-10,42.154052734375,42.7846650850724,41.62337734244857,42.63076049113084,353908000
2023-07-11,42.37891387939453,42.73169737637386,42.04112435772908,42.4548673424452,298244000
2023-07-12,43.875,43.907980649939184,42.750691892860374,43.006534967275904,481277000
2023-07-13,45.94872283935547,46.12661095028985,44.46463558496787,44.490620569518754,478204000
2023-07-14,45.44103240966797,48.05842086495261,45.03228360147306,46.55434556858439,772075000
2023-07-17,46.43242645263672,46.4674047762211,45.23416630159501,46.2605351552228,510488000
2023-07-18,47.46479415893555,47.866547385437194,45.70587810713597,46.6722825276782,569164000
2023-07-19,47.04804611206055,47.788591506668375,46.713253060545895,47.434809134176305,427502000
2023-07-20,45.49200439453125,47.05804198800248,45.03428589424559,46.47839687416602,537865000
2023-07-21,44.28174591064453,45.83779129900454,44.07287482183486,45.759836344927365,963769000
2023-07-24,44.584564208984375,45.081260212918075,44.01291737812117,44.70349050837734,382516000
2023-07-25,45.65090560913086,46.154593423869336,44.89537007467214,44.91336055906323,348081000
2023-07-26,45.42404556274414,46.0246776713434,44.60255251597656,45.99269585769152,364237000
2023-07-27,45.87177658081055,47.365856204169674,45.72186729424945,46.49039542528463,455976000
2023-07-28,46.72124481201172,46.998074860661916,46.35247229657418,46.63929451694762,331194000
2023-07-31,46.700260162353516,47.10101450963543,46.4773977419444,46.72524631144109,251055000
2023-08-01,46.478397369384766,46.87115722310503,45.99869303507332,46.431425390722836,237858000
2023-08-02,44.24177551269531,45.8118084916432,43.360317974364946,45.802815155111105,530142000
2023-08-03,44.48762130737305,45.0902510844573,43.77306090168559,43.77306090168559,324176000
2023-08-04,44.65251922607422,45.61392552116733,44.36569700001792,44.95733193640991,362666000
2023-08-07,45.389068603515625,45.51199405712685,44.53559371747799,45.08325703587893,322154000
2023-08-08,44.63653564453125,45.21417932294365,44.0289078220134,44.82541859681408,353843000
2023-08-09,42.527835845947266,44.28475433203125,42.10809210724688,44.246775684017756,586449000
2023-08-10,42.361934661865234,43.54720617350496,41.80927331747047,42.134074226362216,492705000
2023-08-11,40.829872131347656,41.99215885411626,40.61400537621823,41.72532096506458,533085000
2023-08-14,43.72608947753906,43.77306145616608,40.28620883934567,40.46110044875355,690286000
2023-08-15,43.9129753112793,45.24016151262856,43.68311721989351,44.5325967531205,676512000
2023-08-16,43.45925521850586,44.64752313399485,43.37930259032958,44.49261968234225,527451000
2023-08-17,43.31734085083008,44.03489771419594,42.97454951240832,43.94295524890926,452395000
2023-08-18,43.272369384765625,43.551197119018596,41.634377488176604,42.6087763040824,583768000
2023-08-21,46.938114166259766,47.03605346889401,44.19480341942979,44.46663549789338,692573000
2023-08-22,45.639915466308594,48.15736739909562,45.30512239146773,48.10539742487358,755293000
2023-08-23,47.08702850341797,47.17097648405538,45.18020082751445,45.83779715485904,779046000
2023-08-24,47.13399887084961,50.23509155550928,47.1300035262625,50.185123061708516,1156044000
2023-08-25,45.98969268798828,47.77559212974177,44.99630087254422,46.98308069108177,925341000
2023-08-28,46.80619430541992,46.951105584017796,44.860393165521366,46.453410769401096,685192000
2023-08-29,48.75399398803711,49.05081219163771,46.362464335996904,46.63729671198836,701397000
2023-08-30,49.233699798583984,49.89629021673515,48.39521512946385,49.01383389104828,735206000
2023-08-31,49.32464599609375,49.71340669835094,48.92789079334984,49.34963214592207,528570000
2023-09-01,48.47916793823242,49.76937439515169,48.11239304785446,49.73139956293517,463830000
2023-09-05,48.51814651489258,48.8209615928062,47.83056986404137,48.193345606004165,382653000
2023-09-06,47.03593063354492,48.52313691375408,46.555187876917,48.41519655177033,468670000
2023-09-07,46.21636962890625,46.31931540374203,45.12794901221637,45.500751421884246,433330000
2023-09-08,45.547725677490234,46.58117533674091,45.24688731005027,45.917531350279944,473069000
2023-09-11,45.153934478759766,46.13840655345878,44.28839467998301,46.12341515418564,473966000
2023-09-12,44.84609603881836,45.64866967224263,44.5072759274583,44.71416638761609,349256000
2023-09-13,45.46077346801758,45.905536138090774,44.47929426365029,44.57624271955083,398355000
2023-09-14,45.556724548339844,45.962506541061096,45.10696345869066,45.92552749805252,370097000
2023-09-15,43.876617431640625,45.57470992882991,43.78466356990573,45.3168479365123,506831000
2023-09-18,43.94257354736328,44.21842746450791,41.9776214721143,42.725224019236535,500271000
2023-09-19,43.4968147277832,43.94257626263728,42.97908914206893,43.80964769928678,373064000
2023-09-20,42.21649932861328,43.8796144440897,42.20050901024611,43.57677443743624,367108000
2023-09-21,40.995147705078125,42.07757095204596,40.95816866628185,41.560848076493635,450736000
2023-09-22,41.587833404541016,42.09256543967266,41.20903369546633,41.549851635477154,479236000
2023-09-25,42.19950866699219,42.51334057717651,41.15506335084768,41.5688442791152,419091000
2023-09-26,41.888671875,42.797188016120394,41.632807736435275,41.97862408142771,402282000
2023-09-27,42.44538116455078,42.84916914640304,41.60683110503987,42.30745798436906,444935000
2023-09-28,43.06604766845703,43.42285594294353,42.09256748351192,42.437381113220574,424663000
2023-09-29,43.475830078125,44.120486965591965,43.283931008082554,43.8036544788931,397830000
2023-10-02,44.75814437866211,45.150932755154926,43.83763359767802,44.0065422837391,433298000
2023-10-03,43.493812561035156,45.10595593495173,43.222957040550035,44.78412508601,470850000
2023-10-04,44.01754379272461,44.11949065629647,43.26894216682684,43.71870325591972,361821000
2023-10-05,44.6641960144043,44.87608488910876,43.86462290853571,44.026535366332816,393483000
2023-10-06,45.73762512207031,45.76461116707527,44.002549771272555,44.169460632847446,434436000
2023-10-09,45.24888229370117,45.580706172342126,44.34436559905115,44.818112127505174,409675000
2023-10-10,45.77360153198242,46.23435447098409,45.06398069826679,45.28586255016455,368582000
2023-10-11,46.781070709228516,46.834043884295625,46.02547283907055,46.171394987432684,378137000
2023-10-12,46.91999435424805,47.58364213748823,46.30532407022369,46.75208457178931,481325000
2023-10-13,45.43678283691406,47.09090386110777,45.25587949414747,46.93498491399852,474115000
2023-10-16,46.07044982910156,46.200377842615175,44.88807745493638,45.03899800446754,375099000
2023-10-17,43.91459655761719,44.730163813873276,42.457372964776205,43.97656380840458,812333000
2023-10-18,42.173519134521484,43.195976752143835,41.802718402154206,42.56830915492593,627294000
2023-10-19,42.078575134277344,43.27393718803966,41.85969002338792,42.788196012329266,501233000
2023-10-20,41.36495590209961,42.447379216014696,41.056118571974906,41.867686327831784,477266000
2023-10-23,42.952110290527344,43.2249675157508,40.92319267438126,41.20704181448495,478530000
2023-10-24,43.639739990234375,43.6737222757847,42.668261441476595,43.05405360213857,401463000
2023-10-25,41.75674057006836,43.62674594627998,41.53286088745417,43.37487749067412,398379000
2023-10-26,40.30451965332031,42.23349189998,39.858758079391365,41.830706689092274,541001000
2023-10-27,40.47842788696289,41.18405312081342,39.993685609648104,41.1080933883064,416784000
2023-10-30,41.139076232910156,41.74375354185216,40.45943810774144,41.06511814770768,388028000
2023-10-31,40.758277893066406,40.85722799874781,39.20910424104983,40.42845564545798,517969000
2023-11-01,42.302459716796875,42.35842964883917,40.847233858365946,40.86222525978218,437593000
2023-11-02,43.482826232910156,43.86062323706015,42.87115271419189,43.30491964488263,409172000
2023-11-03,44.98102569580078,45.284860788211226,43.69970715705382,43.99654982171858,424610000
2023-11-06,45.726627349853516,45.91053125245122,44.875080030821906,45.26087599010576,400733000
2023-11-07,45.93052673339844,46.19338333802338,45.13395032175861,45.694652363241545,343165000
2023-11-08,46.549190521240234,46.84203370294661,45.943510541994904,46.07544019276808,346719000
2023-11-09,46.92498779296875,48.20430464318131,46.7250935819568,47.441710649212965,540496000
2023-11-10,48.30924606323242,48.44617410629821,47.257808432323394,47.474691868582156,421245000
2023-11-13,48.59409713745117,49.089835094749,48.07337478624012,48.29425772183734,384136000
2023-11-14,49.629547119140625,49.80745370389352,49.01387793852475,49.653536408739555,416954000
2023-11-15,48.86195755004883,49.933385086001586,48.174324326387854,49.90840069125428,475497000
2023-11-16,49.45364761352539,49.498625630129254,48.30426236511625,48.65307551956687,339756000
2023-11-17,49.27174377441406,49.690519330165195,48.98089839763263,49.497621330678015,325205000
2023-11-20,50.38214874267578,50.52107463973848,49.154802228016756,49.28573296601089,414120000
2023-11-21,49.91739273071289,50.490085514630344,49.19577725200011,50.09929497773503,565747000
2023-11-22,48.69004821777344,50.30818524557121,47.66459379977652,49.825444647955656,899420000
2023-11-24,47.75054931640625,48.89493979924666,47.719563787416085,48.44417984650633,294645000
2023-11-27,48.2162971496582,48.5041419031296,47.62661135028004,47.77453130604556,395662000
2023-11-28,47.795528411865234,48.297263747956514,47.44771419292208,48.210308286887994,401491000
2023-11-29,48.114356994628906,48.73602732533338,47.834507360313225,48.353231914775776,382005000
2023-11-30,46.745086669921875,48.084373021372656,46.39727247213995,47.99841648388341,526247000
2023-12-01,46.74009323120117,47.17486293094852,46.16240194766027,46.500223185776555,369317000
2023-12-04,45.485755920410156,46.05245523122368,44.986022261895734,46.05245523122368,437543000
2023-12-05,46.5452880859375,46.57926954537756,45.25086215389837,45.44577510763007,371718000
2023-12-06,45.482757568359375,47.365922206036586,45.391798443811325,47.19399783098956,380590000
2023-12-07,46.57527542114258,46.60826168882766,45.583716069310206,45.67967404093923,350823000
2023-12-08,47.484867095947266,47.71976316440486,46.52929109899644,46.57427306314803,359224000
2023-12-11,46.606258392333984,47.509855606149344,45.809615840333315,47.46987629673305,509728000
2023-12-12,47.63580322265625,47.64479809072532,46.02551974926929,46.02551974926929,372387000
2023-12-13,48.06661605834961,48.57239155389096,47.58682997648847,47.60782054607612,447792000
2023-12-14,48.328495025634766,48.648352402006644,47.400910159356584,48.36847815093142,391232000
2023-12-15,48.86825180053711,49.38202309847893,48.09859385972537,48.17256225420351,479948000
2023-12-18,50.054725646972656,50.41056629319065,49.12813983302007,49.378028634178875,412587000
2023-12-19,49.58193588256836,49.67789385217957,48.87325161681536,49.40201564279745,464444000
2023-12-20,48.089595794677734,49.97675632400401,48.07660109022791,49.63290759810128,397894000
2023-12-21,48.96820831298828,49.073161145828394,48.3974593653526,48.78928708762263,300425000
2023-12-22,48.80828094482422,49.361032545869435,48.4454396410346,49.173116447816035,252507000
2023-12-26,49.257076263427734,49.577932603982376,48.93821793497618,48.946213796388726,244200000
2023-12-27,49.39501953125,49.65790303902093,49.06316647009429,49.48897949003526,233648000
2023-12-28,49.49997329711914,49.861811801128255,49.39002161209968,49.62092167584078,246587000
2023-12-29,49.49997329711914,49.97476431761222,48.72931630882886,49.79084423414316,389293000
2024-01-02,48.14657211303711,49.27306967783242,47.57382895982364,49.22209367645226,411254000
2024-01-03,47.54784393310547,48.16256827659866,47.29895412677383,47.463881658150314,320896000
2024-01-04,47.97665023803711,48.478425836176726,47.486866526095774,47.745750186964564,306535000
2024-01-05,49.075157165527344,49.52495772586613,48.28450871056519,48.4404413508827,415039000
2024-01-08,52.229759216308594,52.25175260438739,49.45699467108349,49.48998094020099,642510000
2024-01-09,53.116363525390625,54.300837828077086,51.66700770075754,52.377693807569635,773100000
2024-01-10,54.325828552246094,54.575717375049436,53.46521138550337,53.59215762234406,533796000
2024-01-11,54.79761505126953,55.32138406257686,53.53617913526717,54.974538278058645,596759000
2024-01-12,54.6856575012207,54.94554395725101,54.30582931625337,54.59569739151791,352994000
2024-01-16,56.3569221496582,56.80971977782299,54.8755828754699,54.99353042144443,449580000
2024-01-17,56.02806854248047,56.44588188035791,54.71565285080781,56.321936487561636,474394000
2024-01-18,57.081600189208984,57.574380958680926,56.08204493775271,57.23453202066577,491650000
2024-01-19,59.46453857421875,59.47353344222575,57.19954387364636,57.96320397314021,543501000
2024-01-22,59.62746810913086,60.30416896446509,59.043728210190025,60.02229288975706,452955000
2024-01-23,59.846370697021484,59.883352989442805,58.558941562294194,59.54350406262355,294654000
2024-01-24,61.3347053527832,62.82104343884221,59.91133896943749,60.2771772992484,560271000
2024-01-25,61.5895881652832,62.69109909282732,60.82292728649608,62.3222599605724,482777000
2024-01-26,61.00385284423828,61.75552108430859,60.546060183592516,60.93288527775175,390309000
2024-01-29,62.437217712402344,62.461205299239374,60.87991200329709,61.2047644032602,348733000
2024-01-30,62.746070861816406,63.46475275657483,62.23229959525759,62.872018069856246,410735000
2024-01-31,61.4996337890625,62.241304333932014,60.673001966523444,61.412670686118,453795000
2024-02-01,62.998966217041016,63.162894734552545,61.622579800424674,62.07237659144927,369146000
2024-02-02,66.13057708740234,66.57037619899856,63.661670658163956,63.94554473750389,476578000
2024-02-05,69.3011703491211,69.46609789244776,67.17511727638595,68.19466034985767,680078000
2024-02-06,68.19265747070312,69.72297479094898,66.27051620023909,69.59902939073692,683111000
2024-02-07,70.06781005859375,70.18875841866728,67.5699213830753,68.28860324951218,495575000
2024-02-08,69.61001586914062,70.76250278254372,69.42410160910691,70.04282188718702,414422000
2024-02-09,72.10092163085938,72.15289282978941,70.1807707609263,70.50162714005796,436637000
2024-02-12,72.21585845947266,74.57780613987647,71.2183013646698,72.5676992337477,613710000
2024-02-13,72.0959243774414,73.41733510553199,69.58904403080706,70.36869595920534,602580000
2024-02-14,73.86712646484375,74.20297552811742,71.9060012909417,73.16943892849541,504917000
2024-02-15,72.62567901611328,73.94209455962387,72.367798166515,73.83614652782032,420122000
2024-02-16,72.58069610595703,74.36890170975214,72.46874641870774,74.06703410620473,495327000
2024-02-20,69.42110443115234,71.9239882106181,67.70386644737499,71.91498953034679,704833000
2024-02-21,67.4419937133789,68.85736435043377,66.21853903151819,67.97575281438615,673755000
2024-02-22,78.50306701660156,78.54004549472725,74.18698694105572,74.9916291688298,865100000
2024-02-23,78.78194427490234,82.35734911008414,77.53549728166801,80.75406627582844,829388000
2024-02-26,79.05682373046875,80.6101333847281,78.47007920802383,79.6645473818615,503973000
2024-02-27,78.6659927368164,79.44465321768179,77.12768339613434,79.34569059981222,391705000
2024-02-28,77.62845611572266,78.89788784146795,77.09069341452309,77.5854759749912,393110000
2024-02-29,79.07681274414062,79.95442058749313,78.31515062293454,79.05882300732509,507289000
2024-03-01,82.24240112304688,82.26339550360602,79.3996643825277,79.96441550736878,479135000
2024-03-04,85.19908142089844,87.6559881507534,83.68175896782463,84.09257161789769,615616000
2024-03-05,85.92979431152344,86.0627446282655,83.38381061731276,85.23607018990775,520639000
2024-03-06,88.66470336914062,89.68829799563825,86.99536968964857,87.98697936730527,582520000
2024-03-07,92.63211822509766,92.73007879589166,89.5663374903336,90.12211596889982,608119000
2024-03-08,87.49317169189453,97.36124518073565,86.47157518241058,95.10014421389317,1142269000
2024-03-11,85.73987579345703,88.76166805142309,84.13251384848073,86.39461397312768,678364000
2024-03-12,91.87642669677734,91.92340506535315,86.11571950288663,88.01396590040753,668075000
2024-03-13,90.85183715820312,91.4675893741384,88.39981025124858,91.0187705277177,635713000
2024-03-14,87.90900421142578,90.60993246753917,86.56553726731572,89.54135761646017,602318000
2024-03-15,87.80204010009766,89.51035957614793,86.22267471383468,86.89540339171198,642086000
2024-03-18,88.4197998046875,92.3682247909847,87.05034227173738,90.35202919541369,668976000
2024-03-19,89.36243438720703,90.5079745304904,84.97617972588029,86.66550214997781,672171000
2024-03-20,90.33604431152344,90.37403120538988,88.18789728423222,89.76126851749964,479063000
2024-03-21,91.39861297607422,92.61113535282396,90.36902406254626,92.26327425898415,480372000
2024-03-22,94.2514877319336,94.74029159257357,90.79786050463842,91.10473756876755,586719000
2024-03-25,94.96418762207031,96.72748548007746,93.47278467924312,93.90361289500508,552136000
2024-03-26,92.524169921875,96.33665544167545,92.4651952874423,95.81286185029995,513648000
2024-03-27,90.21408081054688,93.20288866545509,89.08753045086448,93.074941256308,586067000
2024-03-28,90.3200454711914,91.26367004870988,89.15750627580795,89.96418433554203,435212000
2024-04-01,90.32704162597656,92.18830020895638,89.16850623304367,90.26307172974768,452441000
2024-04-02,89.4164047241211,90.05814752237067,87.58513306363145,88.41279885088287,433064000
2024-04-03,88.92859649658203,90.33803909261785,88.36482555925463,88.44879176806333,370067000
2024-04-04,85.87081146240234,90.59793338323315,85.8458198862947,90.3700196658157,434965000
2024-04-05,87.97297668457031,88.44578800690704,85.8918045734179,86.83142527427668,399678000
2024-04-08,87.09832763671875,88.79465089246293,86.69748624318682,88.66469774661466,283220000
2024-04-09,85.32002258300781,87.60012052713442,82.98895768982644,87.40719655433202,501700000
2024-04-10,87.00436401367188,87.36522041356919,83.67568736757892,83.89260387924026,431929000
2024-04-11,90.5799331665039,90.70288531208261,86.89140693093317,87.38520599271682,431637000
2024-04-12,88.15090942382812,90.13912407740513,87.49517220347197,89.66330791705667,426805000
2024-04-15,85.9667739868164,90.57693808006732,85.89480404361007,89.06254160849194,443077000
2024-04-16,87.38021850585938,88.08293408447673,86.02975814283229,86.39860698604153,370453000
2024-04-17,84.00155639648438,88.73966766585035,83.9165835166389,88.30483561683317,495400000
2024-04-18,84.63729858398438,86.15569884222671,82.36920445191043,84.93618318170097,447260000
2024-04-19,76.16968536376953,84.2904542682202,75.57592750797775,83.11692530020838,875198000
2024-04-22,79.48635864257812,80.041138120895,76.36960303384217,78.07291978914027,596341000
2024-04-23,82.39020538330078,82.73606840189474,80.23206773575617,80.73686408123375,438559000
2024-04-24,79.64530181884766,84.04854803404984,79.15149506612265,83.91659676863443,512208000
2024-04-25,82.59912109375,83.2898403812615,78.19187140737442,78.83661137961147,424641000
2024-04-26,87.7000961303711,88.29585968893673,83.35382636513968,83.78465465211839,551011000
2024-04-29,87.72207641601562,87.95697586955025,85.23206289442511,87.56013832970822,388971000
2024-04-30,86.36762237548828,88.78366050463956,86.26566558321609,87.20528638548105,363709000
2024-05-01,83.00794982910156,85.96577177323404,81.22265755025684,85.04314260728708,559863000
2024-05-02,85.78285217285156,86.20268321187375,83.16688916320159,84.41539269757547,377898000
2024-05-03,88.75366973876953,89.24547072408387,87.00536516764065,87.75406766785412,398341000
2024-05-06,92.10333251953125,92.18330251406795,89.01956110232028,89.35442687478945,376203000
2024-05-07,90.5179672241211,91.7444763476329,88.97558195332661,91.06174947211589,437342000
2024-05-08,90.37602996826172,91.15771651229316,89.38442026659783,89.44739873915937,325721000
2024-05-09,88.7116928100586,91.03576473617252,88.19589926476827,90.49298150601264,378013000
2024-05-10,89.84223175048828,91.36462830200051,89.19148983724465,90.26906377983879,335325000
2024-05-13,90.363037109375,90.9617978228875,88.49377833765243,90.44200043253207,289680000
2024-05-14,91.31964874267578,91.61452952051091,88.89860785173266,89.56334413783526,296507000
2024-05-15,94.59234619140625,94.82425614143621,91.56255392471043,92.43520767663021,417735000
2024-05-16,94.32144927978516,95.78086733108053,94.06554682786754,94.87223250076393,323952000
2024-05-17,92.44219207763672,94.70229384560606,91.76946339148994,94.33144692377931,359691000
2024-05-20,94.7422866821289,95.16211773763297,93.40282351656103,93.71269772995323,318764000
2024-05-21,95.34805297851562,95.3620473477093,93.14292933791309,93.56176136066378,328946000
2024-05-22,94.91222381591797,95.98179784206016,93.21190410961067,95.42102400934887,548648000
2024-05-23,103.75769805908203,106.27769095331759,101.47959800397635,101.98739908517513,835065000
2024-05-24,106.42664337158203,106.43263768991142,102.95902173434023,104.40744275224449,429494000
2024-05-28,113.85567474365234,114.8932636910207,109.83927594050425,110.20013234368999,652728000
2024-05-29,114.77930450439453,115.44603890128045,110.85687001297053,113.00501693328442,557442000
2024-05-30,110.45601654052734,115.77289960791074,109.61935171366478,114.60436619831644,484553000
2024-05-31,109.5893783569336,112.6721508136538,106.89744915530943,112.47522298026993,613263000
2024-06-03,114.95423889160156,114.95423889160156,111.95842981858523,113.57578982337094,438392000
2024-06-04,116.39066314697266,116.5536002983867,113.99961669436625,115.66995700688702,403324000
2024-06-05,122.39128112792969,122.40027260477018,117.42125946364868,118.32390001995762,528402000
2024-06-06,120.9498519897461,125.53702276322566,118.27291625132057,123.99863371799574,664696000
2024-06-07,120.83989715576172,121.64357808503144,117.9750402689876,119.72233818274681,412386000
2024-06-10,121.74153900146484,123.05101529403815,116.9634422493321,120.32210586929361,313434100
2024-06-11,120.871826171875,122.83120638409855,118.70250555567614,121.7315476089346,222551200
2024-06-12,125.16044616699219,126.8399157587,122.53127973185372,123.02112280489804,299595000
2024-06-13,129.56907653808594,129.75901898663975,127.11985317098477,129.34914478228376,260704500
2024-06-14,131.83836364746094,132.79805198433587,128.27949016143847,129.91897171973997,309320400
2024-06-17,130.9386444091797,133.68777621457593,129.53909250074847,132.94801960039305,288504400
2024-06-18,135.5371856689453,136.28694881895896,130.64873054101508,131.0985853802292,294335100
2024-06-20,130.73870849609375,140.71555330717922,129.47911179878915,139.75586494370089,517768400
2024-06-21,126.530029296875,130.58875234831092,124.26074951143192,127.07985865944181,649445800
2024-06-24,118.07270050048828,124.42069359285091,118.00272291214357,123.20107765857003,476060900
2024-06-25,126.0501708984375,126.46004506116948,119.28231255419921,121.16171601176531,414192600
2024-06-26,126.36009216308594,128.0795426859815,122.56128891907002,126.09017314140297,362975900
2024-06-27,123.95083618164062,126.37007763205357,122.88117444139863,124.06080204879507,252571700
2024-06-28,123.50098419189453,127.66966538119843,122.71123277650611,124.5406566516343,315516700
2024-07-01,124.26075744628906,124.80058023875378,118.79248328515592,123.43101767415311,284885500
2024-07-02,122.63126373291016,123.37103556099011,120.99178219157349,121.09174909004807,218374000
2024-07-03,128.23948669433594,128.23948669433594,121.32167392885506,121.62158223669927,215749000
2024-07-05,125.7902603149414,128.8093107644133,125.64030616479143,127.33976619453144,214176700
2024-07-08,128.1595001220703,130.72869561210538,126.99987051805138,127.44972531770834,237677300
2024-07-09,131.33851623535156,133.77774814549483,128.60936736242857,130.30884272059,285366600
2024-07-10,134.86740112304688,135.0573435645553,132.37818193596397,133.98767413246904,248978600
2024-07-11,127.35977172851562,136.10700106603016,127.00988377533271,135.70713347781276,374782700
2024-07-12,129.19918823242188,131.87833449876962,127.17982192837307,128.21948675833656,252680500
2024-07-15,128.39942932128906,131.34849439022378,127.1398252091714,130.51875474979,208326200
2024-07-16,126.3200912475586,128.99923747826654,124.54065466054338,128.39943613379464,214769500
2024-07-17,117.9527359008789,121.81151749943197,116.68314033051901,121.31167540248971,390086200
2024-07-18,121.05176544189453,122.36135703112477,116.52319688736792,121.81152762797629,320979500
2024-07-19,117.89276123046875,121.56160051418016,117.33294050381654,120.31199523005621,217223800
2024-07-22,123.50098419189453,124.03081558560177,119.82214611396347,120.31198922533628,258068900
2024-07-23,122.55128479003906,124.65062775227732,122.06144165810996,122.74122723235222,173911000
2024-07-24,114.21391296386719,119.91210950952006,113.404171251323,119.13235710085017,327776900
2024-07-25,112.24453735351562,116.59316196631043,106.26643028982559,113.00429945804284,460067000
2024-07-26,113.0242919921875,116.16329973616865,111.54476366325866,116.15330838570574,293399100
2024-07-29,111.55474853515625,116.24326955093025,111.26484684886643,113.6540913121793,248152100
2024-07-30,103.6972427368164,111.95462852357666,102.50761612898444,111.48477574142504,486833300
2024-07-31,116.98303985595703,118.30262267375933,110.84497957634794,112.86434589914217,473174200
2024-08-01,109.1755142211914,120.12206115379604,106.77627053548454,117.49288673851923,523462300
2024-08-02,107.23611450195312,108.68566108330708,101.33798416873923,103.72722865674588,482027500
2024-08-05,100.41827392578125,103.37734584261189,90.66136171396138,92.03092417423306,552842400
2024-08-06,104.21707916259766,107.67598562292382,100.51825062680557,103.80720497448247,409012100
2024-08-07,98.87876892089844,108.76564515252367,98.65883717427215,107.7759522927054,411440400
2024-08-08,104.93685150146484,105.4666829061735,97.48919964896103,101.96778821260376,391910000
2024-08-09,104.71692657470703,106.5663409363095,103.39734365230565,105.60664495883447,290844200
2024-08-12,108.9855728149414,111.03492856386595,106.22644979571741,106.28642840966148,325559900
2024-08-13,116.10331726074219,116.19329280080893,111.54475995028979,112.4044889345572,312646700
2024-08-14,118.04270935058594,118.56254176631195,114.03397366865786,118.49256417906065,339246400
2024-08-15,122.82120513916016,123.20108240094191,117.43290774825016,118.722501320516,318086700
2024-08-16,124.54065704345703,124.96052256881184,121.14172930418835,121.90149141696253,302589900
2024-08-19,129.9589385986328,129.9589385986328,123.38101510677953,124.24074407997541,318333600
2024-08-20,127.2098159790039,129.83899033787588,125.85024484050366,128.3594467212338,300087400
2024-08-21,128.4594268798828,129.30916459896468,126.62001151002669,127.27979915287139,257883600
2024-08-22,123.700927734375,130.70871650633163,123.0611304205258,129.97895127037188,376189100
2024-08-23,129.32913208007812,129.5590704147264,125.18044900805843,125.8202462463596,323230300
2024-08-26,126.42005920410156,131.21853864319473,124.33072295006603,129.52908520948145,331964700
2024-08-27,128.25949096679688,129.15920068067538,123.84088083210607,125.01051718872198,303134600
2024-08-28,125.5703353881836,128.28947768481862,122.60127203673997,128.07953728703234,448101100
2024-08-29,117.55286407470703,124.39070812333074,116.67314470453282,121.32167786502487,453023300
2024-08-30,119.33230590820312,121.71155156264531,117.18298334905096,119.49225141445028,333751600
2024-09-03,107.96588897705078,116.17329499238285,107.25611414068058,115.97336121173781,477155100
2024-09-04,106.17645263671875,113.23422029378455,104.08711642455602,105.37670989305681,372470300
2024-09-05,107.17613983154297,109.61537166703076,104.7269166457022,104.9568397355808,306850700
2024-09-06,102.79752349853516,108.11584289854254,100.91811240569285,108.00587703132368,413638100
2024-09-09,106.4363784790039,106.51635504584455,103.65725761066608,104.84687662773341,273912000
2024-09-10,108.06585693359375,109.36544940156337,104.91685028196345,107.77594760990868,268283700
2024-09-11,116.87307739257812,117.15298773367408,107.38606933752642,109.35544832921772,441422400
2024-09-12,119.11256408691406,120.76218565399151,115.35342779588602,116.81309067491064,366052700
2024-09-13,119.07256317138672,119.9323656761346,117.57290870417117,119.05257113465082,238358300
2024-09-16,116.75309753417969,118.15277655804964,114.33365683196332,116.76309736633479,248772300
2024-09-17,115.5633773803711,118.77264486908852,114.80355789094266,118.14278506866847,231925900
2024-09-18,113.3438949584961,117.67289201304244,113.19392797621738,115.86331127575549,310318900
2024-09-19,117.84285736083984,119.63244604030882,117.22299740049117,117.32297284502805,293506400
2024-09-20,115.97328186035156,118.59268114487098,115.36342175070251,117.03303527099015,382462400
2024-09-23,116.23323059082031,116.96305822001592,114.83355144756428,116.52316472695202,206228500
2024-09-24,120.8421630859375,121.77194918665968,115.35342209088209,116.4931589075561,354966800
2024-09-25,123.48155975341797,124.91123075234002,121.58199576757475,121.99189738474502,284692900
2024-09-26,124.01143646240234,127.64059778478497,121.77195443476235,126.77080301373226,302582900
2024-09-27,121.3720474243164,124.00143908292871,119.23254080039722,123.94145533963831,271009200
2024-09-30,121.41203308105469,121.47201682135709,118.12278989954673,118.28274908289889,226553700
2024-10-01,116.97305297851562,122.41180249801877,115.76333257670387,121.74195101301775,302094500
2024-10-02,118.82262420654297,119.3525009132392,115.11347963203208,116.41318325903728,221845900
2024-10-03,122.82170867919922,124.33136309340041,120.31228454416183,120.89215281287986,277118000
2024-10-04,124.89122772216797,125.01120283080023,121.80194304435166,124.91122738742537,243678100
2024-10-07,127.69059753417969,130.6099234614245,124.92123097183868,124.96122267835906,346250200
2024-10-08,132.85939025878906,133.4492507002601,129.39018829854146,130.22999115642648,285722500
2024-10-09,132.61944580078125,134.48902553025528,131.34974925411063,134.07911628828677,246191600
2024-10-10,134.77896118164062,134.96891988009384,130.9698407725355,131.8796349307713,242311300
2024-10-11,134.7689666748047,135.74873676795113,133.6292297588208,133.97914002159231,170209500
2024-10-14,138.03822326660156,139.5678698363904,136.26862645350758,136.43858548845338,232347700
2024-10-15,131.5697021484375,138.53809836462625,128.7103601195905,137.8382473516489,377831000
2024-10-16,135.68873596191406,136.58852253050404,131.5496902869071,133.94913130666296,264879700
2024-10-17,136.89846801757812,140.8575630403271,136.83848427190068,139.30791683746315,306435900
2024-10-18,137.9682159423828,138.86800255294065,137.24838055182667,138.63805979784692,176090200
2024-10-21,143.67691040039062,143.67691040039062,137.96821869705386,138.09819363983328,264554500
2024-10-22,143.55694580078125,144.3867565878425,141.74736485471627,142.8771096409394,226311600
2024-10-23,139.52786254882812,142.3971968224879,137.42835524686083,141.99729502838238,285930000
2024-10-24,140.37767028808594,141.31745626734755,138.4281223817854,140.78757953525755,172354900
2024-10-25,141.5074005126953,144.096815700832,140.76758067774944,140.89754036873228,205122100
2024-10-28,140.48765563964844,143.1070476166606,140.01776261632966,142.96708045579604,173586700
2024-10-29,141.21746826171875,142.22723015349655,138.86800339560858,140.25768265006158,157593600
2024-10-30,139.3079071044922,140.29768460484607,136.778490969974,139.50785799453917,179418100
2024-10-31,132.72943115234375,137.57832071125284,132.07958689426476,137.5683285053032,270039600
2024-11-01,135.3688201904297,137.27838410441936,134.5390247094388,134.66898440540822,207127800
2024-11-04,136.0186767578125,138.9280103748792,135.53879155204424,137.17841332242185,187528200
2024-11-05,139.87777709960938,140.33766260126754,137.29836954050154,137.41833701827767,160537400
2024-11-06,145.5764617919922,146.45626398045817,141.9273086103062,142.92707827709958,242043900
2024-11-07,148.84571838378906,148.89569466475916,146.13633577416354,146.3562863294221,207323300
2024-11-08,147.5959930419922,149.73549940640058,146.226298296804,148.73572979209249,175665800
2024-11-11,145.22654724121094,148.81573220925225,143.5369491915439,148.64575792845778,182325600
2024-11-12,148.25582885742188,149.61551613817602,145.97635536546252,146.74618223717314,198634700
2024-11-13,146.236328125,149.2956211718962,145.8664029375352,149.03568652431434,191903300
2024-11-14,146.7261962890625,148.9656859182561,145.51648348999578,147.60599851040197,194463300
2024-11-15,141.94729614257812,145.20655509140138,140.04773983599173,144.83662993296312,250132900
2024-11-18,140.11770629882812,141.51739292157006,137.11839743544738,139.46786214720512,221205300
2024-11-19,146.97613525390625,147.0961179891657,140.9575327604593,141.28745858569204,227834900
2024-11-20,145.8563995361328,147.52601308862683,142.69712365290204,147.37605373716247,309871700
2024-11-21,146.63623046875,152.85479966423284,140.6676037159947,149.3156213875326,400946600
2024-11-22,141.9173126220703,147.12611971943554,141.0675174897679,145.89639194607773,236406200
2024-11-25,135.98867797851562,142.01728800977313,135.78872709087477,141.95730426900835,344941900
2024-11-26,136.8884735107422,139.2679304177918,135.6387613125482,137.66829270199315,190287700
2024-11-27,135.30882263183594,137.1883944813901,131.7696447344509,134.97889681216265,226370900
2024-11-29,138.21817016601562,139.3179230108574,136.018679731608,136.74850738939793,141863200
2024-12-02,138.59808349609375,140.41765648435037,137.7882724501192,138.79803439240126,171682800
2024-12-03,140.2277069091797,140.50764123326277,137.91824110785586,138.22816730557096,164414000
2024-12-04,145.1065673828125,145.7564115576455,140.2576784450533,141.96729127056176,231224300
2024-12-05,145.03659057617188,146.51634749056768,143.9267690762933,145.08658555940238,172621200
2024-12-06,142.41702270507812,145.67649127950102,141.28720012508654,144.57667789545363,188505600
2024-12-09,138.78758239746094,139.92739769900004,137.10786100838232,138.9475602220375,189308600
2024-12-10,135.04820251464844,141.79711283924593,133.76839511357173,138.9875536517665,210020900
2024-12-11,139.28750610351562,140.14736786765778,135.1881771980721,137.3378239802647,184905200
2024-12-12,137.3178253173828,138.41765384511186,135.77808063488797,137.05787278188586,159211400
2024-12-13,134.22833251953125,139.5774751507731,132.51860179476702,138.91757801094644,231514900
2024-12-16,131.9786834716797,134.3782897959075,130.39893679330513,134.1583241029487,237951100
2024-12-17,130.36895751953125,131.56876081657285,126.83952839876781,129.06916425760008,259410300
2024-12-18,128.88919067382812,136.6779262372523,128.25928750759206,133.83838842708505,277444500
2024-12-19,130.6588897705078,134.00835489709178,129.52908262326224,131.73871719708123,209719200
2024-12-20,134.67825317382812,135.2581613788304,128.19930347129645,129.78904314606552,306528600
2024-12-23,139.64744567871094,139.7674214203078,135.098177315152,136.25799367167244,176053500
2024-12-24,140.19737243652344,141.8770939941236,138.6276184809867,139.97740671974344,105157000
2024-12-26,139.90740966796875,140.8272746166671,137.70776777261636,139.67745105895742,116205600
2024-12-27,136.9878692626953,138.99755443917667,134.6882528863639,138.52762911725588,170582600
2024-12-30,137.46780395507812,140.24735382720857,133.9983630613892,134.80822982362736,167734700
